summary_id,course_id,course_code,source_table,category,status,count,example_titles,example_urls
xsum-0001,,,missing_or_suspicious,capture_issue,screenshot_failed,1,,
xsum-0002,2080857,MTH-252,crosscheck_grades_tasks,grades,grades_surface_task_in_modules,40,Achieve - 1.1 Approximating Areas | Intro Reflect 1 | Achieve - 1.2 The Definite Integral,https://canvas.oregonstate.edu/courses/2080857/assignments/10586025/submissions/6660414 | https://canvas.oregonstate.edu/courses/2080857/assignments/10586044/submissions/6660414 | https://canvas.oregonstate.edu/courses/2080857/assignments/10586026/submissions/6660414
xsum-0003,2080857,MTH-252,crosscheck_modules_assignments,assignment,module_item_has_task,40,Module 1 — Written Homework (WHW 1) 🕓 2 hours | Intro Reflect 1 | Achieve - 1.1 Approximating Areas,https://canvas.oregonstate.edu/courses/2080857/assignments/10586053?module_item_id=26982549 | https://canvas.oregonstate.edu/courses/2080857/assignments/10586044?module_item_id=26982550 | https://canvas.oregonstate.edu/courses/2080857/assignments/10586025?module_item_id=26982551
xsum-0004,2080857,MTH-252,crosscheck_modules_assignments,discussion,module_item_has_task,9,Module 1 — Discussion Reflection: WHW 1 🕓 0.25 hour | Module 2 — Discussion Reflection 🕓 0.5 hour | Module 3 — Discussion Reflection: Mini-Exam 1 🕓 0.5 hour,https://canvas.oregonstate.edu/courses/2080857/discussion_topics/11593475?module_item_id=26982552 | https://canvas.oregonstate.edu/courses/2080857/discussion_topics/11593474?module_item_id=26982561 | https://canvas.oregonstate.edu/courses/2080857/discussion_topics/11593473?module_item_id=26982571
xsum-0005,2080857,MTH-252,crosscheck_modules_assignments,discussion,module_item_reference_only,1,Q&A Discussion,https://canvas.oregonstate.edu/courses/2080857/discussion_topics/11593476?module_item_id=26982539
xsum-0006,2080857,MTH-252,crosscheck_modules_assignments,external_url,module_item_external_unvisited,133,"CamScanner: Making ONE pdf with multiple pages Links to an external site. | What is Calculus? Links to an external site. | Upper, Lower, Left, and Right Sums Links to an external site.",https://youtu.be/aP78GQc9gNA | https://youtu.be/tXnYk5zLPTI | https://youtu.be/bVYrCrG0ggo
xsum-0007,2080857,MTH-252,crosscheck_modules_assignments,file,module_item_has_task,13,"Achieve Registration Process_v3.pdf | Dr. G's Lecture Notes--> Sect. 1.1 and 1.2 | Dr. G's Lecture Notes--> Weeks 1, 2",https://canvas.oregonstate.edu/courses/2080857/files/119223565?module_item_id=26982524 | https://canvas.oregonstate.edu/courses/2080857/files/119223553?module_item_id=26982546 | https://canvas.oregonstate.edu/courses/2080857/files/119223594?module_item_id=26982565
xsum-0008,2080857,MTH-252,crosscheck_modules_assignments,file,module_item_reference_only,4,WHW1-Key.pdf | WHW2-Key.pdf | WHW3-Key.pdf,https://canvas.oregonstate.edu/courses/2080857/files/119223581?module_item_id=26982502 | https://canvas.oregonstate.edu/courses/2080857/files/119223582?module_item_id=26982503 | https://canvas.oregonstate.edu/courses/2080857/files/119223584?module_item_id=26982504
xsum-0009,2080857,MTH-252,crosscheck_modules_assignments,module_item,module_item_has_task,11,OpenStax Course Online Textbook (pdf downloadable) Links to an external site. | Gradescope Submission Using Phone (no audio) | Gradescope Submission Using Computer (no audio),https://canvas.oregonstate.edu/courses/2080857/modules/items/26982526 | https://canvas.oregonstate.edu/courses/2080857/modules/items/26982529 | https://canvas.oregonstate.edu/courses/2080857/modules/items/26982530
xsum-0010,2080857,MTH-252,crosscheck_modules_assignments,module_item,module_item_reference_only,5,Website: MSLC --> Peer tutoring | Review (Optional) - 3.3 Differentiation Rules | Review (Optional) - 3.5 Derivatives of Trigonometric Functions,https://canvas.oregonstate.edu/courses/2080857/modules/items/26982535 | https://canvas.oregonstate.edu/courses/2080857/modules/items/26982540 | https://canvas.oregonstate.edu/courses/2080857/modules/items/26982541
xsum-0011,2080857,MTH-252,crosscheck_modules_assignments,module_subheader,module_item_reference_only,3,Gradescope Submissions - Students are held accountable for verifying submissions 8 | Videos below: Show what verifying subs looks like. 9 | Retake - Only ONE retake submission is permitted. 1,https://canvas.oregonstate.edu/courses/2080857/modules
xsum-0012,2080857,MTH-252,crosscheck_modules_assignments,page,module_item_has_task,29,Start Here — Overview | Syllabus and Calendar (as of 7/05) --> Both Sections 400 and 401 | Get your MTH 252Z Course Materials! (Access Code + Ebook),https://canvas.oregonstate.edu/courses/2080857/pages/start-here-overview?module_item_id=26982519 | https://canvas.oregonstate.edu/courses/2080857/pages/syllabus-and-calendar-as-of-7-slash-05-%3E-both-sections-400-and-401?module_item_id=26982522 | https://canvas.oregonstate.edu/courses/2080857/pages/get-your-mth-252z-course-materials-access-code-+-ebook?module_item_id=26990499
xsum-0013,2080857,MTH-252,crosscheck_modules_assignments,page,module_item_important_reference,1,Start Here — Instructor Information & Communication Policy,https://canvas.oregonstate.edu/courses/2080857/pages/start-here-instructor-information-and-communication-policy?module_item_id=26982520
xsum-0014,2080857,MTH-252,crosscheck_modules_assignments,page,module_item_reference_only,13,Start Here — Where to go for help? | Start Here — Accessibility Statements & Privacy Policies | Start Here — Conclusion,https://canvas.oregonstate.edu/courses/2080857/pages/start-here-where-to-go-for-help?module_item_id=26982531 | https://canvas.oregonstate.edu/courses/2080857/pages/start-here-accessibility-statements-and-privacy-policies?module_item_id=26982532 | https://canvas.oregonstate.edu/courses/2080857/pages/start-here-conclusion?module_item_id=26982534
xsum-0015,2080857,MTH-252,crosscheck_modules_assignments,quiz,module_item_has_task,16,Pre-Class Reading Quiz - 1.1 (RQ-1.1) | Pre-Class Reading Quiz - 1.2 (RQ-1.2) | Pre-Class Reading Quiz - 1.3 (RQ-1.3),https://canvas.oregonstate.edu/courses/2080857/quizzes/3167659?module_item_id=26982548 | https://canvas.oregonstate.edu/courses/2080857/quizzes/3167658?module_item_id=26982557 | https://canvas.oregonstate.edu/courses/2080857/quizzes/3167655?module_item_id=26982567
xsum-0016,2080857,MTH-252,missing_or_suspicious,capture_issue,external_tool,65,Gradescope Submission Using Phone (no audio) | Gradescope Submission Using Computer (no audio) | Review (Optional) - 3.3 Differentiation Rules,https://canvas.oregonstate.edu/courses/2080857/modules/items/26982529 | https://canvas.oregonstate.edu/courses/2080857/modules/items/26982530 | https://canvas.oregonstate.edu/courses/2080857/modules/items/26982540
xsum-0017,2080857,MTH-252,missing_or_suspicious,download_not_read,indexed_not_read,34,U2-SG-Partial-Key.pdf | IVP-Wksht1.pdf | WHW5-Template.pdf,https://canvas.oregonstate.edu/courses/2080857/files/119223585/download?download_frd=1 | https://canvas.oregonstate.edu/courses/1918585/files/99187575/download?download_frd=1 | https://canvas.oregonstate.edu/courses/2080857/files/119223503/download?download_frd=1
xsum-0018,2080857,MTH-252,missing_or_suspicious,graded_task_missing_due,missing_due_text,23,Topic: ME1 (mini-exam 1) graded | Topic: Module 1 — Discussion Reflection: WHW 1 🕓 0.25 hour | Topic: Module 2 — Discussion Reflection 🕓 0.5 hour,https://canvas.oregonstate.edu/courses/2080857/discussion_topics/11611410 | https://canvas.oregonstate.edu/courses/2080857/discussion_topics/11593475?module_item_id=26982552|https://canvas.oregonstate.edu/courses/2080857/discussion_topics/11593475|https://canvas.oregonstate.edu/courses/2080857/modules | https://canvas.oregonstate.edu/courses/2080857/discussion_topics/11593474?module_item_id=26982561|https://canvas.oregonstate.edu/courses/2080857/discussion_topics/11593474|https://canvas.oregonstate.edu/courses/2080857/modules
xsum-0019,2080857,MTH-252,missing_or_suspicious,module_crosscheck,module_item_external_unvisited,133,"CamScanner: Making ONE pdf with multiple pages Links to an external site. | What is Calculus? Links to an external site. | Upper, Lower, Left, and Right Sums Links to an external site.",https://youtu.be/aP78GQc9gNA | https://youtu.be/tXnYk5zLPTI | https://youtu.be/bVYrCrG0ggo
xsum-0020,2080857,MTH-252,missing_or_suspicious,review_queue,download_not_read,4,IVP-Wksht1.pdf | U2-SG-Partial-Key.pdf | WHW4-Template.pdf,https://canvas.oregonstate.edu/courses/1918585/files/99187575/download?download_frd=1 | https://canvas.oregonstate.edu/courses/2080857/files/119223585/download?download_frd=1 | https://canvas.oregonstate.edu/courses/2080857/files/119223525/download?download_frd=1
xsum-0021,2080857,MTH-252,missing_or_suspicious,review_queue,external_surface,133,"Application: Area under curve: Distance Links to an external site. | Application: Area under the graph, table Links to an external site. | Application: Average value of investment Links to an external site.",https://youtu.be/DZZd1qo1n2A | https://youtu.be/_lNM3EZhByw | https://youtu.be/80fxxec6ihM
xsum-0022,2080857,MTH-252,missing_or_suspicious,task_without_module,critical_setup,15,Syllabus for INTEGRAL CALCULUS (MTH_252Z_400_U2026) | 252-Lecture-3.1-to-ME3.pdf | Achieve Registration Process_v3.pdf,https://canvas.oregonstate.edu/courses/2080857/assignments/syllabus | https://canvas.oregonstate.edu/courses/2080857/files/119223561/download?download_frd=1|https://canvas.oregonstate.edu/courses/2080857/files/119223561?module_item_id=26982588|https://canvas.oregonstate.edu/courses/2080857/files/119223561?module_item_id=26982599|https://canvas.oregonstate.edu/courses/2080857/files/119223561?module_item_id=26982588#|https://canvas.oregonstate.edu/courses/2080857/files/119223561?module_item_id=26982599# | https://canvas.oregonstate.edu/courses/2080857/files/119223565/download?download_frd=1|https://canvas.oregonstate.edu/courses/2080857/files/119223565?module_item_id=26982524|https://canvas.oregonstate.edu/courses/2080857/files/119223565?module_item_id=26982524#
xsum-0023,2080857,MTH-252,missing_or_suspicious,task_without_module,graded_task,1,Topic: ME1 (mini-exam 1) graded,https://canvas.oregonstate.edu/courses/2080857/discussion_topics/11611410
xsum-0024,2080857,MTH-252,missing_or_suspicious,task_without_module,lecture_video,4,"252-Lecture-2.5-to-ME5 pages 5 - 8, 13 - 17, 19, 20-1-1.pdf | Download | ME2-W26-Template-1.pdf",https://canvas.oregonstate.edu/courses/2080857/files/119223617/download?download_frd=1|https://canvas.oregonstate.edu/courses/2080857/pages/dr-gs-videos-%3E-2-dot-5?module_item_id=26982634|https://canvas.oregonstate.edu/courses/2080857/files/119223617?wrap=1 | https://canvas.oregonstate.edu/courses/2080857/files/119223618/download?download_frd=1|https://canvas.oregonstate.edu/courses/2080857/pages/dr-gs-videos-%3E-3-dot-7?module_item_id=26982645|https://canvas.oregonstate.edu/courses/2080857/files/119223618?wrap=1|https://canvas.oregonstate.edu/courses/2080857/pages/dr-gs-videos-%3E-3-dot-7?module_item_id=26982645# | https://canvas.oregonstate.edu/courses/2080857/files/119223588/download?download_frd=1|https://canvas.oregonstate.edu/courses/2080857/assignments/10586048?module_item_id=26982585|https://canvas.oregonstate.edu/courses/2080857/files/119223588?wrap=1|https://canvas.oregonstate.edu/courses/2080857/assignments/10586048?module_item_id=26982585#
xsum-0025,2080857,MTH-252,missing_or_suspicious,task_without_module,prep_reading,3,252-Lecture-1.1-to-ME1.pdf | 252-Lecture-1.3-to-ME2.pdf | MLC Hours.pdf,https://canvas.oregonstate.edu/courses/2080857/files/119223553/download?download_frd=1|https://canvas.oregonstate.edu/courses/2080857/files/119223553?module_item_id=26982546|https://canvas.oregonstate.edu/courses/2080857/files/119223553?module_item_id=26982555|https://canvas.oregonstate.edu/courses/2080857/files/119223553?module_item_id=26982546# | https://canvas.oregonstate.edu/courses/2080857/files/119223594/download?download_frd=1|https://canvas.oregonstate.edu/courses/2080857/files/119223594?module_item_id=26982565|https://canvas.oregonstate.edu/courses/2080857/files/119223594?module_item_id=26982574|https://canvas.oregonstate.edu/courses/2080857/files/119223594?module_item_id=26982565#|https://canvas.oregonstate.edu/courses/2080857/files/119223594?module_item_id=26982574# | https://canvas.oregonstate.edu/courses/2080857/files/119223484/download?download_frd=1|https://canvas.oregonstate.edu/courses/2080857/files/119223484?module_item_id=26982536|https://canvas.oregonstate.edu/courses/2080857/files/119223484?module_item_id=26982536#
xsum-0026,2053263,MTH-253,crosscheck_grades_tasks,grades,grades_surface_task_in_modules,15,"Unit 1 - Written Homework Assignment | Week 1 Web Homework: Infinity and Limits, Indeterminates, Improper Integrals | Week 2 Web Homework: Sequences",https://canvas.oregonstate.edu/courses/2053263/assignments/10553179/submissions/6660414 | https://canvas.oregonstate.edu/courses/2053263/assignments/10584258/submissions/6660414 | https://canvas.oregonstate.edu/courses/2053263/assignments/10584372/submissions/6660414
xsum-0027,2053263,MTH-253,crosscheck_modules_assignments,assignment,module_item_has_task,15,"Unit 1 - Written Homework Assignment | Week 1 Web Homework: Infinity and Limits, Indeterminates, Improper Integrals | Week 2 Web Homework: Sequences",https://canvas.oregonstate.edu/courses/2053263/assignments/10553179?module_item_id=26885537 | https://canvas.oregonstate.edu/courses/2053263/assignments/10584258?module_item_id=26977416 | https://canvas.oregonstate.edu/courses/2053263/assignments/10584372?module_item_id=26977767
xsum-0028,2053263,MTH-253,crosscheck_modules_assignments,discussion,module_item_has_task,4,Unit 1 - Q&A Discussion Board (Optional) | Unit 1 Discussion Board - Submitted in Week 1 (Required) | Unit 3 Discussion Board - Submitted in Week 6 (Required),https://canvas.oregonstate.edu/courses/2053263/discussion_topics/11558490?module_item_id=26885531 | https://canvas.oregonstate.edu/courses/2053263/discussion_topics/11558498?module_item_id=26885532 | https://canvas.oregonstate.edu/courses/2053263/discussion_topics/11558497?module_item_id=26885558
xsum-0029,2053263,MTH-253,crosscheck_modules_assignments,discussion,module_item_reference_only,6,General Q&A Discussion | Unit 2 - Q&A Discussion Board (Optional) | Unit 3 - Q&A Discussion Board (Optional),https://canvas.oregonstate.edu/courses/2053263/discussion_topics/11558499?module_item_id=26885524 | https://canvas.oregonstate.edu/courses/2053263/discussion_topics/11558491?module_item_id=26885544 | https://canvas.oregonstate.edu/courses/2053263/discussion_topics/11558492?module_item_id=26885557
xsum-0030,2053263,MTH-253,crosscheck_modules_assignments,file,module_item_has_task,2,MTH 253 - Final Exam Practice Problems.pdf | MTH 253 - Final Exam Practice Problems - Answers.pdf,https://canvas.oregonstate.edu/courses/2053263/files/118558956?module_item_id=26885598 | https://canvas.oregonstate.edu/courses/2053263/files/118558944?module_item_id=26885599
xsum-0031,2053263,MTH-253,crosscheck_modules_assignments,module_subheader,module_item_reference_only,14,4 | 9 | 11,https://canvas.oregonstate.edu/courses/2053263/modules
xsum-0032,2053263,MTH-253,crosscheck_modules_assignments,page,module_item_has_task,11,Start Here - Syllabus | Get your MTH 253Z Course Materials! (Access Code + Ebook) | Start Here - Sources Cited,https://canvas.oregonstate.edu/courses/2053263/pages/start-here-syllabus?module_item_id=26885520 | https://canvas.oregonstate.edu/courses/2053263/pages/get-your-mth-253z-course-materials-access-code-+-ebook-2?module_item_id=26885521 | https://canvas.oregonstate.edu/courses/2053263/pages/start-here-sources-cited?module_item_id=26885526
xsum-0033,2053263,MTH-253,crosscheck_modules_assignments,page,module_item_important_reference,1,Start Here: On the use of AI and academic honesty,https://canvas.oregonstate.edu/courses/2053263/pages/start-here-on-the-use-of-ai-and-academic-honesty?module_item_id=26977675
xsum-0034,2053263,MTH-253,crosscheck_modules_assignments,page,module_item_reference_only,8,Start Here - Overview | Start Here - Instructor Information & Communication Policy | Start Here - Where to go for help?,https://canvas.oregonstate.edu/courses/2053263/pages/start-here-overview?module_item_id=26885519 | https://canvas.oregonstate.edu/courses/2053263/pages/start-here-instructor-information-and-communication-policy?module_item_id=26885522 | https://canvas.oregonstate.edu/courses/2053263/pages/start-here-where-to-go-for-help?module_item_id=26885523
xsum-0035,2053263,MTH-253,crosscheck_modules_assignments,quiz,module_item_has_task,6,Practice Quiz (take it before attempting Quiz 1!) | Unit 1 Quiz | Unit 2 Quiz,https://canvas.oregonstate.edu/courses/2053263/quizzes/3166971?module_item_id=26982050 | https://canvas.oregonstate.edu/courses/2053263/quizzes/3159593?module_item_id=26885539 | https://canvas.oregonstate.edu/courses/2053263/quizzes/3159592?module_item_id=26885552
xsum-0036,2053263,MTH-253,missing_or_suspicious,capture_issue,external_tool,36,"Unit 1 - Learning Materials: SEQUENCES AND SERIES (MTH_253Z_400_U2026) | Week 1 Web Homework: Infinity and Limits, Indeterminates, Improper Integrals | Unit 2 - Learning Materials: SEQUENCES AND SERIES (MTH_253Z_400_U2026)",https://canvas.oregonstate.edu/courses/2053263/pages/unit-1-learning-materials?module_item_id=26885530 | https://canvas.oregonstate.edu/courses/2053263/assignments/10584258?module_item_id=26977416 | https://canvas.oregonstate.edu/courses/2053263/pages/unit-2-learning-materials?module_item_id=26885543
xsum-0037,2053263,MTH-253,missing_or_suspicious,download_not_read,indexed_not_read,48,Practice-Quiz.pdf | Introduction to Sequences | Recursive Sequences,https://canvas.oregonstate.edu/users/6660414/files/119294133/download?verifier=gGJq5JBGLXpWU66mkaU77iU27kEJcXVFbCpDi73N&download_frd=1 | https://canvas.oregonstate.edu/courses/2053263/files/118558743/download?download_frd=1 | https://canvas.oregonstate.edu/courses/2053263/files/118558950/download?download_frd=1
xsum-0038,2053263,MTH-253,missing_or_suspicious,graded_task_missing_due,missing_due_text,9,Topic: Unit 1 Discussion Board - Submitted in Week 1 (Required) | Topic: Unit 3 Discussion Board - Submitted in Week 6 (Required) | Topic: Unit 4 Discussion Board - Submitted in Week 9 (Required),https://canvas.oregonstate.edu/courses/2053263/discussion_topics/11558498?module_item_id=26885532|https://canvas.oregonstate.edu/courses/2053263/discussion_topics/11558498|https://canvas.oregonstate.edu/courses/2053263/modules | https://canvas.oregonstate.edu/courses/2053263/discussion_topics/11558497?module_item_id=26885558|https://canvas.oregonstate.edu/courses/2053263/discussion_topics/11558497|https://canvas.oregonstate.edu/courses/2053263/modules | https://canvas.oregonstate.edu/courses/2053263/discussion_topics/11558496?module_item_id=26885573|https://canvas.oregonstate.edu/courses/2053263/discussion_topics/11558496|https://canvas.oregonstate.edu/courses/2053263/modules
xsum-0039,2053263,MTH-253,missing_or_suspicious,review_queue,download_not_read,18,Absolute and Conditional Convergence | Convergence or Divergence of a Sequence | Divergence Test,https://canvas.oregonstate.edu/courses/2053263/files/118558970/download?download_frd=1 | https://canvas.oregonstate.edu/courses/2053263/files/118558844/download?download_frd=1 | https://canvas.oregonstate.edu/courses/2053263/files/118558959/download?download_frd=1
xsum-0040,2053263,MTH-253,missing_or_suspicious,task_without_module,critical_setup,5,Syllabus for SEQUENCES AND SERIES (MTH_253Z_400_U2026) | Download | Unit #3 Written Homework.pdf,https://canvas.oregonstate.edu/courses/2053263/assignments/syllabus | https://canvas.oregonstate.edu/courses/2053263/files/118558899/download?download_frd=1|https://canvas.oregonstate.edu/courses/2053263/pages/start-here-syllabus?module_item_id=26885520|https://canvas.oregonstate.edu/courses/2053263/pages/start-here-syllabus?module_item_id=26885520#|https://canvas.oregonstate.edu/courses/2053263/files/118558899?wrap=1 | https://canvas.oregonstate.edu/courses/2053263/files/118558872/download?download_frd=1|https://canvas.oregonstate.edu/courses/2053263/assignments/10553180?module_item_id=26885550|https://canvas.oregonstate.edu/courses/2053263/assignments/10553180|https://canvas.oregonstate.edu/courses/2053263/files/118558872?wrap=1|https://canvas.oregonstate.edu/courses/2053263/assignments/10553180?module_item_id=26885550#
xsum-0041,2053263,MTH-253,missing_or_suspicious,task_without_module,prep_reading,7,Evaluating Limits | Improper Integrals | Infinite Limits,https://canvas.oregonstate.edu/courses/2053263/files/118558936/download?download_frd=1|https://canvas.oregonstate.edu/courses/2053263/pages/unit-1-learning-materials?module_item_id=26885530|https://canvas.oregonstate.edu/courses/2053263/files/118558936?wrap=1 | https://canvas.oregonstate.edu/courses/2053263/files/118558963/download?download_frd=1|https://canvas.oregonstate.edu/courses/2053263/pages/unit-1-learning-materials?module_item_id=26885530|https://canvas.oregonstate.edu/courses/2053263/files/118558963?wrap=1 | https://canvas.oregonstate.edu/courses/2053263/files/118558848/download?download_frd=1|https://canvas.oregonstate.edu/courses/2053263/pages/unit-1-learning-materials?module_item_id=26885530|https://canvas.oregonstate.edu/courses/2053263/files/118558848?wrap=1
xsum-0042,2053526,PHY-212,crosscheck_grades_tasks,grades,grades_surface_task_not_in_modules,30,Lab 1 Report | M2-1pre | Quiz 1 Notes,https://canvas.oregonstate.edu/courses/2053526/assignments/10557057/submissions/6660414 | https://canvas.oregonstate.edu/courses/2053526/assignments/10557070/submissions/6660414 | https://canvas.oregonstate.edu/courses/2053526/assignments/10557097/submissions/6660414
xsum-0043,2053526,PHY-212,crosscheck_modules_assignments,discussion,module_item_reference_only,1,General Discussion & FAQs,https://canvas.oregonstate.edu/courses/2053526/discussion_topics/11563815?module_item_id=26896950
xsum-0044,2053526,PHY-212,crosscheck_modules_assignments,file,module_item_has_task,1,Syllabus,https://canvas.oregonstate.edu/courses/2053526/files/119369072?module_item_id=26992777
xsum-0045,2053526,PHY-212,crosscheck_modules_assignments,file,module_item_reference_only,2,About Lab Structure and TA Meetings | First day overview,https://canvas.oregonstate.edu/courses/2053526/files/119307451?module_item_id=27007746 | https://canvas.oregonstate.edu/courses/2053526/files/119256249?module_item_id=26997777
xsum-0046,2053526,PHY-212,crosscheck_modules_assignments,page,module_item_has_task,28,Sources Cited | Get your PH 211 Course Materials! | Scanned text on reserve at library,https://canvas.oregonstate.edu/courses/2053526/pages/sources-cited?module_item_id=26896934 | https://canvas.oregonstate.edu/courses/2053526/pages/get-your-ph-211-course-materials-2?module_item_id=26992779 | https://canvas.oregonstate.edu/courses/2053526/pages/scanned-text-on-reserve-at-library?module_item_id=26896945
xsum-0047,2053526,PHY-212,crosscheck_modules_assignments,page,module_item_important_reference,4,PH 211 Instructional videos | Scanned text on reserve at the library | Scanning Resources,https://canvas.oregonstate.edu/courses/2053526/pages/ph-211-instructional-videos?module_item_id=26896951 | https://canvas.oregonstate.edu/courses/2053526/pages/scanned-text-on-reserve-at-the-library?module_item_id=26896954 | https://canvas.oregonstate.edu/courses/2053526/pages/scanning-resources-2?module_item_id=26896956
xsum-0048,2053526,PHY-212,crosscheck_modules_assignments,page,module_item_reference_only,20,Start Here - Overview | Instructor Information & Communication Policy | Where to go for help?,https://canvas.oregonstate.edu/courses/2053526/pages/start-here-overview?module_item_id=26896930 | https://canvas.oregonstate.edu/courses/2053526/pages/instructor-information-and-communication-policy?module_item_id=26896931 | https://canvas.oregonstate.edu/courses/2053526/pages/where-to-go-for-help?module_item_id=26896932
xsum-0049,2053526,PHY-212,crosscheck_modules_assignments,quiz,module_item_has_task,5,Proctorio practice quiz (Remotely Proctored) | Lab Partner Values Survey | Lab Collaboration Contract,https://canvas.oregonstate.edu/courses/2053526/quizzes/3160506?module_item_id=26896961 | https://canvas.oregonstate.edu/courses/2053526/quizzes/3160536?module_item_id=26896963 | https://canvas.oregonstate.edu/courses/2053526/quizzes/3160479?module_item_id=26942495
xsum-0050,2053526,PHY-212,missing_or_suspicious,capture_issue,external_tool,10,Start Here - Overview: GENERAL PHYSICS WITH CALCULUS (PH_212_400_U2026) | Excel Skills Handout: GENERAL PHYSICS WITH CALCULUS (PH_212_400_U2026) | Quiz 1 Notes,https://canvas.oregonstate.edu/courses/2053526/pages/start-here-overview?module_item_id=26896930 | https://canvas.oregonstate.edu/courses/2053526/pages/excel-skills-handout-2?module_item_id=26896976 | https://canvas.oregonstate.edu/courses/2053526/assignments/10557097
xsum-0051,2053526,PHY-212,missing_or_suspicious,capture_issue,unauthorized,18,Unauthorized,https://canvas.oregonstate.edu/courses/2053526/assignments/10557112 | https://canvas.oregonstate.edu/courses/2053526/assignments/10556985 | https://canvas.oregonstate.edu/courses/2053526/assignments/10556981
xsum-0052,2053526,PHY-212,missing_or_suspicious,download_not_read,indexed_not_read,44,syllabus_U2026.pdf | Lab Structure and TA Meetings.pdf | Quiz 1 practice,https://canvas.oregonstate.edu/courses/2053526/files/119369072/download?download_frd=1 | https://canvas.oregonstate.edu/courses/2053526/files/119307451/download?download_frd=1 | https://canvas.oregonstate.edu/courses/2053526/files/118705966/download?download_frd=1
xsum-0053,2053526,PHY-212,missing_or_suspicious,graded_task_missing_due,missing_due_text,67,M2-1pre | Quiz 1 Notes | Quiz 1A_asy_work,https://canvas.oregonstate.edu/courses/2053526/assignments/10557070|https://canvas.oregonstate.edu/courses/2053526/grades | https://canvas.oregonstate.edu/courses/2053526/assignments/10557097|https://canvas.oregonstate.edu/courses/2053526/grades | https://canvas.oregonstate.edu/courses/2053526/assignments/10557100|https://canvas.oregonstate.edu/courses/2053526/grades
xsum-0054,2053526,PHY-212,missing_or_suspicious,grades_surface_crosscheck,grades_surface_task_not_in_modules,30,Lab 1 Report | M2-1pre | Quiz 1 Notes,https://canvas.oregonstate.edu/courses/2053526/assignments/10557057/submissions/6660414 | https://canvas.oregonstate.edu/courses/2053526/assignments/10557070/submissions/6660414 | https://canvas.oregonstate.edu/courses/2053526/assignments/10557097/submissions/6660414
xsum-0055,2053526,PHY-212,missing_or_suspicious,review_queue,blocked_or_broken,18,M4-1asy | M4-2asy | M5-1asy,https://canvas.oregonstate.edu/courses/2053526/assignments/10556985 | https://canvas.oregonstate.edu/courses/2053526/assignments/10556981 | https://canvas.oregonstate.edu/courses/2053526/assignments/10556976
xsum-0056,2053526,PHY-212,missing_or_suspicious,review_queue,capture_failed,1,,https://canvas.oregonstate.edu/courses/2053526/assignments/10557032
xsum-0057,2053526,PHY-212,missing_or_suspicious,review_queue,download_not_read,9,Lab Structure and TA Meetings.pdf | M1-2.pdf | M1-3.pdf,https://canvas.oregonstate.edu/courses/2053526/files/119307451/download?download_frd=1 | https://canvas.oregonstate.edu/files/119356772/download | https://canvas.oregonstate.edu/files/119358414/download
xsum-0058,2053526,PHY-212,missing_or_suspicious,task_without_module,blocked_or_broken,18,M4-1asy | M4-2asy | M5-1asy,https://canvas.oregonstate.edu/courses/2053526/assignments/10556985 | https://canvas.oregonstate.edu/courses/2053526/assignments/10556981 | https://canvas.oregonstate.edu/courses/2053526/assignments/10556976
xsum-0059,2053526,PHY-212,missing_or_suspicious,task_without_module,critical_setup,16,Syllabus for GENERAL PHYSICS WITH CALCULUS (PH_212_400_U2026) | CamScanner | first day overview.pdf,https://canvas.oregonstate.edu/courses/2053526/assignments/syllabus | https://canvas.oregonstate.edu/courses/2053526/files/118705530/download?wrap=1|https://canvas.oregonstate.edu/courses/2053526/pages/gradescope?module_item_id=26896946 | https://canvas.oregonstate.edu/courses/2053526/files/119256249/download?download_frd=1|https://canvas.oregonstate.edu/courses/2053526/files/119256249?module_item_id=26997777|https://canvas.oregonstate.edu/courses/2053526/files/119256249?module_item_id=26997777#
xsum-0060,2053526,PHY-212,missing_or_suspicious,task_without_module,graded_task,81,Capstone Lab Week 1 Group Report | Capstone Lab Week 2 Group Report | Lab 1 Report,https://canvas.oregonstate.edu/courses/2053526/assignments/10557047|https://canvas.oregonstate.edu/courses/2053526/grades | https://canvas.oregonstate.edu/courses/2053526/assignments/10557046|https://canvas.oregonstate.edu/courses/2053526/grades | https://canvas.oregonstate.edu/courses/2053526/assignments/10557057|https://canvas.oregonstate.edu/courses/2053526/grades
xsum-0061,2053526,PHY-212,missing_or_suspicious,task_without_module,lecture_video,1,Simple Pendulum Instructions: GENERAL PHYSICS WITH CALCULUS (PH_212_400_U2026),https://canvas.oregonstate.edu/courses/2053526/pages/simple-pendulum-instructions
