course_id,course_code,surface_type,evidence_id,source_page_id,source_url,source_title,object_id,object_type,object_title,target_url,in_modules,module_ids,module_titles,module_item_ids,has_task,task_id,task_type,due_text,available_text,points_text,surface_due_text,surface_available_text,surface_points_text,classification_category,confidence,crosscheck_status,detail
2080857,MTH-252,grades,ev-01555,00004-mth-252-grades-grades-for-jacob-peterson-integral-calculus-mth-252z-400-u2026,https://canvas.oregonstate.edu/courses/2080857/grades,Achieve - 1.1 Approximating Areas,obj-mth-252-assignment-10586025,assignment,Achieve - 1.1 Approximating Areas,https://canvas.oregonstate.edu/courses/2080857/assignments/10586025/submissions/6660414,yes,mod-mth-252-005-module-1-intro-to-riemann-sums-upper-lower-left-right-and-midpoint-riemann-sums,"Module 1: Intro to Riemann Sums: Upper, Lower, Left, Right, and Midpoint Riemann Sums",mi-mth-252-26982551,yes,task-00002-mth-252-graded-task-achieve-1-1-approximating-areas,graded_task,Jun 29 by 11:59pm,,5,Jun 29 by 11:59pm,,,graded_task,high,grades_surface_task_in_modules,cells=Achieve - 1.1 Approximating Areas Achieve | Jun 29 by 11:59pm |  |  | Click to test a different score Click to test a different score 93.75 / 100 93.75 93.75 93.75 graded 3252097 10586025 |  | Grade Info See scoring details See rubric results 0 comments 0 | ; text=Achieve - 1.1 Approximating Areas Achieve Jun 29 by 11:59pm Click to test a different score Click to test a different score 93.75 / 100 93.75 93.75 93.75 graded 3252097 10586025 Grade Info See scoring details See rubric results 0 comments 0
2080857,MTH-252,grades,ev-01556,00004-mth-252-grades-grades-for-jacob-peterson-integral-calculus-mth-252z-400-u2026,https://canvas.oregonstate.edu/courses/2080857/grades,Intro Reflect 1,obj-mth-252-assignment-10586044,assignment,Intro Reflect 1,https://canvas.oregonstate.edu/courses/2080857/assignments/10586044/submissions/6660414,yes,mod-mth-252-005-module-1-intro-to-riemann-sums-upper-lower-left-right-and-midpoint-riemann-sums,"Module 1: Intro to Riemann Sums: Upper, Lower, Left, Right, and Midpoint Riemann Sums",mi-mth-252-26982550,yes,task-00020-mth-252-graded-task-intro-reflect-1,graded_task,Jun 29 by 11:59pm,,5,Jun 29 by 11:59pm,,,graded_task,high,grades_surface_task_in_modules,cells=Intro Reflect 1 Achieve | Jun 29 by 11:59pm |  |  | Click to test a different score Click to test a different score 91 / 100 91.0 91 91 graded 3252097 10586044 |  | Grade Info See scoring details See rubric results 0 comments 0 | ; text=Intro Reflect 1 Achieve Jun 29 by 11:59pm Click to test a different score Click to test a different score 91 / 100 91.0 91 91 graded 3252097 10586044 Grade Info See scoring details See rubric results 0 comments 0
2080857,MTH-252,grades,ev-01557,00004-mth-252-grades-grades-for-jacob-peterson-integral-calculus-mth-252z-400-u2026,https://canvas.oregonstate.edu/courses/2080857/grades,Achieve - 1.2 The Definite Integral,obj-mth-252-assignment-10586026,assignment,Achieve - 1.2 The Definite Integral,https://canvas.oregonstate.edu/courses/2080857/assignments/10586026/submissions/6660414,yes,mod-mth-252-006-module-2-intro-to-definite-integral-and-properties,Module 2: Intro to Definite Integral and Properties,mi-mth-252-26982560,yes,task-00003-mth-252-graded-task-achieve-1-2-the-definite-integral,graded_task,Jul 6 by 11:59pm,,5,Jul 6 by 11:59pm,,,graded_task,high,grades_surface_task_in_modules,cells=Achieve - 1.2 The Definite Integral Achieve | Jul 6 by 11:59pm |  |  | Click to test a different score Click to test a different score 82 / 100 82.0 82 82 graded 3252097 10586026 |  | Grade Info See scoring details See rubric results 0 comments 0 | ; text=Achieve - 1.2 The Definite Integral Achieve Jul 6 by 11:59pm Click to test a different score Click to test a different score 82 / 100 82.0 82 82 graded 3252097 10586026 Grade Info See scoring details See rubric results 0 comments 0
2080857,MTH-252,grades,ev-01558,00004-mth-252-grades-grades-for-jacob-peterson-integral-calculus-mth-252z-400-u2026,https://canvas.oregonstate.edu/courses/2080857/grades,Module 2 — Written Homework (WHW 2) 🕓 3 hours,obj-mth-252-assignment-10586055,assignment,Module 2 — Written Homework (WHW 2) 🕓 3 hours,https://canvas.oregonstate.edu/courses/2080857/assignments/10586055/submissions/6660414,yes,mod-mth-252-006-module-2-intro-to-definite-integral-and-properties,Module 2: Intro to Definite Integral and Properties,mi-mth-252-26982558,yes,task-00031-mth-252-graded-task-module-2-written-homework-whw-2-3-hours,graded_task,Jul 6 by 11:59pm,,5,Jul 6 by 11:59pm,,,graded_task,high,grades_surface_task_in_modules,cells=Module 2 — Written Homework (WHW 2) 🕓 3 hours Written Homework (WHWs) | Jul 6 by 11:59pm |  |  | Click to test a different score Click to test a different score - unsubmitted 3252098 10586055 |  | Grade Info See scoring details See rubric results 0 comments 0 | ; text=Module 2 — Written Homework (WHW 2) 🕓 3 hours Written Homework (WHWs) Jul 6 by 11:59pm Click to test a different score Click to test a different score - unsubmitted 3252098 10586055 Grade Info See scoring details See rubric results 0 comments 0
2080857,MTH-252,grades,ev-01559,00004-mth-252-grades-grades-for-jacob-peterson-integral-calculus-mth-252z-400-u2026,https://canvas.oregonstate.edu/courses/2080857/grades,Module 1 — Written Homework (WHW 1) 🕓 2 hours,obj-mth-252-assignment-10586053,assignment,Module 1 — Written Homework (WHW 1) 🕓 2 hours,https://canvas.oregonstate.edu/courses/2080857/assignments/10586053/submissions/6660414,yes,mod-mth-252-005-module-1-intro-to-riemann-sums-upper-lower-left-right-and-midpoint-riemann-sums,"Module 1: Intro to Riemann Sums: Upper, Lower, Left, Right, and Midpoint Riemann Sums",mi-mth-252-26982549,yes,task-00029-mth-252-graded-task-module-1-written-homework-whw-1-2-hours,graded_task,Jul 6 by 11:59pm,,5,Jul 6 by 11:59pm,,,graded_task,high,grades_surface_task_in_modules,cells=Module 1 — Written Homework (WHW 1) 🕓 2 hours Written Homework (WHWs) | Jul 6 by 11:59pm |  |  | Click to test a different score Click to test a different score - unsubmitted 3252098 10586053 |  | Grade Info See scoring details See rubric results 0 comments 0 | ; text=Module 1 — Written Homework (WHW 1) 🕓 2 hours Written Homework (WHWs) Jul 6 by 11:59pm Click to test a different score Click to test a different score - unsubmitted 3252098 10586053 Grade Info See scoring details See rubric results 0 comments 0
2080857,MTH-252,grades,ev-01560,00004-mth-252-grades-grades-for-jacob-peterson-integral-calculus-mth-252z-400-u2026,https://canvas.oregonstate.edu/courses/2080857/grades,Mini-Exam 1 - Tues - Thur (No late submissions),obj-mth-252-assignment-10586045,assignment,Mini-Exam 1 - Tues - Thur (No late submissions),https://canvas.oregonstate.edu/courses/2080857/assignments/10586045/submissions/6660414,yes,mod-mth-252-007-mini-exam-1-available-tuesday-thursday-of-week-3,Mini-Exam 1: Available Tuesday - Thursday of Week 3,mi-mth-252-26982562,yes,task-00022-mth-252-graded-task-mini-exam-1-tues-thur-no-late-submissions,graded_task,Jul 9 by 11:59pm,,5,Jul 9 by 11:59pm,,,graded_task,high,grades_surface_task_in_modules,cells=Mini-Exam 1 - Tues - Thur (No late submissions) Mini-Exams 1 | Jul 9 by 11:59pm |  |  | Click to test a different score Click to test a different score 100% 50.0 50 50 graded 3252101 10586045 |  | Grade Info See scoring details See rubric results 0 comments 0 | ; text=Mini-Exam 1 - Tues - Thur (No late submissions) Mini-Exams 1 Jul 9 by 11:59pm Click to test a different score Click to test a different score 100% 50.0 50 50 graded 3252101 10586045 Grade Info See scoring details See rubric results 0 comments 0
2080857,MTH-252,grades,ev-01561,00004-mth-252-grades-grades-for-jacob-peterson-integral-calculus-mth-252z-400-u2026,https://canvas.oregonstate.edu/courses/2080857/grades,Reflection 2,obj-mth-252-assignment-10586063,assignment,Reflection 2,https://canvas.oregonstate.edu/courses/2080857/assignments/10586063/submissions/6660414,yes,mod-mth-252-006-module-2-intro-to-definite-integral-and-properties,Module 2: Intro to Definite Integral and Properties,mi-mth-252-26982559,yes,task-00039-mth-252-graded-task-reflection-2,graded_task,Jul 9 by 11:59pm,,5,Jul 9 by 11:59pm,,,graded_task,high,grades_surface_task_in_modules,cells=Reflection 2 Achieve | Jul 9 by 11:59pm |  |  | Click to test a different score Click to test a different score 91 / 100 91.0 91 91 graded 3252097 10586063 |  | Grade Info See scoring details See rubric results 0 comments 0 | ; text=Reflection 2 Achieve Jul 9 by 11:59pm Click to test a different score Click to test a different score 91 / 100 91.0 91 91 graded 3252097 10586063 Grade Info See scoring details See rubric results 0 comments 0
2080857,MTH-252,grades,ev-01562,00004-mth-252-grades-grades-for-jacob-peterson-integral-calculus-mth-252z-400-u2026,https://canvas.oregonstate.edu/courses/2080857/grades,Achieve - 1.3 The Fundamental Theorem of Calculus,obj-mth-252-assignment-10586027,assignment,Achieve - 1.3 The Fundamental Theorem of Calculus,https://canvas.oregonstate.edu/courses/2080857/assignments/10586027/submissions/6660414,yes,mod-mth-252-008-module-3-the-fundamental-theorems-of-calculus,Module 3: The Fundamental Theorems of Calculus,mi-mth-252-26982569,yes,task-00004-mth-252-graded-task-achieve-1-3-the-fundamental-theorem-of-calculus,graded_task,Jul 13 by 11:59pm,,5,Jul 13 by 11:59pm,,,graded_task,high,grades_surface_task_in_modules,cells=Achieve - 1.3 The Fundamental Theorem of Calculus Achieve | Jul 13 by 11:59pm |  |  | Click to test a different score Click to test a different score 100 / 100 100.0 100 100 graded 3252097 10586027 |  | Grade Info See scoring details See rubric results 0 comments 0 | ; text=Achieve - 1.3 The Fundamental Theorem of Calculus Achieve Jul 13 by 11:59pm Click to test a different score Click to test a different score 100 / 100 100.0 100 100 graded 3252097 10586027 Grade Info See scoring details See rubric results 0 comments 0
2080857,MTH-252,grades,ev-01563,00004-mth-252-grades-grades-for-jacob-peterson-integral-calculus-mth-252z-400-u2026,https://canvas.oregonstate.edu/courses/2080857/grades,Achieve - 4.10 Antiderivatives,obj-mth-252-assignment-10586042,assignment,Achieve - 4.10 Antiderivatives,https://canvas.oregonstate.edu/courses/2080857/assignments/10586042/submissions/6660414,yes,mod-mth-252-008-module-3-the-fundamental-theorems-of-calculus,Module 3: The Fundamental Theorems of Calculus,mi-mth-252-26982570,yes,task-00018-mth-252-graded-task-achieve-4-10-antiderivatives,graded_task,Jul 13 by 11:59pm,,5,Jul 13 by 11:59pm,,,graded_task,high,grades_surface_task_in_modules,cells=Achieve - 4.10 Antiderivatives Achieve | Jul 13 by 11:59pm |  |  | Click to test a different score Click to test a different score 100 / 100 100.0 100 100 graded 3252097 10586042 |  | Grade Info See scoring details See rubric results 0 comments 0 | ; text=Achieve - 4.10 Antiderivatives Achieve Jul 13 by 11:59pm Click to test a different score Click to test a different score 100 / 100 100.0 100 100 graded 3252097 10586042 Grade Info See scoring details See rubric results 0 comments 0
2080857,MTH-252,grades,ev-01564,00004-mth-252-grades-grades-for-jacob-peterson-integral-calculus-mth-252z-400-u2026,https://canvas.oregonstate.edu/courses/2080857/grades,Module 3 — Written Homework (WHW 3) 🕓 3 hours,obj-mth-252-assignment-10586056,assignment,Module 3 — Written Homework (WHW 3) 🕓 3 hours,https://canvas.oregonstate.edu/courses/2080857/assignments/10586056/submissions/6660414,yes,mod-mth-252-008-module-3-the-fundamental-theorems-of-calculus,Module 3: The Fundamental Theorems of Calculus,mi-mth-252-26982568,yes,task-00032-mth-252-graded-task-module-3-written-homework-whw-3-3-hours,graded_task,Jul 14 by 11:59pm,,5,Jul 14 by 11:59pm,,,graded_task,high,grades_surface_task_in_modules,cells=Module 3 — Written Homework (WHW 3) 🕓 3 hours Written Homework (WHWs) | Jul 14 by 11:59pm |  |  | Click to test a different score Click to test a different score - unsubmitted 3252098 10586056 |  | Grade Info See scoring details See rubric results 0 comments 0 | ; text=Module 3 — Written Homework (WHW 3) 🕓 3 hours Written Homework (WHWs) Jul 14 by 11:59pm Click to test a different score Click to test a different score - unsubmitted 3252098 10586056 Grade Info See scoring details See rubric results 0 comments 0
2080857,MTH-252,grades,ev-01565,00004-mth-252-grades-grades-for-jacob-peterson-integral-calculus-mth-252z-400-u2026,https://canvas.oregonstate.edu/courses/2080857/grades,Achieve - 1.4 Integration Formulas and the Net Change Theorem,obj-mth-252-assignment-10586028,assignment,Achieve - 1.4 Integration Formulas and the Net Change Theorem,https://canvas.oregonstate.edu/courses/2080857/assignments/10586028/submissions/6660414,yes,mod-mth-252-009-module-4-introduction-to-applications,Module 4: Introduction to Applications,mi-mth-252-26982581,yes,task-00005-mth-252-graded-task-achieve-1-4-integration-formulas-and-the-net-change-theorem,graded_task,Jul 20 by 11:59pm,,5,Jul 20 by 11:59pm,,100,graded_task,high,grades_surface_task_in_modules,cells=Achieve - 1.4 Integration Formulas and the Net Change Theorem Achieve | Jul 20 by 11:59pm |  |  | Click to test a different score Click to test a different score - / 100 unsubmitted 3252097 10586028 |  | Grade Info See scoring details See rubric results 0 comments 0 | ; text=Achieve - 1.4 Integration Formulas and the Net Change Theorem Achieve Jul 20 by 11:59pm Click to test a different score Click to test a different score - / 100 unsubmitted 3252097 10586028 Grade Info See scoring details See rubric results 0 comments 0
2080857,MTH-252,grades,ev-01566,00004-mth-252-grades-grades-for-jacob-peterson-integral-calculus-mth-252z-400-u2026,https://canvas.oregonstate.edu/courses/2080857/grades,Achieve - 1.5 Substitution,obj-mth-252-assignment-10586029,assignment,Achieve - 1.5 Substitution,https://canvas.oregonstate.edu/courses/2080857/assignments/10586029/submissions/6660414,yes,mod-mth-252-009-module-4-introduction-to-applications,Module 4: Introduction to Applications,mi-mth-252-26982582,yes,task-00006-mth-252-graded-task-achieve-1-5-substitution,graded_task,Jul 20 by 11:59pm,,5,Jul 20 by 11:59pm,,100,graded_task,high,grades_surface_task_in_modules,cells=Achieve - 1.5 Substitution Achieve | Jul 20 by 11:59pm |  |  | Click to test a different score Click to test a different score - / 100 unsubmitted 3252097 10586029 |  | Grade Info See scoring details See rubric results 0 comments 0 | ; text=Achieve - 1.5 Substitution Achieve Jul 20 by 11:59pm Click to test a different score Click to test a different score - / 100 unsubmitted 3252097 10586029 Grade Info See scoring details See rubric results 0 comments 0
2080857,MTH-252,grades,ev-01567,00004-mth-252-grades-grades-for-jacob-peterson-integral-calculus-mth-252z-400-u2026,https://canvas.oregonstate.edu/courses/2080857/grades,Achieve - 1.6 Integrals Involving Exponential and Logarithmic Functions,obj-mth-252-assignment-10586030,assignment,Achieve - 1.6 Integrals Involving Exponential and Logarithmic Functions,https://canvas.oregonstate.edu/courses/2080857/assignments/10586030/submissions/6660414,yes,mod-mth-252-009-module-4-introduction-to-applications,Module 4: Introduction to Applications,mi-mth-252-26982583,yes,task-00007-mth-252-graded-task-achieve-1-6-integrals-involving-exponential-and-logarithmic-functions,graded_task,Jul 20 by 11:59pm,,5,Jul 20 by 11:59pm,,100,graded_task,high,grades_surface_task_in_modules,cells=Achieve - 1.6 Integrals Involving Exponential and Logarithmic Functions Achieve | Jul 20 by 11:59pm |  |  | Click to test a different score Click to test a different score - / 100 unsubmitted 3252097 10586030 |  | Grade Info See scoring details See rubric results 0 comments 0 | ; text=Achieve - 1.6 Integrals Involving Exponential and Logarithmic Functions Achieve Jul 20 by 11:59pm Click to test a different score Click to test a different score - / 100 unsubmitted 3252097 10586030 Grade Info See scoring details See rubric results 0 comments 0
2080857,MTH-252,grades,ev-01568,00004-mth-252-grades-grades-for-jacob-peterson-integral-calculus-mth-252z-400-u2026,https://canvas.oregonstate.edu/courses/2080857/grades,Module 4 — Written Homework (WHW 4) 🕓 3 hours,obj-mth-252-assignment-10586057,assignment,Module 4 — Written Homework (WHW 4) 🕓 3 hours,https://canvas.oregonstate.edu/courses/2080857/assignments/10586057/submissions/6660414,yes,mod-mth-252-009-module-4-introduction-to-applications,Module 4: Introduction to Applications,mi-mth-252-26982580,yes,task-00033-mth-252-graded-task-module-4-written-homework-whw-4-3-hours,graded_task,Jul 20 by 11:59pm,,1.5,Jul 20 by 11:59pm,,,graded_task,high,grades_surface_task_in_modules,cells=Module 4 — Written Homework (WHW 4) 🕓 3 hours Written Homework (WHWs) | Jul 20 by 11:59pm |  |  | Click to test a different score Click to test a different score - unsubmitted 3252098 10586057 |  | Grade Info See scoring details See rubric results 0 comments 0 | ; text=Module 4 — Written Homework (WHW 4) 🕓 3 hours Written Homework (WHWs) Jul 20 by 11:59pm Click to test a different score Click to test a different score - unsubmitted 3252098 10586057 Grade Info See scoring details See rubric results 0 comments 0
2080857,MTH-252,grades,ev-01569,00004-mth-252-grades-grades-for-jacob-peterson-integral-calculus-mth-252z-400-u2026,https://canvas.oregonstate.edu/courses/2080857/grades,Mini-Exam 2 --> No Calculators on this Exam,obj-mth-252-assignment-10586048,assignment,Mini-Exam 2 --> No Calculators on this Exam,https://canvas.oregonstate.edu/courses/2080857/assignments/10586048/submissions/6660414,yes,mod-mth-252-010-mini-exam-2-available-tuesday-thursday-of-week-5,Mini-Exam 2: Available Tuesday - Thursday of Week 5,mi-mth-252-26982585,yes,task-00024-mth-252-graded-task-mini-exam-2-no-calculators-on-this-exam,graded_task,Jul 23 by 11:59pm,,5,Jul 23 by 11:59pm,,,graded_task,high,grades_surface_task_in_modules,cells=Mini-Exam 2 --> No Calculators on this Exam Mini-Exams 2 | Jul 23 by 11:59pm |  |  | Click to test a different score Click to test a different score - unsubmitted 3252102 10586048 |  | Grade Info See scoring details See rubric results 0 comments 0 | ; text=Mini-Exam 2 --> No Calculators on this Exam Mini-Exams 2 Jul 23 by 11:59pm Click to test a different score Click to test a different score - unsubmitted 3252102 10586048 Grade Info See scoring details See rubric results 0 comments 0
2080857,MTH-252,grades,ev-01570,00004-mth-252-grades-grades-for-jacob-peterson-integral-calculus-mth-252z-400-u2026,https://canvas.oregonstate.edu/courses/2080857/grades,Achieve - 3.1 Integration by Parts,obj-mth-252-assignment-10586037,assignment,Achieve - 3.1 Integration by Parts,https://canvas.oregonstate.edu/courses/2080857/assignments/10586037/submissions/6660414,yes,mod-mth-252-011-module-5-techniques-to-solve-integrals,Module 5: Techniques to Solve Integrals,mi-mth-252-26982595,yes,task-00013-mth-252-graded-task-achieve-3-1-integration-by-parts,graded_task,Jul 27 by 11:59pm,,5,Jul 27 by 11:59pm,,100,graded_task,high,grades_surface_task_in_modules,cells=Achieve - 3.1 Integration by Parts Achieve | Jul 27 by 11:59pm |  |  | Click to test a different score Click to test a different score - / 100 unsubmitted 3252097 10586037 |  | Grade Info See scoring details See rubric results 0 comments 0 | ; text=Achieve - 3.1 Integration by Parts Achieve Jul 27 by 11:59pm Click to test a different score Click to test a different score - / 100 unsubmitted 3252097 10586037 Grade Info See scoring details See rubric results 0 comments 0
2080857,MTH-252,grades,ev-01571,00004-mth-252-grades-grades-for-jacob-peterson-integral-calculus-mth-252z-400-u2026,https://canvas.oregonstate.edu/courses/2080857/grades,Achieve - 3.2 Trigonometric Integrals,obj-mth-252-assignment-10586038,assignment,Achieve - 3.2 Trigonometric Integrals,https://canvas.oregonstate.edu/courses/2080857/assignments/10586038/submissions/6660414,yes,mod-mth-252-011-module-5-techniques-to-solve-integrals,Module 5: Techniques to Solve Integrals,mi-mth-252-26982596,yes,task-00014-mth-252-graded-task-achieve-3-2-trigonometric-integrals,graded_task,Jul 27 by 11:59pm,,5,Jul 27 by 11:59pm,,100,graded_task,high,grades_surface_task_in_modules,cells=Achieve - 3.2 Trigonometric Integrals Achieve | Jul 27 by 11:59pm |  |  | Click to test a different score Click to test a different score - / 100 unsubmitted 3252097 10586038 |  | Grade Info See scoring details See rubric results 0 comments 0 | ; text=Achieve - 3.2 Trigonometric Integrals Achieve Jul 27 by 11:59pm Click to test a different score Click to test a different score - / 100 unsubmitted 3252097 10586038 Grade Info See scoring details See rubric results 0 comments 0
2080857,MTH-252,grades,ev-01572,00004-mth-252-grades-grades-for-jacob-peterson-integral-calculus-mth-252z-400-u2026,https://canvas.oregonstate.edu/courses/2080857/grades,Module 5 — Written Homework (WHW 5) 🕓 3 hours,obj-mth-252-assignment-10586058,assignment,Module 5 — Written Homework (WHW 5) 🕓 3 hours,https://canvas.oregonstate.edu/courses/2080857/assignments/10586058/submissions/6660414,yes,mod-mth-252-011-module-5-techniques-to-solve-integrals,Module 5: Techniques to Solve Integrals,mi-mth-252-26982594,yes,task-00034-mth-252-graded-task-module-5-written-homework-whw-5-3-hours,graded_task,Jul 27 by 11:59pm,,1.5,Jul 27 by 11:59pm,,,graded_task,high,grades_surface_task_in_modules,cells=Module 5 — Written Homework (WHW 5) 🕓 3 hours Written Homework (WHWs) | Jul 27 by 11:59pm |  |  | Click to test a different score Click to test a different score - unsubmitted 3252098 10586058 |  | Grade Info See scoring details See rubric results 0 comments 0 | ; text=Module 5 — Written Homework (WHW 5) 🕓 3 hours Written Homework (WHWs) Jul 27 by 11:59pm Click to test a different score Click to test a different score - unsubmitted 3252098 10586058 Grade Info See scoring details See rubric results 0 comments 0
2080857,MTH-252,grades,ev-01573,00004-mth-252-grades-grades-for-jacob-peterson-integral-calculus-mth-252z-400-u2026,https://canvas.oregonstate.edu/courses/2080857/grades,Achieve - 3.3 Trigonometric Substitution,obj-mth-252-assignment-10586039,assignment,Achieve - 3.3 Trigonometric Substitution,https://canvas.oregonstate.edu/courses/2080857/assignments/10586039/submissions/6660414,yes,mod-mth-252-012-module-6-techniques-continued,Module 6: Techniques Continued,mi-mth-252-26982605,yes,task-00015-mth-252-graded-task-achieve-3-3-trigonometric-substitution,graded_task,Aug 3 by 11:59pm,,5,Aug 3 by 11:59pm,,100,graded_task,high,grades_surface_task_in_modules,cells=Achieve - 3.3 Trigonometric Substitution Achieve | Aug 3 by 11:59pm |  |  | Click to test a different score Click to test a different score - / 100 unsubmitted 3252097 10586039 |  | Grade Info See scoring details See rubric results 0 comments 0 | ; text=Achieve - 3.3 Trigonometric Substitution Achieve Aug 3 by 11:59pm Click to test a different score Click to test a different score - / 100 unsubmitted 3252097 10586039 Grade Info See scoring details See rubric results 0 comments 0
2080857,MTH-252,grades,ev-01574,00004-mth-252-grades-grades-for-jacob-peterson-integral-calculus-mth-252z-400-u2026,https://canvas.oregonstate.edu/courses/2080857/grades,Achieve - 3.4 Partial Fractions,obj-mth-252-assignment-10586040,assignment,Achieve - 3.4 Partial Fractions,https://canvas.oregonstate.edu/courses/2080857/assignments/10586040/submissions/6660414,yes,mod-mth-252-012-module-6-techniques-continued,Module 6: Techniques Continued,mi-mth-252-26982606,yes,task-00016-mth-252-graded-task-achieve-3-4-partial-fractions,graded_task,Aug 3 by 11:59pm,,5,Aug 3 by 11:59pm,,100,graded_task,high,grades_surface_task_in_modules,cells=Achieve - 3.4 Partial Fractions Achieve | Aug 3 by 11:59pm |  |  | Click to test a different score Click to test a different score - / 100 unsubmitted 3252097 10586040 |  | Grade Info See scoring details See rubric results 0 comments 0 | ; text=Achieve - 3.4 Partial Fractions Achieve Aug 3 by 11:59pm Click to test a different score Click to test a different score - / 100 unsubmitted 3252097 10586040 Grade Info See scoring details See rubric results 0 comments 0
2080857,MTH-252,grades,ev-01575,00004-mth-252-grades-grades-for-jacob-peterson-integral-calculus-mth-252z-400-u2026,https://canvas.oregonstate.edu/courses/2080857/grades,Module 6 — Written Homework (WHW 6) 🕓 3 hours,obj-mth-252-assignment-10586059,assignment,Module 6 — Written Homework (WHW 6) 🕓 3 hours,https://canvas.oregonstate.edu/courses/2080857/assignments/10586059/submissions/6660414,yes,mod-mth-252-012-module-6-techniques-continued,Module 6: Techniques Continued,mi-mth-252-26982603,yes,task-00035-mth-252-graded-task-module-6-written-homework-whw-6-3-hours,graded_task,Aug 3 by 11:59pm,,5,Aug 3 by 11:59pm,,,graded_task,high,grades_surface_task_in_modules,cells=Module 6 — Written Homework (WHW 6) 🕓 3 hours Written Homework (WHWs) | Aug 3 by 11:59pm |  |  | Click to test a different score Click to test a different score - unsubmitted 3252098 10586059 |  | Grade Info See scoring details See rubric results 0 comments 0 | ; text=Module 6 — Written Homework (WHW 6) 🕓 3 hours Written Homework (WHWs) Aug 3 by 11:59pm Click to test a different score Click to test a different score - unsubmitted 3252098 10586059 Grade Info See scoring details See rubric results 0 comments 0
2080857,MTH-252,grades,ev-01576,00004-mth-252-grades-grades-for-jacob-peterson-integral-calculus-mth-252z-400-u2026,https://canvas.oregonstate.edu/courses/2080857/grades,Mini-Exam 3 --> Tuesday to Thursday,obj-mth-252-assignment-10586050,assignment,Mini-Exam 3 --> Tuesday to Thursday,https://canvas.oregonstate.edu/courses/2080857/assignments/10586050/submissions/6660414,yes,mod-mth-252-013-mini-exam-3-available-tuesday-thursday-of-week-7,Mini-Exam 3: Available Tuesday - Thursday of Week 7,mi-mth-252-26982607,yes,task-00026-mth-252-graded-task-mini-exam-3-tuesday-to-thursday,graded_task,Aug 6 by 11:59pm,,5,Aug 6 by 11:59pm,,,graded_task,high,grades_surface_task_in_modules,cells=Mini-Exam 3 --> Tuesday to Thursday Mini-Exams 3 | Aug 6 by 11:59pm |  |  | Click to test a different score Click to test a different score - unsubmitted 3252103 10586050 |  | Grade Info See scoring details See rubric results 0 comments 0 | ; text=Mini-Exam 3 --> Tuesday to Thursday Mini-Exams 3 Aug 6 by 11:59pm Click to test a different score Click to test a different score - unsubmitted 3252103 10586050 Grade Info See scoring details See rubric results 0 comments 0
2080857,MTH-252,grades,ev-01577,00004-mth-252-grades-grades-for-jacob-peterson-integral-calculus-mth-252z-400-u2026,https://canvas.oregonstate.edu/courses/2080857/grades,Achieve - 2.1 Areas between Curves,obj-mth-252-assignment-10586031,assignment,Achieve - 2.1 Areas between Curves,https://canvas.oregonstate.edu/courses/2080857/assignments/10586031/submissions/6660414,yes,mod-mth-252-014-module-7-applications-of-integration-graphical,Module 7: Applications of Integration - Graphical,mi-mth-252-26982615,yes,task-00008-mth-252-graded-task-achieve-2-1-areas-between-curves,graded_task,Aug 10 by 11:59pm,,5,Aug 10 by 11:59pm,,100,graded_task,high,grades_surface_task_in_modules,cells=Achieve - 2.1 Areas between Curves Achieve | Aug 10 by 11:59pm |  |  | Click to test a different score Click to test a different score - / 100 unsubmitted 3252097 10586031 |  | Grade Info See scoring details See rubric results 0 comments 0 | ; text=Achieve - 2.1 Areas between Curves Achieve Aug 10 by 11:59pm Click to test a different score Click to test a different score - / 100 unsubmitted 3252097 10586031 Grade Info See scoring details See rubric results 0 comments 0
2080857,MTH-252,grades,ev-01578,00004-mth-252-grades-grades-for-jacob-peterson-integral-calculus-mth-252z-400-u2026,https://canvas.oregonstate.edu/courses/2080857/grades,Achieve - 2.2 Volumes by Slicing and Disc/Washer Method,obj-mth-252-assignment-10586032,assignment,Achieve - 2.2 Volumes by Slicing and Disc/Washer Method,https://canvas.oregonstate.edu/courses/2080857/assignments/10586032/submissions/6660414,yes,mod-mth-252-014-module-7-applications-of-integration-graphical,Module 7: Applications of Integration - Graphical,mi-mth-252-26982616,yes,task-00009-mth-252-graded-task-achieve-2-2-volumes-by-slicing-and-disc-washer-method,graded_task,Aug 10 by 11:59pm,,5,Aug 10 by 11:59pm,,100,graded_task,high,grades_surface_task_in_modules,cells=Achieve - 2.2 Volumes by Slicing and Disc/Washer Method Achieve | Aug 10 by 11:59pm |  |  | Click to test a different score Click to test a different score - / 100 unsubmitted 3252097 10586032 |  | Grade Info See scoring details See rubric results 0 comments 0 | ; text=Achieve - 2.2 Volumes by Slicing and Disc/Washer Method Achieve Aug 10 by 11:59pm Click to test a different score Click to test a different score - / 100 unsubmitted 3252097 10586032 Grade Info See scoring details See rubric results 0 comments 0
2080857,MTH-252,grades,ev-01579,00004-mth-252-grades-grades-for-jacob-peterson-integral-calculus-mth-252z-400-u2026,https://canvas.oregonstate.edu/courses/2080857/grades,Module 7 — Written Homework (WHW 7) 🕓 3 hours,obj-mth-252-assignment-10586060,assignment,Module 7 — Written Homework (WHW 7) 🕓 3 hours,https://canvas.oregonstate.edu/courses/2080857/assignments/10586060/submissions/6660414,yes,mod-mth-252-014-module-7-applications-of-integration-graphical,Module 7: Applications of Integration - Graphical,mi-mth-252-26982617,yes,task-00036-mth-252-graded-task-module-7-written-homework-whw-7-3-hours,graded_task,Aug 10 by 11:59pm,,5,Aug 10 by 11:59pm,,,graded_task,high,grades_surface_task_in_modules,cells=Module 7 — Written Homework (WHW 7) 🕓 3 hours Written Homework (WHWs) | Aug 10 by 11:59pm |  |  | Click to test a different score Click to test a different score - unsubmitted 3252098 10586060 |  | Grade Info See scoring details See rubric results 0 comments 0 | ; text=Module 7 — Written Homework (WHW 7) 🕓 3 hours Written Homework (WHWs) Aug 10 by 11:59pm Click to test a different score Click to test a different score - unsubmitted 3252098 10586060 Grade Info See scoring details See rubric results 0 comments 0
2080857,MTH-252,grades,ev-01580,00004-mth-252-grades-grades-for-jacob-peterson-integral-calculus-mth-252z-400-u2026,https://canvas.oregonstate.edu/courses/2080857/grades,Acheive - 2.4 Arc Length of a Curve (NO Surface Area),obj-mth-252-assignment-10586024,assignment,Acheive - 2.4 Arc Length of a Curve (NO Surface Area),https://canvas.oregonstate.edu/courses/2080857/assignments/10586024/submissions/6660414,yes,mod-mth-252-015-module-8-application-of-integration-graphical-and-real-world,Module 8: Application of Integration - Graphical and Real-World,mi-mth-252-26982629,yes,task-00001-mth-252-graded-task-acheive-2-4-arc-length-of-a-curve-no-surface-area,graded_task,Aug 17 by 11:59pm,,5,Aug 17 by 11:59pm,,100,graded_task,high,grades_surface_task_in_modules,cells=Acheive - 2.4 Arc Length of a Curve (NO Surface Area) Achieve | Aug 17 by 11:59pm |  |  | Click to test a different score Click to test a different score - / 100 unsubmitted 3252097 10586024 |  | Grade Info See scoring details See rubric results 0 comments 0 | ; text=Acheive - 2.4 Arc Length of a Curve (NO Surface Area) Achieve Aug 17 by 11:59pm Click to test a different score Click to test a different score - / 100 unsubmitted 3252097 10586024 Grade Info See scoring details See rubric results 0 comments 0
2080857,MTH-252,grades,ev-01581,00004-mth-252-grades-grades-for-jacob-peterson-integral-calculus-mth-252z-400-u2026,https://canvas.oregonstate.edu/courses/2080857/grades,Achieve - 2.3 Volumes of Revolution: Cylindrical Shells,obj-mth-252-assignment-10586033,assignment,Achieve - 2.3 Volumes of Revolution: Cylindrical Shells,https://canvas.oregonstate.edu/courses/2080857/assignments/10586033/submissions/6660414,yes,mod-mth-252-015-module-8-application-of-integration-graphical-and-real-world,Module 8: Application of Integration - Graphical and Real-World,mi-mth-252-26982628,yes,task-00010-mth-252-graded-task-achieve-2-3-volumes-of-revolution-cylindrical-shells,graded_task,Aug 17 by 11:59pm,,5,Aug 17 by 11:59pm,,100,graded_task,high,grades_surface_task_in_modules,cells=Achieve - 2.3 Volumes of Revolution: Cylindrical Shells Achieve | Aug 17 by 11:59pm |  |  | Click to test a different score Click to test a different score - / 100 unsubmitted 3252097 10586033 |  | Grade Info See scoring details See rubric results 0 comments 0 | ; text=Achieve - 2.3 Volumes of Revolution: Cylindrical Shells Achieve Aug 17 by 11:59pm Click to test a different score Click to test a different score - / 100 unsubmitted 3252097 10586033 Grade Info See scoring details See rubric results 0 comments 0
2080857,MTH-252,grades,ev-01582,00004-mth-252-grades-grades-for-jacob-peterson-integral-calculus-mth-252z-400-u2026,https://canvas.oregonstate.edu/courses/2080857/grades,Module 8 — Written Homework (WHW 8) 🕓 3 hours,obj-mth-252-assignment-10586061,assignment,Module 8 — Written Homework (WHW 8) 🕓 3 hours,https://canvas.oregonstate.edu/courses/2080857/assignments/10586061/submissions/6660414,yes,mod-mth-252-015-module-8-application-of-integration-graphical-and-real-world,Module 8: Application of Integration - Graphical and Real-World,mi-mth-252-26982626,yes,task-00037-mth-252-graded-task-module-8-written-homework-whw-8-3-hours,graded_task,Aug 17 by 11:59pm,,5,Aug 17 by 11:59pm,,,graded_task,high,grades_surface_task_in_modules,cells=Module 8 — Written Homework (WHW 8) 🕓 3 hours Written Homework (WHWs) | Aug 17 by 11:59pm |  |  | Click to test a different score Click to test a different score - unsubmitted 3252098 10586061 |  | Grade Info See scoring details See rubric results 0 comments 0 | ; text=Module 8 — Written Homework (WHW 8) 🕓 3 hours Written Homework (WHWs) Aug 17 by 11:59pm Click to test a different score Click to test a different score - unsubmitted 3252098 10586061 Grade Info See scoring details See rubric results 0 comments 0
2080857,MTH-252,grades,ev-01583,00004-mth-252-grades-grades-for-jacob-peterson-integral-calculus-mth-252z-400-u2026,https://canvas.oregonstate.edu/courses/2080857/grades,Mini-Exam 4 --> Tuesday to Thursday,obj-mth-252-assignment-10586052,assignment,Mini-Exam 4 --> Tuesday to Thursday,https://canvas.oregonstate.edu/courses/2080857/assignments/10586052/submissions/6660414,yes,mod-mth-252-016-mini-exam-4-available-tuesday-thursday-of-week-9,Mini-Exam 4: Available Tuesday - Thursday of Week 9,mi-mth-252-26982630,yes,task-00028-mth-252-graded-task-mini-exam-4-tuesday-to-thursday,graded_task,Aug 20 by 11:59pm,,5,Aug 20 by 11:59pm,,,graded_task,high,grades_surface_task_in_modules,cells=Mini-Exam 4 --> Tuesday to Thursday Mini-Exams 4 | Aug 20 by 11:59pm |  |  | Click to test a different score Click to test a different score - unsubmitted 3252104 10586052 |  | Grade Info See scoring details See rubric results 0 comments 0 | ; text=Mini-Exam 4 --> Tuesday to Thursday Mini-Exams 4 Aug 20 by 11:59pm Click to test a different score Click to test a different score - unsubmitted 3252104 10586052 Grade Info See scoring details See rubric results 0 comments 0
2080857,MTH-252,grades,ev-01584,00004-mth-252-grades-grades-for-jacob-peterson-integral-calculus-mth-252z-400-u2026,https://canvas.oregonstate.edu/courses/2080857/grades,Achieve - 2.5 - 1 Physical Applications,obj-mth-252-assignment-10586034,assignment,Achieve - 2.5 - 1 Physical Applications,https://canvas.oregonstate.edu/courses/2080857/assignments/10586034/submissions/6660414,yes,mod-mth-252-017-module-9-applications-of-integration-real-world,Module 9: Applications of Integration - Real-World,mi-mth-252-26982638,yes,task-00011-mth-252-graded-task-achieve-2-5-1-physical-applications,graded_task,Aug 24 by 11:59pm,,5,Aug 24 by 11:59pm,,100,graded_task,high,grades_surface_task_in_modules,cells=Achieve - 2.5 - 1 Physical Applications Achieve | Aug 24 by 11:59pm |  |  | Click to test a different score Click to test a different score - / 100 unsubmitted 3252097 10586034 |  | Grade Info See scoring details See rubric results 0 comments 0 | ; text=Achieve - 2.5 - 1 Physical Applications Achieve Aug 24 by 11:59pm Click to test a different score Click to test a different score - / 100 unsubmitted 3252097 10586034 Grade Info See scoring details See rubric results 0 comments 0
2080857,MTH-252,grades,ev-01585,00004-mth-252-grades-grades-for-jacob-peterson-integral-calculus-mth-252z-400-u2026,https://canvas.oregonstate.edu/courses/2080857/grades,Achieve - 2.5 - 2 Physical Applications,obj-mth-252-assignment-10586036,assignment,Achieve - 2.5 - 2 Physical Applications,https://canvas.oregonstate.edu/courses/2080857/assignments/10586036/submissions/6660414,yes,mod-mth-252-017-module-9-applications-of-integration-real-world,Module 9: Applications of Integration - Real-World,mi-mth-252-26982639,yes,task-00012-mth-252-graded-task-achieve-2-5-2-physical-applications,graded_task,Aug 24 by 11:59pm,,5,Aug 24 by 11:59pm,,100,graded_task,high,grades_surface_task_in_modules,cells=Achieve - 2.5 - 2 Physical Applications Achieve | Aug 24 by 11:59pm |  |  | Click to test a different score Click to test a different score - / 100 unsubmitted 3252097 10586036 |  | Grade Info See scoring details See rubric results 0 comments 0 | ; text=Achieve - 2.5 - 2 Physical Applications Achieve Aug 24 by 11:59pm Click to test a different score Click to test a different score - / 100 unsubmitted 3252097 10586036 Grade Info See scoring details See rubric results 0 comments 0
2080857,MTH-252,grades,ev-01586,00004-mth-252-grades-grades-for-jacob-peterson-integral-calculus-mth-252z-400-u2026,https://canvas.oregonstate.edu/courses/2080857/grades,Module 9 — Written Homework (WHW 9) 🕓 3 hours,obj-mth-252-assignment-10586062,assignment,Module 9 — Written Homework (WHW 9) 🕓 3 hours,https://canvas.oregonstate.edu/courses/2080857/assignments/10586062/submissions/6660414,yes,mod-mth-252-017-module-9-applications-of-integration-real-world,Module 9: Applications of Integration - Real-World,mi-mth-252-26982636,yes,task-00038-mth-252-graded-task-module-9-written-homework-whw-9-3-hours,graded_task,Aug 24 by 11:59pm,,5,Aug 24 by 11:59pm,,,graded_task,high,grades_surface_task_in_modules,cells=Module 9 — Written Homework (WHW 9) 🕓 3 hours Written Homework (WHWs) | Aug 24 by 11:59pm |  |  | Click to test a different score Click to test a different score - unsubmitted 3252098 10586062 |  | Grade Info See scoring details See rubric results 0 comments 0 | ; text=Module 9 — Written Homework (WHW 9) 🕓 3 hours Written Homework (WHWs) Aug 24 by 11:59pm Click to test a different score Click to test a different score - unsubmitted 3252098 10586062 Grade Info See scoring details See rubric results 0 comments 0
2080857,MTH-252,grades,ev-01587,00004-mth-252-grades-grades-for-jacob-peterson-integral-calculus-mth-252z-400-u2026,https://canvas.oregonstate.edu/courses/2080857/grades,Achieve - 3.7 Improper Integrals,obj-mth-252-assignment-10586041,assignment,Achieve - 3.7 Improper Integrals,https://canvas.oregonstate.edu/courses/2080857/assignments/10586041/submissions/6660414,yes,mod-mth-252-018-module-10-applications-of-integration-real-world,Module 10: Applications of Integration - Real World,mi-mth-252-26982648,yes,task-00017-mth-252-graded-task-achieve-3-7-improper-integrals,graded_task,Aug 31 by 11:59pm,,5,Aug 31 by 11:59pm,,100,graded_task,high,grades_surface_task_in_modules,cells=Achieve - 3.7 Improper Integrals Achieve | Aug 31 by 11:59pm |  |  | Click to test a different score Click to test a different score - / 100 unsubmitted 3252097 10586041 |  | Grade Info See scoring details See rubric results 0 comments 0 | ; text=Achieve - 3.7 Improper Integrals Achieve Aug 31 by 11:59pm Click to test a different score Click to test a different score - / 100 unsubmitted 3252097 10586041 Grade Info See scoring details See rubric results 0 comments 0
2080857,MTH-252,grades,ev-01588,00004-mth-252-grades-grades-for-jacob-peterson-integral-calculus-mth-252z-400-u2026,https://canvas.oregonstate.edu/courses/2080857/grades,Module 10 — Written Homework (WHW 10) 🕓 3 hours,obj-mth-252-assignment-10586054,assignment,Module 10 — Written Homework (WHW 10) 🕓 3 hours,https://canvas.oregonstate.edu/courses/2080857/assignments/10586054/submissions/6660414,yes,mod-mth-252-018-module-10-applications-of-integration-real-world,Module 10: Applications of Integration - Real World,mi-mth-252-26982649,yes,task-00030-mth-252-graded-task-module-10-written-homework-whw-10-3-hours,graded_task,Aug 31 by 11:59pm,,5,Aug 31 by 11:59pm,,,graded_task,high,grades_surface_task_in_modules,cells=Module 10 — Written Homework (WHW 10) 🕓 3 hours Written Homework (WHWs) | Aug 31 by 11:59pm |  |  | Click to test a different score Click to test a different score - unsubmitted 3252098 10586054 |  | Grade Info See scoring details See rubric results 0 comments 0 | ; text=Module 10 — Written Homework (WHW 10) 🕓 3 hours Written Homework (WHWs) Aug 31 by 11:59pm Click to test a different score Click to test a different score - unsubmitted 3252098 10586054 Grade Info See scoring details See rubric results 0 comments 0
2080857,MTH-252,grades,ev-01589,00004-mth-252-grades-grades-for-jacob-peterson-integral-calculus-mth-252z-400-u2026,https://canvas.oregonstate.edu/courses/2080857/grades,Reflection 3,obj-mth-252-assignment-10586064,assignment,Reflection 3,https://canvas.oregonstate.edu/courses/2080857/assignments/10586064/submissions/6660414,yes,mod-mth-252-018-module-10-applications-of-integration-real-world,Module 10: Applications of Integration - Real World,mi-mth-252-26982647,yes,task-00040-mth-252-graded-task-reflection-3,graded_task,Aug 31 by 11:59pm,,5,Aug 31 by 11:59pm,,100,graded_task,high,grades_surface_task_in_modules,cells=Reflection 3 Achieve | Aug 31 by 11:59pm |  |  | Click to test a different score Click to test a different score - / 100 unsubmitted 3252097 10586064 |  | Grade Info See scoring details See rubric results 0 comments 0 | ; text=Reflection 3 Achieve Aug 31 by 11:59pm Click to test a different score Click to test a different score - / 100 unsubmitted 3252097 10586064 Grade Info See scoring details See rubric results 0 comments 0
2080857,MTH-252,grades,ev-01590,00004-mth-252-grades-grades-for-jacob-peterson-integral-calculus-mth-252z-400-u2026,https://canvas.oregonstate.edu/courses/2080857/grades,Final Mini-Exam 5 --> Monday to Wednesday,obj-mth-252-assignment-10586043,assignment,Final Mini-Exam 5 --> Monday to Wednesday,https://canvas.oregonstate.edu/courses/2080857/assignments/10586043/submissions/6660414,yes,mod-mth-252-019-final-exam-available-monday-wednesday-of-week-11,Final Exam: Available Monday - Wednesday of week 11,mi-mth-252-26982652,yes,task-00019-mth-252-graded-task-final-mini-exam-5-monday-to-wednesday,graded_task,Sep 2 by 11:59pm,,5,Sep 2 by 11:59pm,,,graded_task,high,grades_surface_task_in_modules,cells=Final Mini-Exam 5 --> Monday to Wednesday Mini-Exam 5 - Final | Sep 2 by 11:59pm |  |  | Click to test a different score Click to test a different score - unsubmitted 3252105 10586043 |  | Grade Info See scoring details See rubric results 0 comments 0 | ; text=Final Mini-Exam 5 --> Monday to Wednesday Mini-Exam 5 - Final Sep 2 by 11:59pm Click to test a different score Click to test a different score - unsubmitted 3252105 10586043 Grade Info See scoring details See rubric results 0 comments 0
2080857,MTH-252,grades,ev-01591,00004-mth-252-grades-grades-for-jacob-peterson-integral-calculus-mth-252z-400-u2026,https://canvas.oregonstate.edu/courses/2080857/grades,Mini-Exam 1 - Retake,obj-mth-252-assignment-10586046,assignment,Mini-Exam 1 - Retake,https://canvas.oregonstate.edu/courses/2080857/assignments/10586046/submissions/6660414,yes,mod-mth-252-019-final-exam-available-monday-wednesday-of-week-11,Final Exam: Available Monday - Wednesday of week 11,mi-mth-252-26982653,yes,task-00021-mth-252-graded-task-mini-exam-1-retake,graded_task,Sep 2 by 11:59pm,,5,Sep 2 by 11:59pm,,,graded_task,high,grades_surface_task_in_modules,cells=Mini-Exam 1 - Retake Mini-Exams 1 | Sep 2 by 11:59pm |  |  | Click to test a different score Click to test a different score - unsubmitted 3252101 10586046 |  | Grade Info See scoring details See rubric results 0 comments 0 | ; text=Mini-Exam 1 - Retake Mini-Exams 1 Sep 2 by 11:59pm Click to test a different score Click to test a different score - unsubmitted 3252101 10586046 Grade Info See scoring details See rubric results 0 comments 0
2080857,MTH-252,grades,ev-01592,00004-mth-252-grades-grades-for-jacob-peterson-integral-calculus-mth-252z-400-u2026,https://canvas.oregonstate.edu/courses/2080857/grades,Mini-Exam 2 - Retake,obj-mth-252-assignment-10586047,assignment,Mini-Exam 2 - Retake,https://canvas.oregonstate.edu/courses/2080857/assignments/10586047/submissions/6660414,yes,mod-mth-252-019-final-exam-available-monday-wednesday-of-week-11,Final Exam: Available Monday - Wednesday of week 11,mi-mth-252-26982654,yes,task-00023-mth-252-graded-task-mini-exam-2-retake,graded_task,Sep 2 by 11:59pm,,5,Sep 2 by 11:59pm,,,graded_task,high,grades_surface_task_in_modules,cells=Mini-Exam 2 - Retake Mini-Exams 2 | Sep 2 by 11:59pm |  |  | Click to test a different score Click to test a different score - unsubmitted 3252102 10586047 |  | Grade Info See scoring details See rubric results 0 comments 0 | ; text=Mini-Exam 2 - Retake Mini-Exams 2 Sep 2 by 11:59pm Click to test a different score Click to test a different score - unsubmitted 3252102 10586047 Grade Info See scoring details See rubric results 0 comments 0
2080857,MTH-252,grades,ev-01593,00004-mth-252-grades-grades-for-jacob-peterson-integral-calculus-mth-252z-400-u2026,https://canvas.oregonstate.edu/courses/2080857/grades,Mini-Exam 3 - Retake,obj-mth-252-assignment-10586049,assignment,Mini-Exam 3 - Retake,https://canvas.oregonstate.edu/courses/2080857/assignments/10586049/submissions/6660414,yes,mod-mth-252-019-final-exam-available-monday-wednesday-of-week-11,Final Exam: Available Monday - Wednesday of week 11,mi-mth-252-26982655,yes,task-00025-mth-252-graded-task-mini-exam-3-retake,graded_task,Sep 2 by 11:59pm,,5,Sep 2 by 11:59pm,,,graded_task,high,grades_surface_task_in_modules,cells=Mini-Exam 3 - Retake Mini-Exams 3 | Sep 2 by 11:59pm |  |  | Click to test a different score Click to test a different score - unsubmitted 3252103 10586049 |  | Grade Info See scoring details See rubric results 0 comments 0 | ; text=Mini-Exam 3 - Retake Mini-Exams 3 Sep 2 by 11:59pm Click to test a different score Click to test a different score - unsubmitted 3252103 10586049 Grade Info See scoring details See rubric results 0 comments 0
2080857,MTH-252,grades,ev-01594,00004-mth-252-grades-grades-for-jacob-peterson-integral-calculus-mth-252z-400-u2026,https://canvas.oregonstate.edu/courses/2080857/grades,Mini-Exam 4 - Retake,obj-mth-252-assignment-10586051,assignment,Mini-Exam 4 - Retake,https://canvas.oregonstate.edu/courses/2080857/assignments/10586051/submissions/6660414,yes,mod-mth-252-019-final-exam-available-monday-wednesday-of-week-11,Final Exam: Available Monday - Wednesday of week 11,mi-mth-252-26982656,yes,task-00027-mth-252-graded-task-mini-exam-4-retake,graded_task,Sep 2 by 11:59pm,,5,Sep 2 by 11:59pm,,,graded_task,high,grades_surface_task_in_modules,cells=Mini-Exam 4 - Retake Mini-Exams 4 | Sep 2 by 11:59pm |  |  | Click to test a different score Click to test a different score - unsubmitted 3252104 10586051 |  | Grade Info See scoring details See rubric results 0 comments 0 | ; text=Mini-Exam 4 - Retake Mini-Exams 4 Sep 2 by 11:59pm Click to test a different score Click to test a different score - unsubmitted 3252104 10586051 Grade Info See scoring details See rubric results 0 comments 0
2053263,MTH-253,grades,ev-01595,00012-mth-253-grades-grades-for-jacob-peterson-sequences-and-series-mth-253z-400-u2026,https://canvas.oregonstate.edu/courses/2053263/grades,Unit 1 - Written Homework Assignment,obj-mth-253-assignment-10553179,assignment,Unit 1 - Written Homework Assignment,https://canvas.oregonstate.edu/courses/2053263/assignments/10553179/submissions/6660414,yes,mod-mth-253-002-unit-1-week-1,Unit 1 - Week 1,mi-mth-253-26885537,yes,task-00273-mth-253-graded-task-unit-1-written-homework-assignment,graded_task,Jun 26 by 11:59pm,,100,Jun 26 by 11:59pm,,,graded_task,high,grades_surface_task_in_modules,cells=Unit 1 - Written Homework Assignment Written Homework Assignments | Jun 26 by 11:59pm |  |  | Click to test a different score Click to test a different score 100 / 100 100.0 100 100 graded 3244677 10553179 |  | Grade Info See scoring details See rubric results 0 comments 0 | ; text=Unit 1 - Written Homework Assignment Written Homework Assignments Jun 26 by 11:59pm Click to test a different score Click to test a different score 100 / 100 100.0 100 100 graded 3244677 10553179 Grade Info See scoring details See rubric results 0 comments 0
2053263,MTH-253,grades,ev-01596,00012-mth-253-grades-grades-for-jacob-peterson-sequences-and-series-mth-253z-400-u2026,https://canvas.oregonstate.edu/courses/2053263/grades,"Week 1 Web Homework: Infinity and Limits, Indeterminates, Improper Integrals",obj-mth-253-assignment-10584258,assignment,"Week 1 Web Homework: Infinity and Limits, Indeterminates, Improper Integrals",https://canvas.oregonstate.edu/courses/2053263/assignments/10584258/submissions/6660414,yes,mod-mth-253-002-unit-1-week-1,Unit 1 - Week 1,mi-mth-253-26977416,yes,task-00278-mth-253-graded-task-week-1-web-homework-infinity-and-limits-indeterminates-improper-integrals,graded_task,Jun 29 by 11:59pm,,100,Jun 29 by 11:59pm,,,graded_task,high,grades_surface_task_in_modules,"cells=Week 1 Web Homework: Infinity and Limits, Indeterminates, Improper Integrals Online Homework Assignments (Achieve) | Jun 29 by 11:59pm |  |  | Click to test a different score Click to test a different score 4 / 100 4.0 4 4 graded 3244675 10584258 |  | Grade Info See scoring details See rubric results 0 comments 0 | ; text=Week 1 Web Homework: Infinity and Limits, Indeterminates, Improper Integrals Online Homework Assignments (Achieve) Jun 29 by 11:59pm Click to test a different score Click to test a different score 4 / 100 4.0 4 4 graded 3244675 10584258 Grade Info See scoring details See rubric results 0 comments 0"
2053263,MTH-253,grades,ev-01597,00012-mth-253-grades-grades-for-jacob-peterson-sequences-and-series-mth-253z-400-u2026,https://canvas.oregonstate.edu/courses/2053263/grades,Week 2 Web Homework: Sequences,obj-mth-253-assignment-10584372,assignment,Week 2 Web Homework: Sequences,https://canvas.oregonstate.edu/courses/2053263/assignments/10584372/submissions/6660414,yes,mod-mth-253-003-unit-2-week-2-and-week-3,Unit 2 - Week 2 and Week 3,mi-mth-253-26977767,yes,task-00280-mth-253-graded-task-week-2-web-homework-sequences,graded_task,Jul 6 by 11:59pm,,100,Jul 6 by 11:59pm,,,graded_task,high,grades_surface_task_in_modules,cells=Week 2 Web Homework: Sequences Online Homework Assignments (Achieve) | Jul 6 by 11:59pm |  |  | Click to test a different score Click to test a different score 0 / 100 0.0 0 0 graded 3244675 10584372 |  | Grade Info See scoring details See rubric results 0 comments 0 | ; text=Week 2 Web Homework: Sequences Online Homework Assignments (Achieve) Jul 6 by 11:59pm Click to test a different score Click to test a different score 0 / 100 0.0 0 0 graded 3244675 10584372 Grade Info See scoring details See rubric results 0 comments 0
2053263,MTH-253,grades,ev-01598,00012-mth-253-grades-grades-for-jacob-peterson-sequences-and-series-mth-253z-400-u2026,https://canvas.oregonstate.edu/courses/2053263/grades,Unit 2 - Written Homework Assignment,obj-mth-253-assignment-10553180,assignment,Unit 2 - Written Homework Assignment,https://canvas.oregonstate.edu/courses/2053263/assignments/10553180/submissions/6660414,yes,mod-mth-253-003-unit-2-week-2-and-week-3,Unit 2 - Week 2 and Week 3,mi-mth-253-26885550,yes,task-00274-mth-253-graded-task-unit-2-written-homework-assignment,graded_task,Jul 9 by 11:59pm,,100,Jul 9 by 11:59pm,,100,graded_task,high,grades_surface_task_in_modules,cells=Unit 2 - Written Homework Assignment Written Homework Assignments | Jul 9 by 11:59pm |  |  | Click to test a different score Click to test a different score - / 100 unsubmitted 3244677 10553180 |  | Grade Info See scoring details See rubric results 0 comments 0 | ; text=Unit 2 - Written Homework Assignment Written Homework Assignments Jul 9 by 11:59pm Click to test a different score Click to test a different score - / 100 unsubmitted 3244677 10553180 Grade Info See scoring details See rubric results 0 comments 0
2053263,MTH-253,grades,ev-01599,00012-mth-253-grades-grades-for-jacob-peterson-sequences-and-series-mth-253z-400-u2026,https://canvas.oregonstate.edu/courses/2053263/grades,Week 3 Web Homework: Introduction to Series,obj-mth-253-assignment-10584373,assignment,Week 3 Web Homework: Introduction to Series,https://canvas.oregonstate.edu/courses/2053263/assignments/10584373/submissions/6660414,yes,mod-mth-253-003-unit-2-week-2-and-week-3,Unit 2 - Week 2 and Week 3,mi-mth-253-26977769,yes,task-00281-mth-253-graded-task-week-3-web-homework-introduction-to-series,graded_task,Jul 12 by 11:59pm,,100,Jul 12 by 11:59pm,,,graded_task,high,grades_surface_task_in_modules,cells=Week 3 Web Homework: Introduction to Series Online Homework Assignments (Achieve) | Jul 12 by 11:59pm |  |  | Click to test a different score Click to test a different score 100 / 100 100.0 100 100 graded 3244675 10584373 |  | Grade Info See scoring details See rubric results 0 comments 0 | ; text=Week 3 Web Homework: Introduction to Series Online Homework Assignments (Achieve) Jul 12 by 11:59pm Click to test a different score Click to test a different score 100 / 100 100.0 100 100 graded 3244675 10584373 Grade Info See scoring details See rubric results 0 comments 0
2053263,MTH-253,grades,ev-01600,00012-mth-253-grades-grades-for-jacob-peterson-sequences-and-series-mth-253z-400-u2026,https://canvas.oregonstate.edu/courses/2053263/grades,Week 4 Web Homework: The Divergence and Integral Tests,obj-mth-253-assignment-10584431,assignment,Week 4 Web Homework: The Divergence and Integral Tests,https://canvas.oregonstate.edu/courses/2053263/assignments/10584431/submissions/6660414,yes,mod-mth-253-004-unit-3-weeks-4-5-and-6,"Unit 3 - Weeks 4, 5, and 6",mi-mth-253-26977967,yes,task-00282-mth-253-graded-task-week-4-web-homework-the-divergence-and-integral-tests,graded_task,Jul 19 by 11:59pm,,100,Jul 19 by 11:59pm,,100,graded_task,high,grades_surface_task_in_modules,cells=Week 4 Web Homework: The Divergence and Integral Tests Online Homework Assignments (Achieve) | Jul 19 by 11:59pm |  |  | Click to test a different score Click to test a different score - / 100 unsubmitted 3244675 10584431 |  | Grade Info See scoring details See rubric results 0 comments 0 | ; text=Week 4 Web Homework: The Divergence and Integral Tests Online Homework Assignments (Achieve) Jul 19 by 11:59pm Click to test a different score Click to test a different score - / 100 unsubmitted 3244675 10584431 Grade Info See scoring details See rubric results 0 comments 0
2053263,MTH-253,grades,ev-01601,00012-mth-253-grades-grades-for-jacob-peterson-sequences-and-series-mth-253z-400-u2026,https://canvas.oregonstate.edu/courses/2053263/grades,Week 5 Web Homework: Comparison and Alternate Series Tests,obj-mth-253-assignment-10584434,assignment,Week 5 Web Homework: Comparison and Alternate Series Tests,https://canvas.oregonstate.edu/courses/2053263/assignments/10584434/submissions/6660414,yes,mod-mth-253-004-unit-3-weeks-4-5-and-6,"Unit 3 - Weeks 4, 5, and 6",mi-mth-253-26977977,yes,task-00283-mth-253-graded-task-week-5-web-homework-comparison-and-alternate-series-tests,graded_task,Jul 26 by 11:59pm,,100,Jul 26 by 11:59pm,,100,graded_task,high,grades_surface_task_in_modules,cells=Week 5 Web Homework: Comparison and Alternate Series Tests Online Homework Assignments (Achieve) | Jul 26 by 11:59pm |  |  | Click to test a different score Click to test a different score - / 100 unsubmitted 3244675 10584434 |  | Grade Info See scoring details See rubric results 0 comments 0 | ; text=Week 5 Web Homework: Comparison and Alternate Series Tests Online Homework Assignments (Achieve) Jul 26 by 11:59pm Click to test a different score Click to test a different score - / 100 unsubmitted 3244675 10584434 Grade Info See scoring details See rubric results 0 comments 0
2053263,MTH-253,grades,ev-01602,00012-mth-253-grades-grades-for-jacob-peterson-sequences-and-series-mth-253z-400-u2026,https://canvas.oregonstate.edu/courses/2053263/grades,Unit 3 - Written Homework Assignment,obj-mth-253-assignment-10553181,assignment,Unit 3 - Written Homework Assignment,https://canvas.oregonstate.edu/courses/2053263/assignments/10553181/submissions/6660414,yes,mod-mth-253-004-unit-3-weeks-4-5-and-6,"Unit 3 - Weeks 4, 5, and 6",mi-mth-253-26885565,yes,task-00275-mth-253-graded-task-unit-3-written-homework-assignment,graded_task,Jul 30 by 11:59pm,,100,Jul 30 by 11:59pm,,100,graded_task,high,grades_surface_task_in_modules,cells=Unit 3 - Written Homework Assignment Written Homework Assignments | Jul 30 by 11:59pm |  |  | Click to test a different score Click to test a different score - / 100 unsubmitted 3244677 10553181 |  | Grade Info See scoring details See rubric results 0 comments 0 | ; text=Unit 3 - Written Homework Assignment Written Homework Assignments Jul 30 by 11:59pm Click to test a different score Click to test a different score - / 100 unsubmitted 3244677 10553181 Grade Info See scoring details See rubric results 0 comments 0
2053263,MTH-253,grades,ev-01603,00012-mth-253-grades-grades-for-jacob-peterson-sequences-and-series-mth-253z-400-u2026,https://canvas.oregonstate.edu/courses/2053263/grades,Week 6 Web Homework: Ratio and Root Tests,obj-mth-253-assignment-10584435,assignment,Week 6 Web Homework: Ratio and Root Tests,https://canvas.oregonstate.edu/courses/2053263/assignments/10584435/submissions/6660414,yes,mod-mth-253-004-unit-3-weeks-4-5-and-6,"Unit 3 - Weeks 4, 5, and 6",mi-mth-253-26977980,yes,task-00284-mth-253-graded-task-week-6-web-homework-ratio-and-root-tests,graded_task,Aug 2 by 11:59pm,,100,Aug 2 by 11:59pm,,100,graded_task,high,grades_surface_task_in_modules,cells=Week 6 Web Homework: Ratio and Root Tests Online Homework Assignments (Achieve) | Aug 2 by 11:59pm |  |  | Click to test a different score Click to test a different score - / 100 unsubmitted 3244675 10584435 |  | Grade Info See scoring details See rubric results 0 comments 0 | ; text=Week 6 Web Homework: Ratio and Root Tests Online Homework Assignments (Achieve) Aug 2 by 11:59pm Click to test a different score Click to test a different score - / 100 unsubmitted 3244675 10584435 Grade Info See scoring details See rubric results 0 comments 0
2053263,MTH-253,grades,ev-01604,00012-mth-253-grades-grades-for-jacob-peterson-sequences-and-series-mth-253z-400-u2026,https://canvas.oregonstate.edu/courses/2053263/grades,Week 7 Web Homework: Power Series and Functions,obj-mth-253-assignment-10584436,assignment,Week 7 Web Homework: Power Series and Functions,https://canvas.oregonstate.edu/courses/2053263/assignments/10584436/submissions/6660414,yes,mod-mth-253-005-unit-4-weeks-7-8-and-9,"Unit 4 - Weeks 7, 8, and 9",mi-mth-253-26977982,yes,task-00285-mth-253-graded-task-week-7-web-homework-power-series-and-functions,graded_task,Aug 9 by 11:59pm,,100,Aug 9 by 11:59pm,,100,graded_task,high,grades_surface_task_in_modules,cells=Week 7 Web Homework: Power Series and Functions Online Homework Assignments (Achieve) | Aug 9 by 11:59pm |  |  | Click to test a different score Click to test a different score - / 100 unsubmitted 3244675 10584436 |  | Grade Info See scoring details See rubric results 0 comments 0 | ; text=Week 7 Web Homework: Power Series and Functions Online Homework Assignments (Achieve) Aug 9 by 11:59pm Click to test a different score Click to test a different score - / 100 unsubmitted 3244675 10584436 Grade Info See scoring details See rubric results 0 comments 0
2053263,MTH-253,grades,ev-01605,00012-mth-253-grades-grades-for-jacob-peterson-sequences-and-series-mth-253z-400-u2026,https://canvas.oregonstate.edu/courses/2053263/grades,Week 8 Web Homework Taylor and Maclaurin Series,obj-mth-253-assignment-10584437,assignment,Week 8 Web Homework Taylor and Maclaurin Series,https://canvas.oregonstate.edu/courses/2053263/assignments/10584437/submissions/6660414,yes,mod-mth-253-005-unit-4-weeks-7-8-and-9,"Unit 4 - Weeks 7, 8, and 9",mi-mth-253-26977985,yes,task-00286-mth-253-graded-task-week-8-web-homework-taylor-and-maclaurin-series,graded_task,Aug 16 by 11:59pm,,100,Aug 16 by 11:59pm,,100,graded_task,high,grades_surface_task_in_modules,cells=Week 8 Web Homework Taylor and Maclaurin Series Online Homework Assignments (Achieve) | Aug 16 by 11:59pm |  |  | Click to test a different score Click to test a different score - / 100 unsubmitted 3244675 10584437 |  | Grade Info See scoring details See rubric results 0 comments 0 | ; text=Week 8 Web Homework Taylor and Maclaurin Series Online Homework Assignments (Achieve) Aug 16 by 11:59pm Click to test a different score Click to test a different score - / 100 unsubmitted 3244675 10584437 Grade Info See scoring details See rubric results 0 comments 0
2053263,MTH-253,grades,ev-01606,00012-mth-253-grades-grades-for-jacob-peterson-sequences-and-series-mth-253z-400-u2026,https://canvas.oregonstate.edu/courses/2053263/grades,Unit 4 - Written Homework Assignment,obj-mth-253-assignment-10553182,assignment,Unit 4 - Written Homework Assignment,https://canvas.oregonstate.edu/courses/2053263/assignments/10553182/submissions/6660414,yes,mod-mth-253-005-unit-4-weeks-7-8-and-9,"Unit 4 - Weeks 7, 8, and 9",mi-mth-253-26885580,yes,task-00276-mth-253-graded-task-unit-4-written-homework-assignment,graded_task,Aug 20 by 11:59pm,,100,Aug 20 by 11:59pm,,100,graded_task,high,grades_surface_task_in_modules,cells=Unit 4 - Written Homework Assignment Written Homework Assignments | Aug 20 by 11:59pm |  |  | Click to test a different score Click to test a different score - / 100 unsubmitted 3244677 10553182 |  | Grade Info See scoring details See rubric results 0 comments 0 | ; text=Unit 4 - Written Homework Assignment Written Homework Assignments Aug 20 by 11:59pm Click to test a different score Click to test a different score - / 100 unsubmitted 3244677 10553182 Grade Info See scoring details See rubric results 0 comments 0
2053263,MTH-253,grades,ev-01607,00012-mth-253-grades-grades-for-jacob-peterson-sequences-and-series-mth-253z-400-u2026,https://canvas.oregonstate.edu/courses/2053263/grades,Week 9 Web Homework: Properties of Power Series,obj-mth-253-assignment-10584438,assignment,Week 9 Web Homework: Properties of Power Series,https://canvas.oregonstate.edu/courses/2053263/assignments/10584438/submissions/6660414,yes,mod-mth-253-005-unit-4-weeks-7-8-and-9,"Unit 4 - Weeks 7, 8, and 9",mi-mth-253-26977987,yes,task-00287-mth-253-graded-task-week-9-web-homework-properties-of-power-series,graded_task,Aug 23 by 11:59pm,,100,Aug 23 by 11:59pm,,100,graded_task,high,grades_surface_task_in_modules,cells=Week 9 Web Homework: Properties of Power Series Online Homework Assignments (Achieve) | Aug 23 by 11:59pm |  |  | Click to test a different score Click to test a different score - / 100 unsubmitted 3244675 10584438 |  | Grade Info See scoring details See rubric results 0 comments 0 | ; text=Week 9 Web Homework: Properties of Power Series Online Homework Assignments (Achieve) Aug 23 by 11:59pm Click to test a different score Click to test a different score - / 100 unsubmitted 3244675 10584438 Grade Info See scoring details See rubric results 0 comments 0
2053263,MTH-253,grades,ev-01608,00012-mth-253-grades-grades-for-jacob-peterson-sequences-and-series-mth-253z-400-u2026,https://canvas.oregonstate.edu/courses/2053263/grades,Unit 5 - Written Homework Assignment,obj-mth-253-assignment-10553183,assignment,Unit 5 - Written Homework Assignment,https://canvas.oregonstate.edu/courses/2053263/assignments/10553183/submissions/6660414,yes,mod-mth-253-006-unit-5-covers-week-10,Unit 5 - Covers Week 10,mi-mth-253-26885592,yes,task-00277-mth-253-graded-task-unit-5-written-homework-assignment,graded_task,Aug 27 by 11:59pm,,100,Aug 27 by 11:59pm,,100,graded_task,high,grades_surface_task_in_modules,cells=Unit 5 - Written Homework Assignment Written Homework Assignments | Aug 27 by 11:59pm |  |  | Click to test a different score Click to test a different score - / 100 unsubmitted 3244677 10553183 |  | Grade Info See scoring details See rubric results 0 comments 0 | ; text=Unit 5 - Written Homework Assignment Written Homework Assignments Aug 27 by 11:59pm Click to test a different score Click to test a different score - / 100 unsubmitted 3244677 10553183 Grade Info See scoring details See rubric results 0 comments 0
2053263,MTH-253,grades,ev-01609,00012-mth-253-grades-grades-for-jacob-peterson-sequences-and-series-mth-253z-400-u2026,https://canvas.oregonstate.edu/courses/2053263/grades,Week 10 Web Homework: Working with Taylor Series,obj-mth-253-assignment-10584439,assignment,Week 10 Web Homework: Working with Taylor Series,https://canvas.oregonstate.edu/courses/2053263/assignments/10584439/submissions/6660414,yes,mod-mth-253-006-unit-5-covers-week-10,Unit 5 - Covers Week 10,mi-mth-253-26977989,yes,task-00279-mth-253-graded-task-week-10-web-homework-working-with-taylor-series,graded_task,Aug 30 by 11:59pm,,100,Aug 30 by 11:59pm,,100,graded_task,high,grades_surface_task_in_modules,cells=Week 10 Web Homework: Working with Taylor Series Online Homework Assignments (Achieve) | Aug 30 by 11:59pm |  |  | Click to test a different score Click to test a different score - / 100 unsubmitted 3244675 10584439 |  | Grade Info See scoring details See rubric results 0 comments 0 | ; text=Week 10 Web Homework: Working with Taylor Series Online Homework Assignments (Achieve) Aug 30 by 11:59pm Click to test a different score Click to test a different score - / 100 unsubmitted 3244675 10584439 Grade Info See scoring details See rubric results 0 comments 0
2053526,PHY-212,grades,ev-01610,00020-phy-212-grades-grades-for-jacob-peterson-general-physics-with-calculus-ph-212-400-u2026,https://canvas.oregonstate.edu/courses/2053526/grades,Lab 1 Report,obj-phy-212-assignment-10557057,assignment,Lab 1 Report,https://canvas.oregonstate.edu/courses/2053526/assignments/10557057/submissions/6660414,no,,,,yes,task-00324-phy-212-graded-task-lab-1-report,graded_task,Jun 27 by 11:59pm,,5,Jun 27 by 11:59pm,,20,graded_task,high,grades_surface_task_not_in_modules,cells=Lab 1 Report lab | Jun 27 by 11:59pm |  |  | Instructor has not posted this grade Click to test a different score Instructor has not posted this grade - / 20 pending_review 3245380 10557057 |  | Grade Info See scoring details See rubric results 1 comment 1 | ; text=Lab 1 Report lab Jun 27 by 11:59pm Instructor has not posted this grade Click to test a different score Instructor has not posted this grade - / 20 pending_review 3245380 10557057 Grade Info See scoring details See rubric results 1 comment 1
2053526,PHY-212,grades,ev-01611,00020-phy-212-grades-grades-for-jacob-peterson-general-physics-with-calculus-ph-212-400-u2026,https://canvas.oregonstate.edu/courses/2053526/grades,M2-1pre,obj-phy-212-assignment-10557070,assignment,M2-1pre,https://canvas.oregonstate.edu/courses/2053526/assignments/10557070/submissions/6660414,no,,,,yes,task-00329-phy-212-graded-task-m2-1pre,graded_task,,,5,,,,graded_task,high,grades_surface_task_not_in_modules,cells=M2-1pre pre-lecture | Jul 2 by 10am |  |  | Click to test a different score Click to test a different score 0 / 3 0.0 0 0 graded 3245379 10557070 |  | Grade Info See scoring details See rubric results 0 comments 0 | ; text=M2-1pre pre-lecture Jul 2 by 10am Click to test a different score Click to test a different score 0 / 3 0.0 0 0 graded 3245379 10557070 Grade Info See scoring details See rubric results 0 comments 0
2053526,PHY-212,grades,ev-01612,00020-phy-212-grades-grades-for-jacob-peterson-general-physics-with-calculus-ph-212-400-u2026,https://canvas.oregonstate.edu/courses/2053526/grades,Quiz 1 Notes,obj-phy-212-assignment-10557097,assignment,Quiz 1 Notes,https://canvas.oregonstate.edu/courses/2053526/assignments/10557097/submissions/6660414,no,,,,yes,task-00345-phy-212-graded-task-quiz-1-notes,graded_task,,,5,,,,graded_task,high,grades_surface_task_not_in_modules,cells=Quiz 1 Notes Quiz notes | Jul 4 by 5pm |  |  | Click to test a different score Click to test a different score 5 / 5 5.0 5 5 graded 3245383 10557097 |  | Grade Info See scoring details See rubric results 0 comments 0 | ; text=Quiz 1 Notes Quiz notes Jul 4 by 5pm Click to test a different score Click to test a different score 5 / 5 5.0 5 5 graded 3245383 10557097 Grade Info See scoring details See rubric results 0 comments 0
2053526,PHY-212,grades,ev-01613,00020-phy-212-grades-grades-for-jacob-peterson-general-physics-with-calculus-ph-212-400-u2026,https://canvas.oregonstate.edu/courses/2053526/grades,Lab 2 Group Report,obj-phy-212-assignment-10557058,assignment,Lab 2 Group Report,https://canvas.oregonstate.edu/courses/2053526/assignments/10557058/submissions/6660414,no,,,,yes,task-00325-phy-212-graded-task-lab-2-group-report,graded_task,Jul 4 by 11:59pm,,5,Jul 4 by 11:59pm,,,graded_task,high,grades_surface_task_not_in_modules,cells=Lab 2 Group Report lab | Jul 4 by 11:59pm |  |  | Click to test a different score Click to test a different score 19 / 20 19.0 19 19 graded 3245380 10557058 |  | Grade Info See scoring details See rubric results 0 comments 0 | ; text=Lab 2 Group Report lab Jul 4 by 11:59pm Click to test a different score Click to test a different score 19 / 20 19.0 19 19 graded 3245380 10557058 Grade Info See scoring details See rubric results 0 comments 0
2053526,PHY-212,grades,ev-01614,00020-phy-212-grades-grades-for-jacob-peterson-general-physics-with-calculus-ph-212-400-u2026,https://canvas.oregonstate.edu/courses/2053526/grades,Quiz 1A,obj-phy-212-assignment-10557098,assignment,Quiz 1A,https://canvas.oregonstate.edu/courses/2053526/assignments/10557098/submissions/6660414,no,,,,yes,task-00346-phy-212-graded-task-quiz-1a,graded_task,Jul 6 by 11:25am,,5,Jul 6 by 11:25am,,35,graded_task,high,grades_surface_task_not_in_modules,cells=Quiz 1A Quiz A | Jul 6 by 11:25am |  |  | Click to test a different score Click to test a different score - / 35 unsubmitted 3245384 10557098 |  | Grade Info See scoring details See rubric results 0 comments 0 | ; text=Quiz 1A Quiz A Jul 6 by 11:25am Click to test a different score Click to test a different score - / 35 unsubmitted 3245384 10557098 Grade Info See scoring details See rubric results 0 comments 0
2053526,PHY-212,grades,ev-01615,00020-phy-212-grades-grades-for-jacob-peterson-general-physics-with-calculus-ph-212-400-u2026,https://canvas.oregonstate.edu/courses/2053526/grades,Quiz 1B,obj-phy-212-assignment-10557101,assignment,Quiz 1B,https://canvas.oregonstate.edu/courses/2053526/assignments/10557101/submissions/6660414,no,,,,yes,task-00349-phy-212-graded-task-quiz-1b,graded_task,Jul 6 by 11:55am,,5,Jul 6 by 11:55am,,40,graded_task,high,grades_surface_task_not_in_modules,cells=Quiz 1B Quiz B | Jul 6 by 11:55am |  |  | Click to test a different score Click to test a different score - / 40 unsubmitted 3245385 10557101 |  | Grade Info See scoring details See rubric results 0 comments 0 | ; text=Quiz 1B Quiz B Jul 6 by 11:55am Click to test a different score Click to test a different score - / 40 unsubmitted 3245385 10557101 Grade Info See scoring details See rubric results 0 comments 0
2053526,PHY-212,grades,ev-01616,00020-phy-212-grades-grades-for-jacob-peterson-general-physics-with-calculus-ph-212-400-u2026,https://canvas.oregonstate.edu/courses/2053526/grades,Quiz 1A_asy_work,obj-phy-212-assignment-10557100,assignment,Quiz 1A_asy_work,https://canvas.oregonstate.edu/courses/2053526/assignments/10557100/submissions/6660414,no,,,,yes,task-00348-phy-212-graded-task-quiz-1a-asy-work,graded_task,,,5,,,,graded_task,high,grades_surface_task_not_in_modules,cells=Quiz 1A_asy_work Quiz_asy work | Jul 6 by 5pm |  |  | Click to test a different score Click to test a different score 10 / 20 10.0 10 10 graded 3245387 10557100 |  | Grade Info See scoring details See rubric results 0 comments 0 | ; text=Quiz 1A_asy_work Quiz_asy work Jul 6 by 5pm Click to test a different score Click to test a different score 10 / 20 10.0 10 10 graded 3245387 10557100 Grade Info See scoring details See rubric results 0 comments 0
2053526,PHY-212,grades,ev-01617,00020-phy-212-grades-grades-for-jacob-peterson-general-physics-with-calculus-ph-212-400-u2026,https://canvas.oregonstate.edu/courses/2053526/grades,Quiz 1B_asy_work,obj-phy-212-assignment-10557103,assignment,Quiz 1B_asy_work,https://canvas.oregonstate.edu/courses/2053526/assignments/10557103/submissions/6660414,no,,,,yes,task-00351-phy-212-graded-task-quiz-1b-asy-work,graded_task,,,5,,,,graded_task,high,grades_surface_task_not_in_modules,cells=Quiz 1B_asy_work Quiz_asy work | Jul 6 by 5pm |  |  | Click to test a different score Click to test a different score 32 / 40 32.0 32 32 graded 3245387 10557103 |  | Grade Info See scoring details See rubric results 0 comments 0 | ; text=Quiz 1B_asy_work Quiz_asy work Jul 6 by 5pm Click to test a different score Click to test a different score 32 / 40 32.0 32 32 graded 3245387 10557103 Grade Info See scoring details See rubric results 0 comments 0
2053526,PHY-212,grades,ev-01618,00020-phy-212-grades-grades-for-jacob-peterson-general-physics-with-calculus-ph-212-400-u2026,https://canvas.oregonstate.edu/courses/2053526/grades,Quiz 1A_6pm,obj-phy-212-assignment-10557099,assignment,Quiz 1A_6pm,https://canvas.oregonstate.edu/courses/2053526/assignments/10557099/submissions/6660414,no,,,,yes,task-00347-phy-212-graded-task-quiz-1a-6pm,graded_task,Jul 6 by 6:25pm,,5,Jul 6 by 6:25pm,,35,graded_task,high,grades_surface_task_not_in_modules,cells=Quiz 1A_6pm Quiz A | Jul 6 by 6:25pm |  |  | Click to test a different score Click to test a different score - / 35 unsubmitted 3245384 10557099 |  | Grade Info See scoring details See rubric results 0 comments 0 | ; text=Quiz 1A_6pm Quiz A Jul 6 by 6:25pm Click to test a different score Click to test a different score - / 35 unsubmitted 3245384 10557099 Grade Info See scoring details See rubric results 0 comments 0
2053526,PHY-212,grades,ev-01619,00020-phy-212-grades-grades-for-jacob-peterson-general-physics-with-calculus-ph-212-400-u2026,https://canvas.oregonstate.edu/courses/2053526/grades,Quiz 1B_6pm,obj-phy-212-assignment-10557102,assignment,Quiz 1B_6pm,https://canvas.oregonstate.edu/courses/2053526/assignments/10557102/submissions/6660414,no,,,,yes,task-00350-phy-212-graded-task-quiz-1b-6pm,graded_task,Jul 6 by 6:55pm,,5,Jul 6 by 6:55pm,,40,graded_task,high,grades_surface_task_not_in_modules,cells=Quiz 1B_6pm Quiz B | Jul 6 by 6:55pm |  |  | Click to test a different score Click to test a different score - / 40 unsubmitted 3245385 10557102 |  | Grade Info See scoring details See rubric results 0 comments 0 | ; text=Quiz 1B_6pm Quiz B Jul 6 by 6:55pm Click to test a different score Click to test a different score - / 40 unsubmitted 3245385 10557102 Grade Info See scoring details See rubric results 0 comments 0
2053526,PHY-212,grades,ev-01620,00020-phy-212-grades-grades-for-jacob-peterson-general-physics-with-calculus-ph-212-400-u2026,https://canvas.oregonstate.edu/courses/2053526/grades,Lab 3 Group report,obj-phy-212-assignment-10557059,assignment,Lab 3 Group report,https://canvas.oregonstate.edu/courses/2053526/assignments/10557059/submissions/6660414,no,,,,yes,task-00326-phy-212-graded-task-lab-3-group-report,graded_task,Jul 11 by 11:59pm,,5,Jul 11 by 11:59pm,,20,graded_task,high,grades_surface_task_not_in_modules,cells=Lab 3 Group report lab | Jul 11 by 11:59pm |  |  | Instructor has not posted this grade Click to test a different score Instructor has not posted this grade - / 20 pending_review 3245380 10557059 |  | Grade Info See scoring details See rubric results 0 comments 0 | ; text=Lab 3 Group report lab Jul 11 by 11:59pm Instructor has not posted this grade Click to test a different score Instructor has not posted this grade - / 20 pending_review 3245380 10557059 Grade Info See scoring details See rubric results 0 comments 0
2053526,PHY-212,grades,ev-01621,00020-phy-212-grades-grades-for-jacob-peterson-general-physics-with-calculus-ph-212-400-u2026,https://canvas.oregonstate.edu/courses/2053526/grades,Quiz 1x,obj-phy-212-assignment-10557104,assignment,Quiz 1x,https://canvas.oregonstate.edu/courses/2053526/assignments/10557104/submissions/6660414,no,,,,yes,task-00352-phy-212-graded-task-quiz-1x,graded_task,,,5,,,0,graded_task,high,grades_surface_task_not_in_modules,cells=Quiz 1x Quiz A | Jul 17 by 6pm |  |  | Instructor has not posted this grade Click to test a different score Instructor has not posted this grade - / 0 pending_review 3245384 10557104 |  | Grade Info See scoring details See rubric results 0 comments 0 | ; text=Quiz 1x Quiz A Jul 17 by 6pm Instructor has not posted this grade Click to test a different score Instructor has not posted this grade - / 0 pending_review 3245384 10557104 Grade Info See scoring details See rubric results 0 comments 0
2053526,PHY-212,grades,ev-01622,00020-phy-212-grades-grades-for-jacob-peterson-general-physics-with-calculus-ph-212-400-u2026,https://canvas.oregonstate.edu/courses/2053526/grades,Quiz 2 Notes,obj-phy-212-assignment-10557105,assignment,Quiz 2 Notes,https://canvas.oregonstate.edu/courses/2053526/assignments/10557105/submissions/6660414,no,,,,yes,task-00353-phy-212-graded-task-quiz-2-notes,graded_task,,,5,,,5,graded_task,high,grades_surface_task_not_in_modules,cells=Quiz 2 Notes Quiz notes | Jul 18 by 5pm |  |  | Click to test a different score Click to test a different score - / 5 unsubmitted 3245383 10557105 |  | Grade Info See scoring details See rubric results 0 comments 0 | ; text=Quiz 2 Notes Quiz notes Jul 18 by 5pm Click to test a different score Click to test a different score - / 5 unsubmitted 3245383 10557105 Grade Info See scoring details See rubric results 0 comments 0
2053526,PHY-212,grades,ev-01623,00020-phy-212-grades-grades-for-jacob-peterson-general-physics-with-calculus-ph-212-400-u2026,https://canvas.oregonstate.edu/courses/2053526/grades,Lab 4 Group Report,obj-phy-212-assignment-10557060,assignment,Lab 4 Group Report,https://canvas.oregonstate.edu/courses/2053526/assignments/10557060/submissions/6660414,no,,,,yes,task-00327-phy-212-graded-task-lab-4-group-report,graded_task,Jul 18 by 11:59pm,,5,Jul 18 by 11:59pm,,20,graded_task,high,grades_surface_task_not_in_modules,cells=Lab 4 Group Report lab | Jul 18 by 11:59pm |  |  | Click to test a different score Click to test a different score - / 20 unsubmitted 3245380 10557060 |  | Grade Info See scoring details See rubric results 0 comments 0 | ; text=Lab 4 Group Report lab Jul 18 by 11:59pm Click to test a different score Click to test a different score - / 20 unsubmitted 3245380 10557060 Grade Info See scoring details See rubric results 0 comments 0
2053526,PHY-212,grades,ev-01624,00020-phy-212-grades-grades-for-jacob-peterson-general-physics-with-calculus-ph-212-400-u2026,https://canvas.oregonstate.edu/courses/2053526/grades,Quiz 2A,obj-phy-212-assignment-10557106,assignment,Quiz 2A,https://canvas.oregonstate.edu/courses/2053526/assignments/10557106/submissions/6660414,no,,,,yes,task-00354-phy-212-graded-task-quiz-2a,graded_task,Jul 20 by 11:25am,,5,Jul 20 by 11:25am,,35,graded_task,high,grades_surface_task_not_in_modules,cells=Quiz 2A Quiz A | Jul 20 by 11:25am |  |  | Click to test a different score Click to test a different score - / 35 unsubmitted 3245384 10557106 |  | Grade Info See scoring details See rubric results 0 comments 0 | ; text=Quiz 2A Quiz A Jul 20 by 11:25am Click to test a different score Click to test a different score - / 35 unsubmitted 3245384 10557106 Grade Info See scoring details See rubric results 0 comments 0
2053526,PHY-212,grades,ev-01625,00020-phy-212-grades-grades-for-jacob-peterson-general-physics-with-calculus-ph-212-400-u2026,https://canvas.oregonstate.edu/courses/2053526/grades,Quiz 2B,obj-phy-212-assignment-10557109,assignment,Quiz 2B,https://canvas.oregonstate.edu/courses/2053526/assignments/10557109/submissions/6660414,no,,,,yes,task-00357-phy-212-graded-task-quiz-2b,graded_task,Jul 20 by 11:55am,,5,Jul 20 by 11:55am,,40,graded_task,high,grades_surface_task_not_in_modules,cells=Quiz 2B Quiz B | Jul 20 by 11:55am |  |  | Click to test a different score Click to test a different score - / 40 unsubmitted 3245385 10557109 |  | Grade Info See scoring details See rubric results 0 comments 0 | ; text=Quiz 2B Quiz B Jul 20 by 11:55am Click to test a different score Click to test a different score - / 40 unsubmitted 3245385 10557109 Grade Info See scoring details See rubric results 0 comments 0
2053526,PHY-212,grades,ev-01626,00020-phy-212-grades-grades-for-jacob-peterson-general-physics-with-calculus-ph-212-400-u2026,https://canvas.oregonstate.edu/courses/2053526/grades,Quiz 2A_asy_work,obj-phy-212-assignment-10557108,assignment,Quiz 2A_asy_work,https://canvas.oregonstate.edu/courses/2053526/assignments/10557108/submissions/6660414,no,,,,yes,task-00356-phy-212-graded-task-quiz-2a-asy-work,graded_task,,,5,,,20,graded_task,high,grades_surface_task_not_in_modules,cells=Quiz 2A_asy_work Quiz_asy work | Jul 20 by 5pm |  |  | Click to test a different score Click to test a different score - / 20 unsubmitted 3245387 10557108 |  | Grade Info See scoring details See rubric results 0 comments 0 | ; text=Quiz 2A_asy_work Quiz_asy work Jul 20 by 5pm Click to test a different score Click to test a different score - / 20 unsubmitted 3245387 10557108 Grade Info See scoring details See rubric results 0 comments 0
2053526,PHY-212,grades,ev-01627,00020-phy-212-grades-grades-for-jacob-peterson-general-physics-with-calculus-ph-212-400-u2026,https://canvas.oregonstate.edu/courses/2053526/grades,Quiz 2B_asy_work,obj-phy-212-assignment-10557111,assignment,Quiz 2B_asy_work,https://canvas.oregonstate.edu/courses/2053526/assignments/10557111/submissions/6660414,no,,,,yes,task-00359-phy-212-graded-task-quiz-2b-asy-work,graded_task,,,5,,,40,graded_task,high,grades_surface_task_not_in_modules,cells=Quiz 2B_asy_work Quiz_asy work | Jul 20 by 5pm |  |  | Click to test a different score Click to test a different score - / 40 unsubmitted 3245387 10557111 |  | Grade Info See scoring details See rubric results 0 comments 0 | ; text=Quiz 2B_asy_work Quiz_asy work Jul 20 by 5pm Click to test a different score Click to test a different score - / 40 unsubmitted 3245387 10557111 Grade Info See scoring details See rubric results 0 comments 0
2053526,PHY-212,grades,ev-01628,00020-phy-212-grades-grades-for-jacob-peterson-general-physics-with-calculus-ph-212-400-u2026,https://canvas.oregonstate.edu/courses/2053526/grades,Quiz 2A_6pm,obj-phy-212-assignment-10557107,assignment,Quiz 2A_6pm,https://canvas.oregonstate.edu/courses/2053526/assignments/10557107/submissions/6660414,no,,,,yes,task-00355-phy-212-graded-task-quiz-2a-6pm,graded_task,Jul 20 by 6:25pm,,5,Jul 20 by 6:25pm,,35,graded_task,high,grades_surface_task_not_in_modules,cells=Quiz 2A_6pm Quiz A | Jul 20 by 6:25pm |  |  | Click to test a different score Click to test a different score - / 35 unsubmitted 3245384 10557107 |  | Grade Info See scoring details See rubric results 0 comments 0 | ; text=Quiz 2A_6pm Quiz A Jul 20 by 6:25pm Click to test a different score Click to test a different score - / 35 unsubmitted 3245384 10557107 Grade Info See scoring details See rubric results 0 comments 0
2053526,PHY-212,grades,ev-01629,00020-phy-212-grades-grades-for-jacob-peterson-general-physics-with-calculus-ph-212-400-u2026,https://canvas.oregonstate.edu/courses/2053526/grades,Quiz 2B_6pm,obj-phy-212-assignment-10557110,assignment,Quiz 2B_6pm,https://canvas.oregonstate.edu/courses/2053526/assignments/10557110/submissions/6660414,no,,,,yes,task-00358-phy-212-graded-task-quiz-2b-6pm,graded_task,Jul 20 by 6:55pm,,5,Jul 20 by 6:55pm,,40,graded_task,high,grades_surface_task_not_in_modules,cells=Quiz 2B_6pm Quiz B | Jul 20 by 6:55pm |  |  | Click to test a different score Click to test a different score - / 40 unsubmitted 3245385 10557110 |  | Grade Info See scoring details See rubric results 0 comments 0 | ; text=Quiz 2B_6pm Quiz B Jul 20 by 6:55pm Click to test a different score Click to test a different score - / 40 unsubmitted 3245385 10557110 Grade Info See scoring details See rubric results 0 comments 0
2053526,PHY-212,grades,ev-01630,00020-phy-212-grades-grades-for-jacob-peterson-general-physics-with-calculus-ph-212-400-u2026,https://canvas.oregonstate.edu/courses/2053526/grades,Lab 5 Group report,obj-phy-212-assignment-10557061,assignment,Lab 5 Group report,https://canvas.oregonstate.edu/courses/2053526/assignments/10557061/submissions/6660414,no,,,,yes,task-00328-phy-212-graded-task-lab-5-group-report,graded_task,Jul 25 by 11:59pm,,5,Jul 25 by 11:59pm,,20,graded_task,high,grades_surface_task_not_in_modules,cells=Lab 5 Group report lab | Jul 25 by 11:59pm |  |  | Click to test a different score Click to test a different score - / 20 unsubmitted 3245380 10557061 |  | Grade Info See scoring details See rubric results 0 comments 0 | ; text=Lab 5 Group report lab Jul 25 by 11:59pm Click to test a different score Click to test a different score - / 20 unsubmitted 3245380 10557061 Grade Info See scoring details See rubric results 0 comments 0
2053526,PHY-212,grades,ev-01631,00020-phy-212-grades-grades-for-jacob-peterson-general-physics-with-calculus-ph-212-400-u2026,https://canvas.oregonstate.edu/courses/2053526/grades,Quiz 3 Notes,obj-phy-212-assignment-10557113,assignment,Quiz 3 Notes,https://canvas.oregonstate.edu/courses/2053526/assignments/10557113/submissions/6660414,no,,,,yes,task-00361-phy-212-graded-task-quiz-3-notes,graded_task,,,5,,,5,graded_task,high,grades_surface_task_not_in_modules,cells=Quiz 3 Notes Quiz notes | Aug 1 by 5pm |  |  | Click to test a different score Click to test a different score - / 5 unsubmitted 3245383 10557113 |  | Grade Info See scoring details See rubric results 0 comments 0 | ; text=Quiz 3 Notes Quiz notes Aug 1 by 5pm Click to test a different score Click to test a different score - / 5 unsubmitted 3245383 10557113 Grade Info See scoring details See rubric results 0 comments 0
2053526,PHY-212,grades,ev-01632,00020-phy-212-grades-grades-for-jacob-peterson-general-physics-with-calculus-ph-212-400-u2026,https://canvas.oregonstate.edu/courses/2053526/grades,Capstone Lab Week 1 Group Report,obj-phy-212-assignment-10557047,assignment,Capstone Lab Week 1 Group Report,https://canvas.oregonstate.edu/courses/2053526/assignments/10557047/submissions/6660414,no,,,,yes,task-00322-phy-212-graded-task-capstone-lab-week-1-group-report,graded_task,Aug 1 by 11:59pm,,5,Aug 1 by 11:59pm,,20,graded_task,high,grades_surface_task_not_in_modules,cells=Capstone Lab Week 1 Group Report lab | Aug 1 by 11:59pm |  |  | Click to test a different score Click to test a different score - / 20 unsubmitted 3245380 10557047 |  | Grade Info See scoring details See rubric results 0 comments 0 | ; text=Capstone Lab Week 1 Group Report lab Aug 1 by 11:59pm Click to test a different score Click to test a different score - / 20 unsubmitted 3245380 10557047 Grade Info See scoring details See rubric results 0 comments 0
2053526,PHY-212,grades,ev-01633,00020-phy-212-grades-grades-for-jacob-peterson-general-physics-with-calculus-ph-212-400-u2026,https://canvas.oregonstate.edu/courses/2053526/grades,Quiz 3A,obj-phy-212-assignment-10557114,assignment,Quiz 3A,https://canvas.oregonstate.edu/courses/2053526/assignments/10557114/submissions/6660414,no,,,,yes,task-00362-phy-212-graded-task-quiz-3a,graded_task,Aug 3 by 11:25am,,5,Aug 3 by 11:25am,,35,graded_task,high,grades_surface_task_not_in_modules,cells=Quiz 3A Quiz A | Aug 3 by 11:25am |  |  | Click to test a different score Click to test a different score - / 35 unsubmitted 3245384 10557114 |  | Grade Info See scoring details See rubric results 0 comments 0 | ; text=Quiz 3A Quiz A Aug 3 by 11:25am Click to test a different score Click to test a different score - / 35 unsubmitted 3245384 10557114 Grade Info See scoring details See rubric results 0 comments 0
2053526,PHY-212,grades,ev-01634,00020-phy-212-grades-grades-for-jacob-peterson-general-physics-with-calculus-ph-212-400-u2026,https://canvas.oregonstate.edu/courses/2053526/grades,Quiz 3B,obj-phy-212-assignment-10557117,assignment,Quiz 3B,https://canvas.oregonstate.edu/courses/2053526/assignments/10557117/submissions/6660414,no,,,,yes,task-00365-phy-212-graded-task-quiz-3b,graded_task,Aug 3 by 11:55am,,5,Aug 3 by 11:55am,,40,graded_task,high,grades_surface_task_not_in_modules,cells=Quiz 3B Quiz B | Aug 3 by 11:55am |  |  | Click to test a different score Click to test a different score - / 40 unsubmitted 3245385 10557117 |  | Grade Info See scoring details See rubric results 0 comments 0 | ; text=Quiz 3B Quiz B Aug 3 by 11:55am Click to test a different score Click to test a different score - / 40 unsubmitted 3245385 10557117 Grade Info See scoring details See rubric results 0 comments 0
2053526,PHY-212,grades,ev-01635,00020-phy-212-grades-grades-for-jacob-peterson-general-physics-with-calculus-ph-212-400-u2026,https://canvas.oregonstate.edu/courses/2053526/grades,Quiz 3A_asy_work,obj-phy-212-assignment-10557116,assignment,Quiz 3A_asy_work,https://canvas.oregonstate.edu/courses/2053526/assignments/10557116/submissions/6660414,no,,,,yes,task-00364-phy-212-graded-task-quiz-3a-asy-work,graded_task,,,5,,,20,graded_task,high,grades_surface_task_not_in_modules,cells=Quiz 3A_asy_work Quiz_asy work | Aug 3 by 5pm |  |  | Click to test a different score Click to test a different score - / 20 unsubmitted 3245387 10557116 |  | Grade Info See scoring details See rubric results 0 comments 0 | ; text=Quiz 3A_asy_work Quiz_asy work Aug 3 by 5pm Click to test a different score Click to test a different score - / 20 unsubmitted 3245387 10557116 Grade Info See scoring details See rubric results 0 comments 0
2053526,PHY-212,grades,ev-01636,00020-phy-212-grades-grades-for-jacob-peterson-general-physics-with-calculus-ph-212-400-u2026,https://canvas.oregonstate.edu/courses/2053526/grades,Quiz 3B_asy_work,obj-phy-212-assignment-10557119,assignment,Quiz 3B_asy_work,https://canvas.oregonstate.edu/courses/2053526/assignments/10557119/submissions/6660414,no,,,,yes,task-00367-phy-212-graded-task-quiz-3b-asy-work,graded_task,,,5,,,40,graded_task,high,grades_surface_task_not_in_modules,cells=Quiz 3B_asy_work Quiz_asy work | Aug 3 by 5pm |  |  | Click to test a different score Click to test a different score - / 40 unsubmitted 3245387 10557119 |  | Grade Info See scoring details See rubric results 0 comments 0 | ; text=Quiz 3B_asy_work Quiz_asy work Aug 3 by 5pm Click to test a different score Click to test a different score - / 40 unsubmitted 3245387 10557119 Grade Info See scoring details See rubric results 0 comments 0
2053526,PHY-212,grades,ev-01637,00020-phy-212-grades-grades-for-jacob-peterson-general-physics-with-calculus-ph-212-400-u2026,https://canvas.oregonstate.edu/courses/2053526/grades,Quiz 3A_6pm,obj-phy-212-assignment-10557115,assignment,Quiz 3A_6pm,https://canvas.oregonstate.edu/courses/2053526/assignments/10557115/submissions/6660414,no,,,,yes,task-00363-phy-212-graded-task-quiz-3a-6pm,graded_task,Aug 3 by 6:25pm,,5,Aug 3 by 6:25pm,,35,graded_task,high,grades_surface_task_not_in_modules,cells=Quiz 3A_6pm Quiz A | Aug 3 by 6:25pm |  |  | Click to test a different score Click to test a different score - / 35 unsubmitted 3245384 10557115 |  | Grade Info See scoring details See rubric results 0 comments 0 | ; text=Quiz 3A_6pm Quiz A Aug 3 by 6:25pm Click to test a different score Click to test a different score - / 35 unsubmitted 3245384 10557115 Grade Info See scoring details See rubric results 0 comments 0
2053526,PHY-212,grades,ev-01638,00020-phy-212-grades-grades-for-jacob-peterson-general-physics-with-calculus-ph-212-400-u2026,https://canvas.oregonstate.edu/courses/2053526/grades,Quiz 3B_6pm,obj-phy-212-assignment-10557118,assignment,Quiz 3B_6pm,https://canvas.oregonstate.edu/courses/2053526/assignments/10557118/submissions/6660414,no,,,,yes,task-00366-phy-212-graded-task-quiz-3b-6pm,graded_task,Aug 3 by 6:55pm,,5,Aug 3 by 6:55pm,,40,graded_task,high,grades_surface_task_not_in_modules,cells=Quiz 3B_6pm Quiz B | Aug 3 by 6:55pm |  |  | Click to test a different score Click to test a different score - / 40 unsubmitted 3245385 10557118 |  | Grade Info See scoring details See rubric results 0 comments 0 | ; text=Quiz 3B_6pm Quiz B Aug 3 by 6:55pm Click to test a different score Click to test a different score - / 40 unsubmitted 3245385 10557118 Grade Info See scoring details See rubric results 0 comments 0
2053526,PHY-212,grades,ev-01639,00020-phy-212-grades-grades-for-jacob-peterson-general-physics-with-calculus-ph-212-400-u2026,https://canvas.oregonstate.edu/courses/2053526/grades,Capstone Lab Week 2 Group Report,obj-phy-212-assignment-10557046,assignment,Capstone Lab Week 2 Group Report,https://canvas.oregonstate.edu/courses/2053526/assignments/10557046/submissions/6660414,no,,,,yes,task-00323-phy-212-graded-task-capstone-lab-week-2-group-report,graded_task,Aug 15 by 11:59pm,,5,Aug 15 by 11:59pm,,20,graded_task,high,grades_surface_task_not_in_modules,cells=Capstone Lab Week 2 Group Report lab | Aug 15 by 11:59pm |  |  | Click to test a different score Click to test a different score - / 20 unsubmitted 3245380 10557046 |  | Grade Info See scoring details See rubric results 0 comments 0 | ; text=Capstone Lab Week 2 Group Report lab Aug 15 by 11:59pm Click to test a different score Click to test a different score - / 20 unsubmitted 3245380 10557046 Grade Info See scoring details See rubric results 0 comments 0
