captured_file_id,course_id,course_code,canvas_file_id,object_ids,download_ids,download_manifest_ids,hrefs,source_page_ids,source_page_titles,desktop_source_path,repo_file_path,original_file_name,manifest_file_names,file_type,byte_size,sha256,match_score,capture_status,parse_status,parsed_markdown_path,captured_at,notes
captured-0001-phy-212-118706071,2053526,PHY-212,118706071,obj-phy-212-download-118706071,dl-phy-212-0040|dl-phy-212-0041,download-0040|download-0041,https://canvas.oregonstate.edu/courses/2053526/files/118706071/download?download_frd=1|https://canvas.oregonstate.edu/courses/2053526/files/118706071/download?wrap=1,00272-phy-212-module-item-gradescope-general-physics-with-calculus-ph-212-400-u2026,Gradescope: GENERAL PHYSICS WITH CALCULUS (PH_212_400_U2026),/Users/jake/Developer/SU26/canvas/indexer/output/downloaded_files/PHY-212_118706071_submittinghwguidenew.pdf,/Users/jake/Developer/SU26/canvas/indexer/output/downloaded_files/PHY-212_118706071_submittinghwguidenew.pdf,PHY-212_118706071_submittinghwguidenew.pdf,Scannable or GeniusScan,pdf,717103,20d4c41189f89d6922ca9ade54fc12ee13757a95bb5d9df69d3c9d3a597e35f2,100,copied_to_repo,parsed,/Users/jake/Developer/SU26/canvas/indexer/output/parsed_files/captured-0001-phy-212-118706071.md,2026-06-26T23:45:13.796984+00:00,
captured-0002-phy-212-118705530,2053526,PHY-212,118705530,obj-phy-212-download-118705530,dl-phy-212-0038|dl-phy-212-0039,download-0038|download-0039,https://canvas.oregonstate.edu/courses/2053526/files/118705530/download?download_frd=1|https://canvas.oregonstate.edu/courses/2053526/files/118705530/download?wrap=1,00272-phy-212-module-item-gradescope-general-physics-with-calculus-ph-212-400-u2026,Gradescope: GENERAL PHYSICS WITH CALCULUS (PH_212_400_U2026),/Users/jake/Developer/SU26/canvas/indexer/output/downloaded_files/PHY-212_118705530_gradescope_tips.pdf,/Users/jake/Developer/SU26/canvas/indexer/output/downloaded_files/PHY-212_118705530_gradescope_tips.pdf,PHY-212_118705530_gradescope_tips.pdf,CamScanner,pdf,1280796,0906f8d88e6cbd6d50a9716dd22e2d045e9db8bc0e7a4cf587b13d6968cf78b4,100,copied_to_repo,parsed,/Users/jake/Developer/SU26/canvas/indexer/output/parsed_files/captured-0002-phy-212-118705530.md,2026-06-26T23:45:13.796984+00:00,
captured-0003-phy-212-118705575,2053526,PHY-212,118705575,obj-phy-212-download-118705575,dl-phy-212-0042|dl-phy-212-0094|dl-phy-212-0095,download-0042|download-0094|download-0095,https://canvas.oregonstate.edu/courses/2053526/files/118705575/download?download_frd=1,00273-phy-212-module-item-proctorio-setup-and-troubleshooting-general-physics-with-calculus-ph-212-400-u2026|00441-phy-212-linked-detail-proctorio-guide-pdf-general-physics-with-calculus-ph-212-400-u2026|00442-phy-212-linked-detail-proctorio-setup-and-troubleshooting-general-physics-with-calculus-ph-212-400-u2026,Proctorio Guide.pdf: GENERAL PHYSICS WITH CALCULUS (PH_212_400_U2026)|Proctorio setup and troubleshooting: GENERAL PHYSICS WITH CALCULUS (PH_212_400_U2026),/Users/jake/Developer/SU26/canvas/indexer/output/downloaded_files/PHY-212_118705575_Proctorio Guide.pdf,/Users/jake/Developer/SU26/canvas/indexer/output/downloaded_files/PHY-212_118705575_Proctorio Guide.pdf,PHY-212_118705575_Proctorio Guide.pdf,Download|Proctorio Guide|Proctorio Guide.pdf,pdf,199373,de9d502c534d9cc0f27b9ccbd985365c6ce8e820e1d8804639d28437b1fc18d6,100,copied_to_repo,parsed,/Users/jake/Developer/SU26/canvas/indexer/output/parsed_files/captured-0003-phy-212-118705575.md,2026-06-26T23:45:13.796984+00:00,
captured-0004-mth-253-118558963,2053263,MTH-253,118558963,obj-mth-253-download-118558963,dl-mth-253-0031|dl-mth-253-0081|dl-mth-253-0084|dl-mth-253-0092,download-0031|download-0081|download-0084|download-0092,https://canvas.oregonstate.edu/courses/2053263/files/118558963/download?download_frd=1,00176-mth-253-module-item-unit-1-learning-materials-sequences-and-series-mth-253z-400-u2026|00416-mth-253-linked-detail-unit-1-learning-materials-sequences-and-series-mth-253z-400-u2026|00419-mth-253-linked-detail-improper-integrals-pdf-sequences-and-series-mth-253z-400-u2026|00438-mth-253-linked-detail-unit-1-learning-materials-sequences-and-series-mth-253z-400-u2026,Improper Integrals.pdf: SEQUENCES AND SERIES (MTH_253Z_400_U2026)|Unit 1 - Learning Materials: SEQUENCES AND SERIES (MTH_253Z_400_U2026),/Users/jake/Developer/SU26/canvas/indexer/output/downloaded_files/MTH-253_118558963_Improper Integrals.pdf,/Users/jake/Developer/SU26/canvas/indexer/output/downloaded_files/MTH-253_118558963_Improper Integrals.pdf,MTH-253_118558963_Improper Integrals.pdf,Download|Improper Integrals.pdf,pdf,90921,eed9a9eb3f93ead0f3289a9b873f02e71ddbb5ed67767427901bc6d641188d89,100,copied_to_repo,parsed,/Users/jake/Developer/SU26/canvas/indexer/output/parsed_files/captured-0004-mth-253-118558963.md,2026-06-26T23:45:13.796984+00:00,
captured-0005-mth-253-118558956,2053263,MTH-253,118558956,obj-mth-253-download-118558956,dl-mth-253-0033|dl-mth-253-0087,download-0033|download-0087,https://canvas.oregonstate.edu/courses/2053263/files/118558956/download?download_frd=1,00210-mth-253-module-item-mth-253-final-exam-practice-problems-pdf-sequences-and-series-mth-253z-400-u2026|00436-mth-253-linked-detail-mth-253-final-exam-practice-problems-pdf-sequences-and-series-mth-253z-400-u2026,MTH 253 - Final Exam Practice Problems.pdf: SEQUENCES AND SERIES (MTH_253Z_400_U2026),/Users/jake/Developer/SU26/canvas/indexer/output/downloaded_files/MTH-253_118558956_MTH 253 - Final Exam Practice Problems.pdf,/Users/jake/Developer/SU26/canvas/indexer/output/downloaded_files/MTH-253_118558956_MTH 253 - Final Exam Practice Problems.pdf,MTH-253_118558956_MTH 253 - Final Exam Practice Problems.pdf,MTH 253 - Final Exam Practice Problems.pdf,pdf,356513,5a0579c3d8b49b76438fe12a337fb081fd20024d9987b592921e6027845f4ac7,100,copied_to_repo,parsed,/Users/jake/Developer/SU26/canvas/indexer/output/parsed_files/captured-0005-mth-253-118558956.md,2026-06-26T23:45:13.796984+00:00,
captured-0006-mth-253-118558944,2053263,MTH-253,118558944,obj-mth-253-download-118558944,dl-mth-253-0034|dl-mth-253-0088,download-0034|download-0088,https://canvas.oregonstate.edu/courses/2053263/files/118558944/download?download_frd=1,00211-mth-253-module-item-mth-253-final-exam-practice-problems-answers-pdf-sequences-and-series-mth-253z-400-u2026|00437-mth-253-linked-detail-mth-253-final-exam-practice-problems-answers-pdf-sequences-and-series-mth-253z-400-u2026,MTH 253 - Final Exam Practice Problems - Answers.pdf: SEQUENCES AND SERIES (MTH_253Z_400_U2026),/Users/jake/Developer/SU26/canvas/indexer/output/downloaded_files/MTH-253_118558944_MTH 253 - Final Exam Practice Problems - Answers.pdf,/Users/jake/Developer/SU26/canvas/indexer/output/downloaded_files/MTH-253_118558944_MTH 253 - Final Exam Practice Problems - Answers.pdf,MTH-253_118558944_MTH 253 - Final Exam Practice Problems - Answers.pdf,MTH 253 - Final Exam Practice Problems - Answers.pdf,pdf,440868,1f9ffe611454873186637f0a19c8c38edf64c3f8bf1dcf59668043684b144225,100,copied_to_repo,parsed,/Users/jake/Developer/SU26/canvas/indexer/output/parsed_files/captured-0006-mth-253-118558944.md,2026-06-26T23:45:13.796984+00:00,
captured-0007-mth-253-118558936,2053263,MTH-253,118558936,obj-mth-253-download-118558936,dl-mth-253-0028|dl-mth-253-0077|dl-mth-253-0078|dl-mth-253-0089,download-0028|download-0077|download-0078|download-0089,https://canvas.oregonstate.edu/courses/2053263/files/118558936/download?download_frd=1,00176-mth-253-module-item-unit-1-learning-materials-sequences-and-series-mth-253z-400-u2026|00415-mth-253-linked-detail-evaluating-limits-pdf-sequences-and-series-mth-253z-400-u2026|00416-mth-253-linked-detail-unit-1-learning-materials-sequences-and-series-mth-253z-400-u2026|00438-mth-253-linked-detail-unit-1-learning-materials-sequences-and-series-mth-253z-400-u2026,Evaluating Limits.pdf: SEQUENCES AND SERIES (MTH_253Z_400_U2026)|Unit 1 - Learning Materials: SEQUENCES AND SERIES (MTH_253Z_400_U2026),/Users/jake/Developer/SU26/canvas/indexer/output/downloaded_files/MTH-253_118558936_Evaluating Limits.pdf,/Users/jake/Developer/SU26/canvas/indexer/output/downloaded_files/MTH-253_118558936_Evaluating Limits.pdf,MTH-253_118558936_Evaluating Limits.pdf,Download|Evaluating Limits.pdf,pdf,188700,7630dd0e723d541b15b641e0a3b45d54a9d2232d2c689c6287fb4cc4dad35cae,100,copied_to_repo,parsed,/Users/jake/Developer/SU26/canvas/indexer/output/parsed_files/captured-0007-mth-253-118558936.md,2026-06-26T23:45:13.796984+00:00,
captured-0008-mth-253-118558899,2053263,MTH-253,118558899,obj-mth-253-download-118558899,dl-mth-253-0027|dl-mth-253-0075|dl-mth-253-0076,download-0027|download-0075|download-0076,https://canvas.oregonstate.edu/courses/2053263/files/118558899/download?download_frd=1,00165-mth-253-module-item-start-here-syllabus-sequences-and-series-mth-253z-400-u2026|00412-mth-253-linked-detail-start-here-syllabus-sequences-and-series-mth-253z-400-u2026|00413-mth-253-linked-detail-mth-253-weekly-schedule-docx-sequences-and-series-mth-253z-400-u2026,MTH 253 Weekly Schedule.docx: SEQUENCES AND SERIES (MTH_253Z_400_U2026)|Start Here - Syllabus: SEQUENCES AND SERIES (MTH_253Z_400_U2026),/Users/jake/Developer/SU26/canvas/indexer/output/downloaded_files/MTH-253_118558899_MTH 253 Weekly Schedule.docx,/Users/jake/Developer/SU26/canvas/indexer/output/downloaded_files/MTH-253_118558899_MTH 253 Weekly Schedule.docx,MTH-253_118558899_MTH 253 Weekly Schedule.docx,Download|MTH 253 Weekly Schedule.docx,docx,16330,2c74e981da776467c584b5a843c292a7d7e6685440a7102b12f410bae6b2d958,100,copied_to_repo,parsed,/Users/jake/Developer/SU26/canvas/indexer/output/parsed_files/captured-0008-mth-253-118558899.md,2026-06-26T23:45:13.796984+00:00,
captured-0009-mth-253-118558879,2053263,MTH-253,118558879,obj-mth-253-download-118558879,dl-mth-253-0030|dl-mth-253-0080|dl-mth-253-0083|dl-mth-253-0091,download-0030|download-0080|download-0083|download-0091,https://canvas.oregonstate.edu/courses/2053263/files/118558879/download?download_frd=1,00176-mth-253-module-item-unit-1-learning-materials-sequences-and-series-mth-253z-400-u2026|00416-mth-253-linked-detail-unit-1-learning-materials-sequences-and-series-mth-253z-400-u2026|00418-mth-253-linked-detail-l-hospital-s-rule-pdf-sequences-and-series-mth-253z-400-u2026|00438-mth-253-linked-detail-unit-1-learning-materials-sequences-and-series-mth-253z-400-u2026,L'Hospital's Rule.pdf: SEQUENCES AND SERIES (MTH_253Z_400_U2026)|Unit 1 - Learning Materials: SEQUENCES AND SERIES (MTH_253Z_400_U2026),/Users/jake/Developer/SU26/canvas/indexer/output/downloaded_files/MTH-253_118558879_L-Hospital-s Rule.pdf,/Users/jake/Developer/SU26/canvas/indexer/output/downloaded_files/MTH-253_118558879_L-Hospital-s Rule.pdf,MTH-253_118558879_L-Hospital-s Rule.pdf,Download|L'Hospital's Rule.pdf,pdf,152338,57181616901647cd7f6d8d01e276079fd5782b2969a2c1d027d67359077717b8,100,copied_to_repo,parsed,/Users/jake/Developer/SU26/canvas/indexer/output/parsed_files/captured-0009-mth-253-118558879.md,2026-06-26T23:45:13.796984+00:00,
captured-0010-mth-253-118558848,2053263,MTH-253,118558848,obj-mth-253-download-118558848,dl-mth-253-0029|dl-mth-253-0079|dl-mth-253-0082|dl-mth-253-0090,download-0029|download-0079|download-0082|download-0090,https://canvas.oregonstate.edu/courses/2053263/files/118558848/download?download_frd=1,00176-mth-253-module-item-unit-1-learning-materials-sequences-and-series-mth-253z-400-u2026|00416-mth-253-linked-detail-unit-1-learning-materials-sequences-and-series-mth-253z-400-u2026|00417-mth-253-linked-detail-infinite-limits-pdf-sequences-and-series-mth-253z-400-u2026|00438-mth-253-linked-detail-unit-1-learning-materials-sequences-and-series-mth-253z-400-u2026,Infinite Limits.pdf: SEQUENCES AND SERIES (MTH_253Z_400_U2026)|Unit 1 - Learning Materials: SEQUENCES AND SERIES (MTH_253Z_400_U2026),/Users/jake/Developer/SU26/canvas/indexer/output/downloaded_files/MTH-253_118558848_Infinite Limits.pdf,/Users/jake/Developer/SU26/canvas/indexer/output/downloaded_files/MTH-253_118558848_Infinite Limits.pdf,MTH-253_118558848_Infinite Limits.pdf,Download|Infinite Limits.pdf,pdf,122497,8459fcf6992cd2b420e72ef07ec82ecf51c2652aaa571c63e1a76a52ee4cadb6,100,copied_to_repo,parsed,/Users/jake/Developer/SU26/canvas/indexer/output/parsed_files/captured-0010-mth-253-118558848.md,2026-06-26T23:45:13.796984+00:00,
captured-0011-mth-253-118558797,2053263,MTH-253,118558797,obj-mth-253-download-118558797,dl-mth-253-0032|dl-mth-253-0036|dl-mth-253-0085|dl-mth-253-0086,download-0032|download-0036|download-0085|download-0086,https://canvas.oregonstate.edu/courses/2053263/files/118558797/download?download_frd=1,00179-mth-253-module-item-unit-1-written-homework-assignment|00217-mth-253-linked-detail-unit-1-written-homework-assignment|00420-mth-253-linked-detail-unit-1-written-homework-pdf-sequences-and-series-mth-253z-400-u2026|00421-mth-253-linked-detail-unit-1-written-homework-assignment,Unit #1 Written Homework.pdf: SEQUENCES AND SERIES (MTH_253Z_400_U2026)|Unit 1 - Written Homework Assignment,/Users/jake/Developer/SU26/canvas/indexer/output/downloaded_files/MTH-253_118558797_Unit -1 Written Homework.pdf,/Users/jake/Developer/SU26/canvas/indexer/output/downloaded_files/MTH-253_118558797_Unit -1 Written Homework.pdf,MTH-253_118558797_Unit -1 Written Homework.pdf,Download|Unit #1 Written Homework.pdf,pdf,74128,b10fbafd1333b6225d4106c911887c9dbf607f8248ca848b8c980d96d93d0f47,100,copied_to_repo,parsed,/Users/jake/Developer/SU26/canvas/indexer/output/parsed_files/captured-0011-mth-253-118558797.md,2026-06-26T23:45:13.796984+00:00,
captured-0012-mth-252-119246095,2080857,MTH-252,119246095,obj-mth-252-download-119246095,dl-mth-252-0004|dl-mth-252-0048,download-0004|download-0048,https://canvas.oregonstate.edu/courses/2080857/files/119246095/download?download_frd=1,00028-mth-252-module-item-syllabus-and-calendar-as-of-6-21-both-sections-400-and-401-integral-calculus-mth-252z-400-u2026|00322-mth-252-linked-detail-mth-252-online-course-calendar-pdf-integral-calculus-mth-252z-400-u2026,MTH-252-Online-Course-Calendar.pdf: INTEGRAL CALCULUS (MTH_252Z_400_U2026)|Syllabus and Calendar (as of 6/21) --> Both Sections 400 and 401: INTEGRAL CALCULUS (MTH_252Z_400_U2026),/Users/jake/Developer/SU26/canvas/indexer/output/downloaded_files/MTH-252_119246095_MTH-252-Online-Course-Calendar.pdf,/Users/jake/Developer/SU26/canvas/indexer/output/downloaded_files/MTH-252_119246095_MTH-252-Online-Course-Calendar.pdf,MTH-252_119246095_MTH-252-Online-Course-Calendar.pdf,MTH-252-Online-Course-Calendar.pdf,pdf,139743,899ff94553ae265b04457d941a0dc4509c7d91f9669abbb02a27288e4c85b089,100,copied_to_repo,parsed,/Users/jake/Developer/SU26/canvas/indexer/output/parsed_files/captured-0012-mth-252-119246095.md,2026-06-26T23:45:13.796984+00:00,
captured-0013-mth-252-119246078,2080857,MTH-252,119246078,obj-mth-252-download-119246078,dl-mth-252-0003|dl-mth-252-0047,download-0003|download-0047,https://canvas.oregonstate.edu/courses/2080857/files/119246078/download?download_frd=1,00028-mth-252-module-item-syllabus-and-calendar-as-of-6-21-both-sections-400-and-401-integral-calculus-mth-252z-400-u2026|00321-mth-252-linked-detail-mth-252z-401-syllabus-u26-gilliam-pdf-integral-calculus-mth-252z-400-u2026,MTH 252Z-401 Syllabus U26 Gilliam.pdf: INTEGRAL CALCULUS (MTH_252Z_400_U2026)|Syllabus and Calendar (as of 6/21) --> Both Sections 400 and 401: INTEGRAL CALCULUS (MTH_252Z_400_U2026),/Users/jake/Developer/SU26/canvas/indexer/output/downloaded_files/MTH-252_119246078_MTH 252Z-401 Syllabus U26 Gilliam.pdf,/Users/jake/Developer/SU26/canvas/indexer/output/downloaded_files/MTH-252_119246078_MTH 252Z-401 Syllabus U26 Gilliam.pdf,MTH-252_119246078_MTH 252Z-401 Syllabus U26 Gilliam.pdf,MTH 252Z-401 Syllabus U26 Gilliam.pdf,pdf,484732,a34088cf5650adba81b6fd167153e5c88df559f32f9f9c29ccfa78568fd82af7,100,copied_to_repo,parsed,/Users/jake/Developer/SU26/canvas/indexer/output/parsed_files/captured-0013-mth-252-119246078.md,2026-06-26T23:45:13.796984+00:00,
captured-0014-mth-252-119246076,2080857,MTH-252,119246076,obj-mth-252-download-119246076,dl-mth-252-0002|dl-mth-252-0046,download-0002|download-0046,https://canvas.oregonstate.edu/courses/2080857/files/119246076/download?download_frd=1,00028-mth-252-module-item-syllabus-and-calendar-as-of-6-21-both-sections-400-and-401-integral-calculus-mth-252z-400-u2026|00320-mth-252-linked-detail-mth-252z-400-syllabus-u26-gilliam-pdf-integral-calculus-mth-252z-400-u2026,MTH 252Z-400 Syllabus U26 Gilliam.pdf: INTEGRAL CALCULUS (MTH_252Z_400_U2026)|Syllabus and Calendar (as of 6/21) --> Both Sections 400 and 401: INTEGRAL CALCULUS (MTH_252Z_400_U2026),/Users/jake/Developer/SU26/canvas/indexer/output/downloaded_files/MTH-252_119246076_MTH 252Z-400 Syllabus U26 Gilliam.pdf,/Users/jake/Developer/SU26/canvas/indexer/output/downloaded_files/MTH-252_119246076_MTH 252Z-400 Syllabus U26 Gilliam.pdf,MTH-252_119246076_MTH 252Z-400 Syllabus U26 Gilliam.pdf,MTH 252Z-400 Syllabus U26 Gilliam.pdf,pdf,484349,d4d8b2941e7eb524177e29dc12600bf69945b4f9d9989e6fa4cc3a347662e91d,100,copied_to_repo,parsed,/Users/jake/Developer/SU26/canvas/indexer/output/parsed_files/captured-0014-mth-252-119246076.md,2026-06-26T23:45:13.796984+00:00,
captured-0015-mth-252-119223623,2080857,MTH-252,119223623,obj-mth-252-download-119223623,dl-mth-252-0024|dl-mth-252-0070|dl-mth-252-0071,download-0024|download-0070|download-0071,https://canvas.oregonstate.edu/courses/2080857/files/119223623/download?download_frd=1,00153-mth-252-module-item-mini-exam-3-retake|00405-mth-252-linked-detail-me3-retake-template-pdf-integral-calculus-mth-252z-400-u2026|00406-mth-252-linked-detail-mini-exam-3-retake,ME3-Retake-Template.pdf: INTEGRAL CALCULUS (MTH_252Z_400_U2026)|Mini-Exam 3 - Retake,/Users/jake/Developer/SU26/canvas/indexer/output/downloaded_files/MTH-252_119223623_ME3-Retake-Template.pdf,/Users/jake/Developer/SU26/canvas/indexer/output/downloaded_files/MTH-252_119223623_ME3-Retake-Template.pdf,MTH-252_119223623_ME3-Retake-Template.pdf,Download|ME3-Retake-Template.pdf,pdf,231421,88c6a9ec97546b39355bdc5cc0eb135ea19d115dc791cfba86bee89dc67f8658,100,copied_to_repo,parsed,/Users/jake/Developer/SU26/canvas/indexer/output/parsed_files/captured-0015-mth-252-119223623.md,2026-06-26T23:45:13.796984+00:00,
captured-0016-mth-252-119223618,2080857,MTH-252,119223618,obj-mth-252-download-119223618,dl-mth-252-0020|dl-mth-252-0064|dl-mth-252-0065,download-0020|download-0064|download-0065,https://canvas.oregonstate.edu/courses/2080857/files/119223618/download?download_frd=1,00145-mth-252-module-item-dr-g-s-videos-3-7-integral-calculus-mth-252z-400-u2026|00396-mth-252-linked-detail-252-lecture-2-5-to-me5-pages-5-8-13-17-19-20-1-2-pdf-integral-calculus-mth-252z-400-u2026|00397-mth-252-linked-detail-dr-g-s-videos-3-7-integral-calculus-mth-252z-400-u2026,"252-Lecture-2.5-to-ME5 pages 5 - 8, 13 - 17, 19, 20-1-2.pdf: INTEGRAL CALCULUS (MTH_252Z_400_U2026)|Dr G's Videos --> 3.7: INTEGRAL CALCULUS (MTH_252Z_400_U2026)",/Users/jake/Developer/SU26/canvas/indexer/output/downloaded_files/MTH-252_119223618_252-Lecture-2.5-to-ME5 pages 5 - 8- 13 - 17- 19- 20-1-2.pdf,/Users/jake/Developer/SU26/canvas/indexer/output/downloaded_files/MTH-252_119223618_252-Lecture-2.5-to-ME5 pages 5 - 8- 13 - 17- 19- 20-1-2.pdf,MTH-252_119223618_252-Lecture-2.5-to-ME5 pages 5 - 8- 13 - 17- 19- 20-1-2.pdf,"252-Lecture-2.5-to-ME5 pages 5 - 8, 13 - 17, 19, 20-1-2.pdf|Download",pdf,6513299,2f7a7a07a58e4481872c1e150a1f55c28e44300d7b65024734ae17db921e2106,100,copied_to_repo,parsed,/Users/jake/Developer/SU26/canvas/indexer/output/parsed_files/captured-0016-mth-252-119223618.md,2026-06-26T23:45:13.796984+00:00,
captured-0017-mth-252-119223617,2080857,MTH-252,119223617,obj-mth-252-download-119223617,dl-mth-252-0018|dl-mth-252-0062,download-0018|download-0062,https://canvas.oregonstate.edu/courses/2080857/files/119223617/download?download_frd=1,00135-mth-252-module-item-dr-g-s-videos-2-5-integral-calculus-mth-252z-400-u2026|00390-mth-252-linked-detail-252-lecture-2-5-to-me5-pages-5-8-13-17-19-20-1-1-pdf-integral-calculus-mth-252z-400-u2026,"252-Lecture-2.5-to-ME5 pages 5 - 8, 13 - 17, 19, 20-1-1.pdf: INTEGRAL CALCULUS (MTH_252Z_400_U2026)|Dr. G's Videos --> 2.5: INTEGRAL CALCULUS (MTH_252Z_400_U2026)",/Users/jake/Developer/SU26/canvas/indexer/output/downloaded_files/MTH-252_119223617_252-Lecture-2.5-to-ME5 pages 5 - 8- 13 - 17- 19- 20-1-1.pdf,/Users/jake/Developer/SU26/canvas/indexer/output/downloaded_files/MTH-252_119223617_252-Lecture-2.5-to-ME5 pages 5 - 8- 13 - 17- 19- 20-1-1.pdf,MTH-252_119223617_252-Lecture-2.5-to-ME5 pages 5 - 8- 13 - 17- 19- 20-1-1.pdf,"252-Lecture-2.5-to-ME5 pages 5 - 8, 13 - 17, 19, 20-1-1.pdf",pdf,6513299,2f7a7a07a58e4481872c1e150a1f55c28e44300d7b65024734ae17db921e2106,100,copied_to_repo,parsed,/Users/jake/Developer/SU26/canvas/indexer/output/parsed_files/captured-0017-mth-252-119223617.md,2026-06-26T23:45:13.796984+00:00,
captured-0018-mth-252-119223598,2080857,MTH-252,119223598,obj-mth-252-download-119223598,dl-mth-252-0017|dl-mth-252-0019|dl-mth-252-0061|dl-mth-252-0063,download-0017|download-0019|download-0061|download-0063,https://canvas.oregonstate.edu/courses/2080857/files/119223598/download?download_frd=1,00134-mth-252-module-item-252-lecture-2-5-to-me5-pdf-integral-calculus-mth-252z-400-u2026|00144-mth-252-module-item-252-lecture-2-5-to-me5-pdf-integral-calculus-mth-252z-400-u2026|00388-mth-252-linked-detail-252-lecture-2-5-to-me5-pdf-integral-calculus-mth-252z-400-u2026|00395-mth-252-linked-detail-252-lecture-2-5-to-me5-pdf-integral-calculus-mth-252z-400-u2026,252-Lecture-2.5-to-ME5.pdf: INTEGRAL CALCULUS (MTH_252Z_400_U2026),/Users/jake/Developer/SU26/canvas/indexer/output/downloaded_files/MTH-252_119223598_252-Lecture-2.5-to-ME5.pdf,/Users/jake/Developer/SU26/canvas/indexer/output/downloaded_files/MTH-252_119223598_252-Lecture-2.5-to-ME5.pdf,MTH-252_119223598_252-Lecture-2.5-to-ME5.pdf,252-Lecture-2.5-to-ME5.pdf,pdf,4046967,af4b9812e9ea869fd5fdb112748be51dd8bad70ca72ce3f07746518383b328c8,100,copied_to_repo,parsed,/Users/jake/Developer/SU26/canvas/indexer/output/parsed_files/captured-0018-mth-252-119223598.md,2026-06-26T23:45:13.796984+00:00,
captured-0019-mth-252-119223597,2080857,MTH-252,119223597,obj-mth-252-download-119223597,dl-mth-252-0014|dl-mth-252-0015|dl-mth-252-0058|dl-mth-252-0059,download-0014|download-0015|download-0058|download-0059,https://canvas.oregonstate.edu/courses/2080857/files/119223597/download?download_frd=1,00111-mth-252-module-item-252-lecture-2-1-to-me4-pdf-integral-calculus-mth-252z-400-u2026|00122-mth-252-module-item-252-lecture-2-1-to-me4-pdf-integral-calculus-mth-252z-400-u2026|00373-mth-252-linked-detail-252-lecture-2-1-to-me4-pdf-integral-calculus-mth-252z-400-u2026|00381-mth-252-linked-detail-252-lecture-2-1-to-me4-pdf-integral-calculus-mth-252z-400-u2026,252-Lecture-2.1-to-ME4.pdf: INTEGRAL CALCULUS (MTH_252Z_400_U2026),/Users/jake/Developer/SU26/canvas/indexer/output/downloaded_files/MTH-252_119223597_252-Lecture-2.1-to-ME4.pdf,/Users/jake/Developer/SU26/canvas/indexer/output/downloaded_files/MTH-252_119223597_252-Lecture-2.1-to-ME4.pdf,MTH-252_119223597_252-Lecture-2.1-to-ME4.pdf,252-Lecture-2.1-to-ME4.pdf,pdf,3718914,f9031b235459851eaf69af9822c638be94cb98b86d060a77c0b7f6e10c0f0b9a,100,copied_to_repo,parsed,/Users/jake/Developer/SU26/canvas/indexer/output/parsed_files/captured-0019-mth-252-119223597.md,2026-06-26T23:45:13.796984+00:00,
captured-0020-mth-252-119223595,2080857,MTH-252,119223595,obj-mth-252-download-119223595,dl-mth-252-0012|dl-mth-252-0056,download-0012|download-0056,https://canvas.oregonstate.edu/courses/2080857/files/119223595/download?download_frd=1,00091-mth-252-module-item-lecture-3-1-3-2-pdf-integral-calculus-mth-252z-400-u2026|00361-mth-252-linked-detail-lecture-3-1-3-2-pdf-integral-calculus-mth-252z-400-u2026,Lecture-3.1-3.2.pdf: INTEGRAL CALCULUS (MTH_252Z_400_U2026),/Users/jake/Developer/SU26/canvas/indexer/output/downloaded_files/MTH-252_119223595_Lecture-3.1-3.2.pdf,/Users/jake/Developer/SU26/canvas/indexer/output/downloaded_files/MTH-252_119223595_Lecture-3.1-3.2.pdf,MTH-252_119223595_Lecture-3.1-3.2.pdf,Lecture-3.1-3.2.pdf,pdf,872827,6fc0d090b7924271339c8a1d6f2fd6d598b82a7038a4cba6140afbfa637e4012,100,copied_to_repo,parsed,/Users/jake/Developer/SU26/canvas/indexer/output/parsed_files/captured-0020-mth-252-119223595.md,2026-06-26T23:45:13.796984+00:00,"Machine OCR generated with tesseract from rendered PDF pages; math/formula fidelity is imperfect, but text is attached for search and indexing."
captured-0021-mth-252-119223594,2080857,MTH-252,119223594,obj-mth-252-download-119223594,dl-mth-252-0009|dl-mth-252-0010|dl-mth-252-0053|dl-mth-252-0054,download-0009|download-0010|download-0053|download-0054,https://canvas.oregonstate.edu/courses/2080857/files/119223594/download?download_frd=1,00066-mth-252-module-item-252-lecture-1-3-to-me2-pdf-integral-calculus-mth-252z-400-u2026|00075-mth-252-module-item-252-lecture-1-3-to-me2-pdf-integral-calculus-mth-252z-400-u2026|00340-mth-252-linked-detail-252-lecture-1-3-to-me2-pdf-integral-calculus-mth-252z-400-u2026|00347-mth-252-linked-detail-252-lecture-1-3-to-me2-pdf-integral-calculus-mth-252z-400-u2026,252-Lecture-1.3-to-ME2.pdf: INTEGRAL CALCULUS (MTH_252Z_400_U2026),/Users/jake/Developer/SU26/canvas/indexer/output/downloaded_files/MTH-252_119223594_252-Lecture-1.3-to-ME2.pdf,/Users/jake/Developer/SU26/canvas/indexer/output/downloaded_files/MTH-252_119223594_252-Lecture-1.3-to-ME2.pdf,MTH-252_119223594_252-Lecture-1.3-to-ME2.pdf,252-Lecture-1.3-to-ME2.pdf,pdf,516944,145005ec7d16cb74e61577a4d259e3a97f84fcbb9a9d1808b5542f51f4754e77,100,copied_to_repo,parsed,/Users/jake/Developer/SU26/canvas/indexer/output/parsed_files/captured-0021-mth-252-119223594.md,2026-06-26T23:45:13.796984+00:00,
captured-0022-mth-252-119223565,2080857,MTH-252,119223565,obj-mth-252-download-119223565,dl-mth-252-0005|dl-mth-252-0049,download-0005|download-0049,https://canvas.oregonstate.edu/courses/2080857/files/119223565/download?download_frd=1,00030-mth-252-module-item-achieve-registration-process-v3-pdf-integral-calculus-mth-252z-400-u2026|00323-mth-252-linked-detail-achieve-registration-process-v3-pdf-integral-calculus-mth-252z-400-u2026,Achieve Registration Process_v3.pdf: INTEGRAL CALCULUS (MTH_252Z_400_U2026),/Users/jake/Developer/SU26/canvas/indexer/output/downloaded_files/MTH-252_119223565_Achieve Registration Process_v3.pdf,/Users/jake/Developer/SU26/canvas/indexer/output/downloaded_files/MTH-252_119223565_Achieve Registration Process_v3.pdf,MTH-252_119223565_Achieve Registration Process_v3.pdf,Achieve Registration Process_v3.pdf,pdf,98149,13560291903b5f37057e5ef3d5b5c5cf1b025bd510ca83b45af5b7d15321f6ba,100,copied_to_repo,parsed,/Users/jake/Developer/SU26/canvas/indexer/output/parsed_files/captured-0022-mth-252-119223565.md,2026-06-26T23:45:13.796984+00:00,
captured-0023-mth-252-119223561,2080857,MTH-252,119223561,obj-mth-252-download-119223561,dl-mth-252-0011|dl-mth-252-0013|dl-mth-252-0055|dl-mth-252-0057,download-0011|download-0013|download-0055|download-0057,https://canvas.oregonstate.edu/courses/2080857/files/119223561/download?download_frd=1,00089-mth-252-module-item-252-lecture-3-1-to-me3-pdf-integral-calculus-mth-252z-400-u2026|00100-mth-252-module-item-252-lecture-3-1-to-me3-pdf-integral-calculus-mth-252z-400-u2026|00357-mth-252-linked-detail-252-lecture-3-1-to-me3-pdf-integral-calculus-mth-252z-400-u2026|00365-mth-252-linked-detail-252-lecture-3-1-to-me3-pdf-integral-calculus-mth-252z-400-u2026,252-Lecture-3.1-to-ME3.pdf: INTEGRAL CALCULUS (MTH_252Z_400_U2026),/Users/jake/Developer/SU26/canvas/indexer/output/downloaded_files/MTH-252_119223561_252-Lecture-3.1-to-ME3.pdf,/Users/jake/Developer/SU26/canvas/indexer/output/downloaded_files/MTH-252_119223561_252-Lecture-3.1-to-ME3.pdf,MTH-252_119223561_252-Lecture-3.1-to-ME3.pdf,252-Lecture-3.1-to-ME3.pdf,pdf,428407,68c7d8a98d62a39dd83aa94a22eaa30a70e745dfa7323225c5de8b7a3a881c23,100,copied_to_repo,parsed,/Users/jake/Developer/SU26/canvas/indexer/output/parsed_files/captured-0023-mth-252-119223561.md,2026-06-26T23:45:13.796984+00:00,
captured-0024-mth-252-119223553,2080857,MTH-252,119223553,obj-mth-252-download-119223553,dl-mth-252-0007|dl-mth-252-0008|dl-mth-252-0051|dl-mth-252-0052,download-0007|download-0008|download-0051|download-0052,https://canvas.oregonstate.edu/courses/2080857/files/119223553/download?download_frd=1,00047-mth-252-module-item-252-lecture-1-1-to-me1-pdf-integral-calculus-mth-252z-400-u2026|00056-mth-252-module-item-252-lecture-1-1-to-me1-pdf-integral-calculus-mth-252z-400-u2026|00329-mth-252-linked-detail-252-lecture-1-1-to-me1-pdf-integral-calculus-mth-252z-400-u2026|00334-mth-252-linked-detail-252-lecture-1-1-to-me1-pdf-integral-calculus-mth-252z-400-u2026,252-Lecture-1.1-to-ME1.pdf: INTEGRAL CALCULUS (MTH_252Z_400_U2026),/Users/jake/Developer/SU26/canvas/indexer/output/downloaded_files/MTH-252_119223553_252-Lecture-1.1-to-ME1.pdf,/Users/jake/Developer/SU26/canvas/indexer/output/downloaded_files/MTH-252_119223553_252-Lecture-1.1-to-ME1.pdf,MTH-252_119223553_252-Lecture-1.1-to-ME1.pdf,252-Lecture-1.1-to-ME1.pdf,pdf,4495146,2217bee0d27f7ea922723ee4a39b1bdd11d10475c6e4fa9d6526c73cae6392eb,100,copied_to_repo,parsed,/Users/jake/Developer/SU26/canvas/indexer/output/parsed_files/captured-0024-mth-252-119223553.md,2026-06-26T23:45:13.796984+00:00,
captured-0025-mth-252-119223484,2080857,MTH-252,119223484,obj-mth-252-download-119223484,dl-mth-252-0006|dl-mth-252-0050,download-0006|download-0050,https://canvas.oregonstate.edu/courses/2080857/files/119223484/download?download_frd=1,00039-mth-252-module-item-mlc-hours-pdf-integral-calculus-mth-252z-400-u2026|00326-mth-252-linked-detail-mlc-hours-pdf-integral-calculus-mth-252z-400-u2026,MLC Hours.pdf: INTEGRAL CALCULUS (MTH_252Z_400_U2026),/Users/jake/Developer/SU26/canvas/indexer/output/downloaded_files/MTH-252_119223484_MLC Hours.pdf,/Users/jake/Developer/SU26/canvas/indexer/output/downloaded_files/MTH-252_119223484_MLC Hours.pdf,MTH-252_119223484_MLC Hours.pdf,MLC Hours.pdf,pdf,39624,dbee144e08996612105f367faa6a1d153f0d4d0cd88c273a7cd1ebf28d27ecc8,100,copied_to_repo,parsed,/Users/jake/Developer/SU26/canvas/indexer/output/parsed_files/captured-0025-mth-252-119223484.md,2026-06-26T23:45:13.796984+00:00,
captured-0026-mth-252-119223466,2080857,MTH-252,119223466,obj-mth-252-download-119223466,dl-mth-252-0016|dl-mth-252-0060,download-0016|download-0060,https://canvas.oregonstate.edu/courses/2080857/files/119223466/download?download_frd=1,00123-mth-252-module-item-lecture-2-3-2-4-pdf-integral-calculus-mth-252z-400-u2026|00382-mth-252-linked-detail-lecture-2-3-2-4-pdf-integral-calculus-mth-252z-400-u2026,Lecture-2.3-2.4.pdf: INTEGRAL CALCULUS (MTH_252Z_400_U2026),/Users/jake/Developer/SU26/canvas/indexer/output/downloaded_files/MTH-252_119223466_Lecture-2.3-2.4.pdf,/Users/jake/Developer/SU26/canvas/indexer/output/downloaded_files/MTH-252_119223466_Lecture-2.3-2.4.pdf,MTH-252_119223466_Lecture-2.3-2.4.pdf,Lecture-2.3-2.4.pdf,pdf,2577142,40f0ce0ea169527cb44217e2dbb104d0eca874abe32127c0594fba9110f6832e,100,copied_to_repo,parsed,/Users/jake/Developer/SU26/canvas/indexer/output/parsed_files/captured-0026-mth-252-119223466.md,2026-06-26T23:45:13.796984+00:00,"Machine OCR generated with tesseract from rendered PDF pages; math/formula fidelity is imperfect, but text is attached for search and indexing."
captured-0027-mth-252-119223455,2080857,MTH-252,119223455,obj-mth-252-download-119223455,dl-mth-252-0021|dl-mth-252-0066|dl-mth-252-0067,download-0021|download-0066|download-0067,https://canvas.oregonstate.edu/courses/2080857/files/119223455/download?download_frd=1,00152-mth-252-module-item-mini-exam-2-retake|00403-mth-252-linked-detail-me2-retake-template-pdf-integral-calculus-mth-252z-400-u2026|00404-mth-252-linked-detail-mini-exam-2-retake,ME2-Retake-Template.pdf: INTEGRAL CALCULUS (MTH_252Z_400_U2026)|Mini-Exam 2 - Retake,/Users/jake/Developer/SU26/canvas/indexer/output/downloaded_files/MTH-252_119223455_ME2-Retake-Template.pdf,/Users/jake/Developer/SU26/canvas/indexer/output/downloaded_files/MTH-252_119223455_ME2-Retake-Template.pdf,MTH-252_119223455_ME2-Retake-Template.pdf,Download|ME2-Retake-Template.pdf,pdf,194582,3d63eb60b624aa52f94a62601d0d5552e5457bf8de19689254eb5ee6331a3fe2,100,copied_to_repo,parsed,/Users/jake/Developer/SU26/canvas/indexer/output/parsed_files/captured-0027-mth-252-119223455.md,2026-06-26T23:45:13.796984+00:00,
captured-0028-mth-252-119223452,2080857,MTH-252,119223452,obj-mth-252-download-119223452,dl-mth-252-0025|dl-mth-252-0072|dl-mth-252-0073,download-0025|download-0072|download-0073,https://canvas.oregonstate.edu/courses/2080857/files/119223452/download?download_frd=1,00154-mth-252-module-item-mini-exam-4-retake|00407-mth-252-linked-detail-me4-retake-template-pdf-integral-calculus-mth-252z-400-u2026|00408-mth-252-linked-detail-mini-exam-4-retake,ME4-Retake-Template.pdf: INTEGRAL CALCULUS (MTH_252Z_400_U2026)|Mini-Exam 4 - Retake,/Users/jake/Developer/SU26/canvas/indexer/output/downloaded_files/MTH-252_119223452_ME4-Retake-Template.pdf,/Users/jake/Developer/SU26/canvas/indexer/output/downloaded_files/MTH-252_119223452_ME4-Retake-Template.pdf,MTH-252_119223452_ME4-Retake-Template.pdf,Download|ME4-Retake-Template.pdf,pdf,214621,b4f69e6c8938e7a66a0284b984df93116e3eb32093c2027c7118a08df73578fc,100,copied_to_repo,parsed,/Users/jake/Developer/SU26/canvas/indexer/output/parsed_files/captured-0028-mth-252-119223452.md,2026-06-26T23:45:13.796984+00:00,
captured-0029-mth-253-119228487,2053263,MTH-253,119228487,obj-mth-253-download-119228487,dl-mth-253-0001|dl-mth-253-0026|dl-mth-253-0035|dl-mth-253-0074,download-0001|download-0026|download-0035|download-0074,https://canvas.oregonstate.edu/courses/2053263/files/119228487/download?download_frd=1,00014-mth-253-syllabus-syllabus-for-sequences-and-series-mth-253z-400-u2026|00165-mth-253-module-item-start-here-syllabus-sequences-and-series-mth-253z-400-u2026|00216-mth-253-linked-detail-mth-253-course-syllabus-summer-2026-pdf-sequences-and-series-mth-253z-400-u2026|00412-mth-253-linked-detail-start-here-syllabus-sequences-and-series-mth-253z-400-u2026,MTH_253_Course_Syllabus_Summer_2026.pdf: SEQUENCES AND SERIES (MTH_253Z_400_U2026)|Start Here - Syllabus: SEQUENCES AND SERIES (MTH_253Z_400_U2026)|Syllabus for SEQUENCES AND SERIES (MTH_253Z_400_U2026),/Users/jake/Developer/SU26/canvas/indexer/output/downloaded_files/MTH-253_119228487_MTH_253_Course_Syllabus_Summer_2026.pdf,/Users/jake/Developer/SU26/canvas/indexer/output/downloaded_files/MTH-253_119228487_MTH_253_Course_Syllabus_Summer_2026.pdf,MTH-253_119228487_MTH_253_Course_Syllabus_Summer_2026.pdf,Download|MTH_253_Course_Syllabus_Summer_2026.pdf|Syllabus,pdf,234870,992f6315764ec328c3d3bc868620dfbbc1e86508787671e86d051e964e6b8a83,100,copied_to_repo,parsed,/Users/jake/Developer/SU26/canvas/indexer/output/parsed_files/captured-0029-mth-253-119228487.md,2026-06-26T23:45:13.796984+00:00,
captured-0030-phy-212-119291668,2053526,PHY-212,119291668,obj-phy-212-download-119291668,dl-phy-212-0045|dl-phy-212-0097|dl-phy-212-0101|dl-phy-212-0102,download-0045|download-0097|download-0101|download-0102,https://canvas.oregonstate.edu/users/6660414/files/119291668/download?verifier=cdD2R6qdibRpUciTWHAs5zvLNXk26R9XpDM5z6h2&download_frd=1,00300-phy-212-assignment-detail-m1-1asy-general-physics-with-calculus-ph-212-400-u2026|00452-phy-212-linked-detail-m1-1asy-general-physics-with-calculus-ph-212-400-u2026|00493-phy-212-linked-detail-m1-1asy-general-physics-with-calculus-ph-212-400-u2026|00494-phy-212-linked-detail-jacob-peterson-s-quiz-history-m1-1asy,Jacob Peterson's Quiz History: M1-1asy|M1-1asy: GENERAL PHYSICS WITH CALCULUS (PH_212_400_U2026),/Users/jake/Developer/SU26/canvas/indexer/output/downloaded_files/PHY-212_119291668_M1-01.pdf,/Users/jake/Developer/SU26/canvas/indexer/output/downloaded_files/PHY-212_119291668_M1-01.pdf,PHY-212_119291668_M1-01.pdf,M1-01.pdf,pdf,254128,9cb30947ef98199b212aa9ef8fe8435166dc52f38e6657b3751507c47dd1cad9,100,copied_to_repo,parsed,/Users/jake/Developer/SU26/canvas/indexer/output/parsed_files/captured-0030-phy-212-119291668.md,2026-06-26T23:45:13.796984+00:00,Manual transcription from rendered PDF image because PDF text extraction returned empty text.
captured-0031-phy-212-119284452,2053526,PHY-212,119284452,obj-phy-212-download-119284452,dl-phy-212-0044|dl-phy-212-0098|dl-phy-212-0099|dl-phy-212-0100,download-0044|download-0098|download-0099|download-0100,https://canvas.oregonstate.edu/users/6660414/files/119284452/download?verifier=tdhRrXaJuL3lgDaVYfufXRkHXlGkrpdaExKG1oBJ&download_frd=1,00298-phy-212-assignment-detail-m1-00asy-general-physics-with-calculus-ph-212-400-u2026|00485-phy-212-linked-detail-m1-00asy-general-physics-with-calculus-ph-212-400-u2026|00486-phy-212-linked-detail-jacob-peterson-s-quiz-history-m1-00asy|00487-phy-212-linked-detail-m1-00asy-general-physics-with-calculus-ph-212-400-u2026,Jacob Peterson's Quiz History: M1-00asy|M1-00asy: GENERAL PHYSICS WITH CALCULUS (PH_212_400_U2026),/Users/jake/Developer/SU26/canvas/indexer/output/downloaded_files/PHY-212_119284452_M1-00.pdf,/Users/jake/Developer/SU26/canvas/indexer/output/downloaded_files/PHY-212_119284452_M1-00.pdf,PHY-212_119284452_M1-00.pdf,M1-00.pdf,pdf,270254,66adfa8624d0c0e09635c710b96ded258d290aa3db5aa8a30acf40372f103c79,100,copied_to_repo,parsed,/Users/jake/Developer/SU26/canvas/indexer/output/parsed_files/captured-0031-phy-212-119284452.md,2026-06-26T23:45:13.796984+00:00,Manual transcription from rendered PDF image because PDF text extraction returned empty text.
captured-0032-phy-212-119256249,2053526,PHY-212,119256249,obj-phy-212-download-119256249,dl-phy-212-0043|dl-phy-212-0096,download-0043|download-0096,https://canvas.oregonstate.edu/courses/2053526/files/119256249/download?download_frd=1,00276-phy-212-module-item-first-day-overview-pdf-general-physics-with-calculus-ph-212-400-u2026|00443-phy-212-linked-detail-first-day-overview-pdf-general-physics-with-calculus-ph-212-400-u2026,first day overview.pdf: GENERAL PHYSICS WITH CALCULUS (PH_212_400_U2026),/Users/jake/Developer/SU26/canvas/indexer/output/downloaded_files/PHY-212_119256249_ph212_first day overview.pdf,/Users/jake/Developer/SU26/canvas/indexer/output/downloaded_files/PHY-212_119256249_ph212_first day overview.pdf,PHY-212_119256249_ph212_first day overview.pdf,first day overview.pdf,pdf,36446,282b55c7a43c24d2f7b356e3890f3473f75c0a9a3fc00d96a76ba705c0417b24,100,copied_to_repo,parsed,/Users/jake/Developer/SU26/canvas/indexer/output/parsed_files/captured-0032-phy-212-119256249.md,2026-06-26T23:45:13.796984+00:00,
captured-0033-phy-212-119256264,2053526,PHY-212,119256264,obj-phy-212-download-119256264,dl-phy-212-0037|dl-phy-212-0093,download-0037|download-0093,https://canvas.oregonstate.edu/courses/2053526/files/119256264/download?download_frd=1,00263-phy-212-module-item-syllabus-u2026-pdf-general-physics-with-calculus-ph-212-400-u2026|00440-phy-212-linked-detail-syllabus-u2026-pdf-general-physics-with-calculus-ph-212-400-u2026,syllabus_U2026.pdf: GENERAL PHYSICS WITH CALCULUS (PH_212_400_U2026),/Users/jake/Developer/SU26/canvas/indexer/output/downloaded_files/PHY-212_119256264_ph212_syllabus_U2026.pdf,/Users/jake/Developer/SU26/canvas/indexer/output/downloaded_files/PHY-212_119256264_ph212_syllabus_U2026.pdf,PHY-212_119256264_ph212_syllabus_U2026.pdf,syllabus_U2026.pdf,pdf,345466,3095ff0b5b5c383c1a836545a98f13bf12740796aebc5f1b05e38eb52db15b52,100,copied_to_repo,parsed,/Users/jake/Developer/SU26/canvas/indexer/output/parsed_files/captured-0033-phy-212-119256264.md,2026-06-26T23:45:13.796984+00:00,
