download_id,object_id,course_id,course_code,source_page_id,source_page_title,source_page_url,text,file_name,canvas_file_id,href,download_attr,read_status,evidence_status,repo_file_path,parsed_markdown_path
dl-mth-253-0001,obj-mth-253-download-119228487,2053263,MTH-253,00014-mth-253-syllabus-syllabus-for-sequences-and-series-mth-253z-400-u2026,Syllabus for SEQUENCES AND SERIES (MTH_253Z_400_U2026),https://canvas.oregonstate.edu/courses/2053263/assignments/syllabus,Download Syllabus,Syllabus,119228487,https://canvas.oregonstate.edu/courses/2053263/files/119228487/download?download_frd=1,,parsed_file_text,parsed_text,/Users/jake/Developer/SU26/canvas/indexer/output/downloaded_files/MTH-253_119228487_MTH_253_Course_Syllabus_Summer_2026.pdf,/Users/jake/Developer/SU26/canvas/indexer/output/parsed_files/captured-0029-mth-253-119228487.md
dl-mth-252-0002,obj-mth-252-download-119246076,2080857,MTH-252,00028-mth-252-module-item-syllabus-and-calendar-as-of-6-21-both-sections-400-and-401-integral-calculus-mth-252z-400-u2026,Syllabus and Calendar (as of 6/21) --> Both Sections 400 and 401: INTEGRAL CALCULUS (MTH_252Z_400_U2026),https://canvas.oregonstate.edu/courses/2080857/pages/syllabus-and-calendar-as-of-6-slash-21-%3E-both-sections-400-and-401?module_item_id=26982522,Download MTH 252Z-400 Syllabus U26 Gilliam.pdf,MTH 252Z-400 Syllabus U26 Gilliam.pdf,119246076,https://canvas.oregonstate.edu/courses/2080857/files/119246076/download?download_frd=1,,parsed_file_text,parsed_text,/Users/jake/Developer/SU26/canvas/indexer/output/downloaded_files/MTH-252_119246076_MTH 252Z-400 Syllabus U26 Gilliam.pdf,/Users/jake/Developer/SU26/canvas/indexer/output/parsed_files/captured-0014-mth-252-119246076.md
dl-mth-252-0003,obj-mth-252-download-119246078,2080857,MTH-252,00028-mth-252-module-item-syllabus-and-calendar-as-of-6-21-both-sections-400-and-401-integral-calculus-mth-252z-400-u2026,Syllabus and Calendar (as of 6/21) --> Both Sections 400 and 401: INTEGRAL CALCULUS (MTH_252Z_400_U2026),https://canvas.oregonstate.edu/courses/2080857/pages/syllabus-and-calendar-as-of-6-slash-21-%3E-both-sections-400-and-401?module_item_id=26982522,Download MTH 252Z-401 Syllabus U26 Gilliam.pdf,MTH 252Z-401 Syllabus U26 Gilliam.pdf,119246078,https://canvas.oregonstate.edu/courses/2080857/files/119246078/download?download_frd=1,,parsed_file_text,parsed_text,/Users/jake/Developer/SU26/canvas/indexer/output/downloaded_files/MTH-252_119246078_MTH 252Z-401 Syllabus U26 Gilliam.pdf,/Users/jake/Developer/SU26/canvas/indexer/output/parsed_files/captured-0013-mth-252-119246078.md
dl-mth-252-0004,obj-mth-252-download-119246095,2080857,MTH-252,00028-mth-252-module-item-syllabus-and-calendar-as-of-6-21-both-sections-400-and-401-integral-calculus-mth-252z-400-u2026,Syllabus and Calendar (as of 6/21) --> Both Sections 400 and 401: INTEGRAL CALCULUS (MTH_252Z_400_U2026),https://canvas.oregonstate.edu/courses/2080857/pages/syllabus-and-calendar-as-of-6-slash-21-%3E-both-sections-400-and-401?module_item_id=26982522,Download MTH-252-Online-Course-Calendar.pdf,MTH-252-Online-Course-Calendar.pdf,119246095,https://canvas.oregonstate.edu/courses/2080857/files/119246095/download?download_frd=1,,parsed_file_text,parsed_text,/Users/jake/Developer/SU26/canvas/indexer/output/downloaded_files/MTH-252_119246095_MTH-252-Online-Course-Calendar.pdf,/Users/jake/Developer/SU26/canvas/indexer/output/parsed_files/captured-0012-mth-252-119246095.md
dl-mth-252-0005,obj-mth-252-download-119223565,2080857,MTH-252,00030-mth-252-module-item-achieve-registration-process-v3-pdf-integral-calculus-mth-252z-400-u2026,Achieve Registration Process_v3.pdf: INTEGRAL CALCULUS (MTH_252Z_400_U2026),https://canvas.oregonstate.edu/courses/2080857/files/119223565?module_item_id=26982524,Download Achieve Registration Process_v3.pdf,Achieve Registration Process_v3.pdf,119223565,https://canvas.oregonstate.edu/courses/2080857/files/119223565/download?download_frd=1,true,parsed_file_text,parsed_text,/Users/jake/Developer/SU26/canvas/indexer/output/downloaded_files/MTH-252_119223565_Achieve Registration Process_v3.pdf,/Users/jake/Developer/SU26/canvas/indexer/output/parsed_files/captured-0022-mth-252-119223565.md
dl-mth-252-0006,obj-mth-252-download-119223484,2080857,MTH-252,00039-mth-252-module-item-mlc-hours-pdf-integral-calculus-mth-252z-400-u2026,MLC Hours.pdf: INTEGRAL CALCULUS (MTH_252Z_400_U2026),https://canvas.oregonstate.edu/courses/2080857/files/119223484?module_item_id=26982536,Download MLC Hours.pdf,MLC Hours.pdf,119223484,https://canvas.oregonstate.edu/courses/2080857/files/119223484/download?download_frd=1,true,parsed_file_text,parsed_text,/Users/jake/Developer/SU26/canvas/indexer/output/downloaded_files/MTH-252_119223484_MLC Hours.pdf,/Users/jake/Developer/SU26/canvas/indexer/output/parsed_files/captured-0025-mth-252-119223484.md
dl-mth-252-0007,obj-mth-252-download-119223553,2080857,MTH-252,00047-mth-252-module-item-252-lecture-1-1-to-me1-pdf-integral-calculus-mth-252z-400-u2026,252-Lecture-1.1-to-ME1.pdf: INTEGRAL CALCULUS (MTH_252Z_400_U2026),https://canvas.oregonstate.edu/courses/2080857/files/119223553?module_item_id=26982546,Download 252-Lecture-1.1-to-ME1.pdf,252-Lecture-1.1-to-ME1.pdf,119223553,https://canvas.oregonstate.edu/courses/2080857/files/119223553/download?download_frd=1,true,parsed_file_text,parsed_text,/Users/jake/Developer/SU26/canvas/indexer/output/downloaded_files/MTH-252_119223553_252-Lecture-1.1-to-ME1.pdf,/Users/jake/Developer/SU26/canvas/indexer/output/parsed_files/captured-0024-mth-252-119223553.md
dl-mth-252-0008,obj-mth-252-download-119223553,2080857,MTH-252,00056-mth-252-module-item-252-lecture-1-1-to-me1-pdf-integral-calculus-mth-252z-400-u2026,252-Lecture-1.1-to-ME1.pdf: INTEGRAL CALCULUS (MTH_252Z_400_U2026),https://canvas.oregonstate.edu/courses/2080857/files/119223553?module_item_id=26982555,Download 252-Lecture-1.1-to-ME1.pdf,252-Lecture-1.1-to-ME1.pdf,119223553,https://canvas.oregonstate.edu/courses/2080857/files/119223553/download?download_frd=1,true,parsed_file_text,parsed_text,/Users/jake/Developer/SU26/canvas/indexer/output/downloaded_files/MTH-252_119223553_252-Lecture-1.1-to-ME1.pdf,/Users/jake/Developer/SU26/canvas/indexer/output/parsed_files/captured-0024-mth-252-119223553.md
dl-mth-252-0009,obj-mth-252-download-119223594,2080857,MTH-252,00066-mth-252-module-item-252-lecture-1-3-to-me2-pdf-integral-calculus-mth-252z-400-u2026,252-Lecture-1.3-to-ME2.pdf: INTEGRAL CALCULUS (MTH_252Z_400_U2026),https://canvas.oregonstate.edu/courses/2080857/files/119223594?module_item_id=26982565,Download 252-Lecture-1.3-to-ME2.pdf,252-Lecture-1.3-to-ME2.pdf,119223594,https://canvas.oregonstate.edu/courses/2080857/files/119223594/download?download_frd=1,true,parsed_file_text,parsed_text,/Users/jake/Developer/SU26/canvas/indexer/output/downloaded_files/MTH-252_119223594_252-Lecture-1.3-to-ME2.pdf,/Users/jake/Developer/SU26/canvas/indexer/output/parsed_files/captured-0021-mth-252-119223594.md
dl-mth-252-0010,obj-mth-252-download-119223594,2080857,MTH-252,00075-mth-252-module-item-252-lecture-1-3-to-me2-pdf-integral-calculus-mth-252z-400-u2026,252-Lecture-1.3-to-ME2.pdf: INTEGRAL CALCULUS (MTH_252Z_400_U2026),https://canvas.oregonstate.edu/courses/2080857/files/119223594?module_item_id=26982574,Download 252-Lecture-1.3-to-ME2.pdf,252-Lecture-1.3-to-ME2.pdf,119223594,https://canvas.oregonstate.edu/courses/2080857/files/119223594/download?download_frd=1,true,parsed_file_text,parsed_text,/Users/jake/Developer/SU26/canvas/indexer/output/downloaded_files/MTH-252_119223594_252-Lecture-1.3-to-ME2.pdf,/Users/jake/Developer/SU26/canvas/indexer/output/parsed_files/captured-0021-mth-252-119223594.md
dl-mth-252-0011,obj-mth-252-download-119223561,2080857,MTH-252,00089-mth-252-module-item-252-lecture-3-1-to-me3-pdf-integral-calculus-mth-252z-400-u2026,252-Lecture-3.1-to-ME3.pdf: INTEGRAL CALCULUS (MTH_252Z_400_U2026),https://canvas.oregonstate.edu/courses/2080857/files/119223561?module_item_id=26982588,Download 252-Lecture-3.1-to-ME3.pdf,252-Lecture-3.1-to-ME3.pdf,119223561,https://canvas.oregonstate.edu/courses/2080857/files/119223561/download?download_frd=1,true,parsed_file_text,parsed_text,/Users/jake/Developer/SU26/canvas/indexer/output/downloaded_files/MTH-252_119223561_252-Lecture-3.1-to-ME3.pdf,/Users/jake/Developer/SU26/canvas/indexer/output/parsed_files/captured-0023-mth-252-119223561.md
dl-mth-252-0012,obj-mth-252-download-119223595,2080857,MTH-252,00091-mth-252-module-item-lecture-3-1-3-2-pdf-integral-calculus-mth-252z-400-u2026,Lecture-3.1-3.2.pdf: INTEGRAL CALCULUS (MTH_252Z_400_U2026),https://canvas.oregonstate.edu/courses/2080857/files/119223595?module_item_id=26982590,Download Lecture-3.1-3.2.pdf,Lecture-3.1-3.2.pdf,119223595,https://canvas.oregonstate.edu/courses/2080857/files/119223595/download?download_frd=1,true,parsed_file_text,parsed_text,/Users/jake/Developer/SU26/canvas/indexer/output/downloaded_files/MTH-252_119223595_Lecture-3.1-3.2.pdf,/Users/jake/Developer/SU26/canvas/indexer/output/parsed_files/captured-0020-mth-252-119223595.md
dl-mth-252-0013,obj-mth-252-download-119223561,2080857,MTH-252,00100-mth-252-module-item-252-lecture-3-1-to-me3-pdf-integral-calculus-mth-252z-400-u2026,252-Lecture-3.1-to-ME3.pdf: INTEGRAL CALCULUS (MTH_252Z_400_U2026),https://canvas.oregonstate.edu/courses/2080857/files/119223561?module_item_id=26982599,Download 252-Lecture-3.1-to-ME3.pdf,252-Lecture-3.1-to-ME3.pdf,119223561,https://canvas.oregonstate.edu/courses/2080857/files/119223561/download?download_frd=1,true,parsed_file_text,parsed_text,/Users/jake/Developer/SU26/canvas/indexer/output/downloaded_files/MTH-252_119223561_252-Lecture-3.1-to-ME3.pdf,/Users/jake/Developer/SU26/canvas/indexer/output/parsed_files/captured-0023-mth-252-119223561.md
dl-mth-252-0014,obj-mth-252-download-119223597,2080857,MTH-252,00111-mth-252-module-item-252-lecture-2-1-to-me4-pdf-integral-calculus-mth-252z-400-u2026,252-Lecture-2.1-to-ME4.pdf: INTEGRAL CALCULUS (MTH_252Z_400_U2026),https://canvas.oregonstate.edu/courses/2080857/files/119223597?module_item_id=26982610,Download 252-Lecture-2.1-to-ME4.pdf,252-Lecture-2.1-to-ME4.pdf,119223597,https://canvas.oregonstate.edu/courses/2080857/files/119223597/download?download_frd=1,true,parsed_file_text,parsed_text,/Users/jake/Developer/SU26/canvas/indexer/output/downloaded_files/MTH-252_119223597_252-Lecture-2.1-to-ME4.pdf,/Users/jake/Developer/SU26/canvas/indexer/output/parsed_files/captured-0019-mth-252-119223597.md
dl-mth-252-0015,obj-mth-252-download-119223597,2080857,MTH-252,00122-mth-252-module-item-252-lecture-2-1-to-me4-pdf-integral-calculus-mth-252z-400-u2026,252-Lecture-2.1-to-ME4.pdf: INTEGRAL CALCULUS (MTH_252Z_400_U2026),https://canvas.oregonstate.edu/courses/2080857/files/119223597?module_item_id=26982621,Download 252-Lecture-2.1-to-ME4.pdf,252-Lecture-2.1-to-ME4.pdf,119223597,https://canvas.oregonstate.edu/courses/2080857/files/119223597/download?download_frd=1,true,parsed_file_text,parsed_text,/Users/jake/Developer/SU26/canvas/indexer/output/downloaded_files/MTH-252_119223597_252-Lecture-2.1-to-ME4.pdf,/Users/jake/Developer/SU26/canvas/indexer/output/parsed_files/captured-0019-mth-252-119223597.md
dl-mth-252-0016,obj-mth-252-download-119223466,2080857,MTH-252,00123-mth-252-module-item-lecture-2-3-2-4-pdf-integral-calculus-mth-252z-400-u2026,Lecture-2.3-2.4.pdf: INTEGRAL CALCULUS (MTH_252Z_400_U2026),https://canvas.oregonstate.edu/courses/2080857/files/119223466?module_item_id=26982622,Download Lecture-2.3-2.4.pdf,Lecture-2.3-2.4.pdf,119223466,https://canvas.oregonstate.edu/courses/2080857/files/119223466/download?download_frd=1,true,parsed_file_text,parsed_text,/Users/jake/Developer/SU26/canvas/indexer/output/downloaded_files/MTH-252_119223466_Lecture-2.3-2.4.pdf,/Users/jake/Developer/SU26/canvas/indexer/output/parsed_files/captured-0026-mth-252-119223466.md
dl-mth-252-0017,obj-mth-252-download-119223598,2080857,MTH-252,00134-mth-252-module-item-252-lecture-2-5-to-me5-pdf-integral-calculus-mth-252z-400-u2026,252-Lecture-2.5-to-ME5.pdf: INTEGRAL CALCULUS (MTH_252Z_400_U2026),https://canvas.oregonstate.edu/courses/2080857/files/119223598?module_item_id=26982633,Download 252-Lecture-2.5-to-ME5.pdf,252-Lecture-2.5-to-ME5.pdf,119223598,https://canvas.oregonstate.edu/courses/2080857/files/119223598/download?download_frd=1,true,parsed_file_text,parsed_text,/Users/jake/Developer/SU26/canvas/indexer/output/downloaded_files/MTH-252_119223598_252-Lecture-2.5-to-ME5.pdf,/Users/jake/Developer/SU26/canvas/indexer/output/parsed_files/captured-0018-mth-252-119223598.md
dl-mth-252-0018,obj-mth-252-download-119223617,2080857,MTH-252,00135-mth-252-module-item-dr-g-s-videos-2-5-integral-calculus-mth-252z-400-u2026,Dr. G's Videos --> 2.5: INTEGRAL CALCULUS (MTH_252Z_400_U2026),https://canvas.oregonstate.edu/courses/2080857/pages/dr-gs-videos-%3E-2-dot-5?module_item_id=26982634,"Download 252-Lecture-2.5-to-ME5 pages 5 - 8, 13 - 17, 19, 20-1-1.pdf","252-Lecture-2.5-to-ME5 pages 5 - 8, 13 - 17, 19, 20-1-1.pdf",119223617,https://canvas.oregonstate.edu/courses/2080857/files/119223617/download?download_frd=1,,parsed_file_text,parsed_text,/Users/jake/Developer/SU26/canvas/indexer/output/downloaded_files/MTH-252_119223617_252-Lecture-2.5-to-ME5 pages 5 - 8- 13 - 17- 19- 20-1-1.pdf,/Users/jake/Developer/SU26/canvas/indexer/output/parsed_files/captured-0017-mth-252-119223617.md
dl-mth-252-0019,obj-mth-252-download-119223598,2080857,MTH-252,00144-mth-252-module-item-252-lecture-2-5-to-me5-pdf-integral-calculus-mth-252z-400-u2026,252-Lecture-2.5-to-ME5.pdf: INTEGRAL CALCULUS (MTH_252Z_400_U2026),https://canvas.oregonstate.edu/courses/2080857/files/119223598?module_item_id=26982644,Download 252-Lecture-2.5-to-ME5.pdf,252-Lecture-2.5-to-ME5.pdf,119223598,https://canvas.oregonstate.edu/courses/2080857/files/119223598/download?download_frd=1,true,parsed_file_text,parsed_text,/Users/jake/Developer/SU26/canvas/indexer/output/downloaded_files/MTH-252_119223598_252-Lecture-2.5-to-ME5.pdf,/Users/jake/Developer/SU26/canvas/indexer/output/parsed_files/captured-0018-mth-252-119223598.md
dl-mth-252-0020,obj-mth-252-download-119223618,2080857,MTH-252,00145-mth-252-module-item-dr-g-s-videos-3-7-integral-calculus-mth-252z-400-u2026,Dr G's Videos --> 3.7: INTEGRAL CALCULUS (MTH_252Z_400_U2026),https://canvas.oregonstate.edu/courses/2080857/pages/dr-gs-videos-%3E-3-dot-7?module_item_id=26982645,Download,Download,119223618,https://canvas.oregonstate.edu/courses/2080857/files/119223618/download?download_frd=1,,parsed_file_text,parsed_text,/Users/jake/Developer/SU26/canvas/indexer/output/downloaded_files/MTH-252_119223618_252-Lecture-2.5-to-ME5 pages 5 - 8- 13 - 17- 19- 20-1-2.pdf,/Users/jake/Developer/SU26/canvas/indexer/output/parsed_files/captured-0016-mth-252-119223618.md
dl-mth-252-0021,obj-mth-252-download-119223455,2080857,MTH-252,00152-mth-252-module-item-mini-exam-2-retake,Mini-Exam 2 - Retake,https://canvas.oregonstate.edu/courses/2080857/assignments/10586047?module_item_id=26982654,Download,Download,119223455,https://canvas.oregonstate.edu/courses/2080857/files/119223455/download?download_frd=1,,parsed_file_text,parsed_text,/Users/jake/Developer/SU26/canvas/indexer/output/downloaded_files/MTH-252_119223455_ME2-Retake-Template.pdf,/Users/jake/Developer/SU26/canvas/indexer/output/parsed_files/captured-0027-mth-252-119223455.md
dl-mth-252-0022,obj-mth-252-download-99187575,2080857,MTH-252,00152-mth-252-module-item-mini-exam-2-retake,Mini-Exam 2 - Retake,https://canvas.oregonstate.edu/courses/2080857/assignments/10586047?module_item_id=26982654,Download IVP-Wksht1.pdf,IVP-Wksht1.pdf,99187575,https://canvas.oregonstate.edu/courses/1918585/files/99187575/download?download_frd=1,,indexed_not_read,link_only,,
dl-mth-252-0023,obj-mth-252-download-99187581,2080857,MTH-252,00152-mth-252-module-item-mini-exam-2-retake,Mini-Exam 2 - Retake,https://canvas.oregonstate.edu/courses/2080857/assignments/10586047?module_item_id=26982654,Download IVP-Wksht2.pdf,IVP-Wksht2.pdf,99187581,https://canvas.oregonstate.edu/courses/1918585/files/99187581/download?download_frd=1,,indexed_not_read,link_only,,
dl-mth-252-0024,obj-mth-252-download-119223623,2080857,MTH-252,00153-mth-252-module-item-mini-exam-3-retake,Mini-Exam 3 - Retake,https://canvas.oregonstate.edu/courses/2080857/assignments/10586049?module_item_id=26982655,Download,Download,119223623,https://canvas.oregonstate.edu/courses/2080857/files/119223623/download?download_frd=1,,parsed_file_text,parsed_text,/Users/jake/Developer/SU26/canvas/indexer/output/downloaded_files/MTH-252_119223623_ME3-Retake-Template.pdf,/Users/jake/Developer/SU26/canvas/indexer/output/parsed_files/captured-0015-mth-252-119223623.md
dl-mth-252-0025,obj-mth-252-download-119223452,2080857,MTH-252,00154-mth-252-module-item-mini-exam-4-retake,Mini-Exam 4 - Retake,https://canvas.oregonstate.edu/courses/2080857/assignments/10586051?module_item_id=26982656,Download,Download,119223452,https://canvas.oregonstate.edu/courses/2080857/files/119223452/download?download_frd=1,,parsed_file_text,parsed_text,/Users/jake/Developer/SU26/canvas/indexer/output/downloaded_files/MTH-252_119223452_ME4-Retake-Template.pdf,/Users/jake/Developer/SU26/canvas/indexer/output/parsed_files/captured-0028-mth-252-119223452.md
dl-mth-253-0026,obj-mth-253-download-119228487,2053263,MTH-253,00165-mth-253-module-item-start-here-syllabus-sequences-and-series-mth-253z-400-u2026,Start Here - Syllabus: SEQUENCES AND SERIES (MTH_253Z_400_U2026),https://canvas.oregonstate.edu/courses/2053263/pages/start-here-syllabus?module_item_id=26885520,Download,Download,119228487,https://canvas.oregonstate.edu/courses/2053263/files/119228487/download?download_frd=1,,parsed_file_text,parsed_text,/Users/jake/Developer/SU26/canvas/indexer/output/downloaded_files/MTH-253_119228487_MTH_253_Course_Syllabus_Summer_2026.pdf,/Users/jake/Developer/SU26/canvas/indexer/output/parsed_files/captured-0029-mth-253-119228487.md
dl-mth-253-0027,obj-mth-253-download-118558899,2053263,MTH-253,00165-mth-253-module-item-start-here-syllabus-sequences-and-series-mth-253z-400-u2026,Start Here - Syllabus: SEQUENCES AND SERIES (MTH_253Z_400_U2026),https://canvas.oregonstate.edu/courses/2053263/pages/start-here-syllabus?module_item_id=26885520,Download,Download,118558899,https://canvas.oregonstate.edu/courses/2053263/files/118558899/download?download_frd=1,,parsed_file_text,parsed_text,/Users/jake/Developer/SU26/canvas/indexer/output/downloaded_files/MTH-253_118558899_MTH 253 Weekly Schedule.docx,/Users/jake/Developer/SU26/canvas/indexer/output/parsed_files/captured-0008-mth-253-118558899.md
dl-mth-253-0028,obj-mth-253-download-118558936,2053263,MTH-253,00176-mth-253-module-item-unit-1-learning-materials-sequences-and-series-mth-253z-400-u2026,Unit 1 - Learning Materials: SEQUENCES AND SERIES (MTH_253Z_400_U2026),https://canvas.oregonstate.edu/courses/2053263/pages/unit-1-learning-materials?module_item_id=26885530,Download,Download,118558936,https://canvas.oregonstate.edu/courses/2053263/files/118558936/download?download_frd=1,,parsed_file_text,parsed_text,/Users/jake/Developer/SU26/canvas/indexer/output/downloaded_files/MTH-253_118558936_Evaluating Limits.pdf,/Users/jake/Developer/SU26/canvas/indexer/output/parsed_files/captured-0007-mth-253-118558936.md
dl-mth-253-0029,obj-mth-253-download-118558848,2053263,MTH-253,00176-mth-253-module-item-unit-1-learning-materials-sequences-and-series-mth-253z-400-u2026,Unit 1 - Learning Materials: SEQUENCES AND SERIES (MTH_253Z_400_U2026),https://canvas.oregonstate.edu/courses/2053263/pages/unit-1-learning-materials?module_item_id=26885530,Download,Download,118558848,https://canvas.oregonstate.edu/courses/2053263/files/118558848/download?download_frd=1,,parsed_file_text,parsed_text,/Users/jake/Developer/SU26/canvas/indexer/output/downloaded_files/MTH-253_118558848_Infinite Limits.pdf,/Users/jake/Developer/SU26/canvas/indexer/output/parsed_files/captured-0010-mth-253-118558848.md
dl-mth-253-0030,obj-mth-253-download-118558879,2053263,MTH-253,00176-mth-253-module-item-unit-1-learning-materials-sequences-and-series-mth-253z-400-u2026,Unit 1 - Learning Materials: SEQUENCES AND SERIES (MTH_253Z_400_U2026),https://canvas.oregonstate.edu/courses/2053263/pages/unit-1-learning-materials?module_item_id=26885530,Download,Download,118558879,https://canvas.oregonstate.edu/courses/2053263/files/118558879/download?download_frd=1,,parsed_file_text,parsed_text,/Users/jake/Developer/SU26/canvas/indexer/output/downloaded_files/MTH-253_118558879_L-Hospital-s Rule.pdf,/Users/jake/Developer/SU26/canvas/indexer/output/parsed_files/captured-0009-mth-253-118558879.md
dl-mth-253-0031,obj-mth-253-download-118558963,2053263,MTH-253,00176-mth-253-module-item-unit-1-learning-materials-sequences-and-series-mth-253z-400-u2026,Unit 1 - Learning Materials: SEQUENCES AND SERIES (MTH_253Z_400_U2026),https://canvas.oregonstate.edu/courses/2053263/pages/unit-1-learning-materials?module_item_id=26885530,Download,Download,118558963,https://canvas.oregonstate.edu/courses/2053263/files/118558963/download?download_frd=1,,parsed_file_text,parsed_text,/Users/jake/Developer/SU26/canvas/indexer/output/downloaded_files/MTH-253_118558963_Improper Integrals.pdf,/Users/jake/Developer/SU26/canvas/indexer/output/parsed_files/captured-0004-mth-253-118558963.md
dl-mth-253-0032,obj-mth-253-download-118558797,2053263,MTH-253,00179-mth-253-module-item-unit-1-written-homework-assignment,Unit 1 - Written Homework Assignment,https://canvas.oregonstate.edu/courses/2053263/assignments/10553179?module_item_id=26885537,Download,Download,118558797,https://canvas.oregonstate.edu/courses/2053263/files/118558797/download?download_frd=1,,parsed_file_text,parsed_text,/Users/jake/Developer/SU26/canvas/indexer/output/downloaded_files/MTH-253_118558797_Unit -1 Written Homework.pdf,/Users/jake/Developer/SU26/canvas/indexer/output/parsed_files/captured-0011-mth-253-118558797.md
dl-mth-253-0033,obj-mth-253-download-118558956,2053263,MTH-253,00210-mth-253-module-item-mth-253-final-exam-practice-problems-pdf-sequences-and-series-mth-253z-400-u2026,MTH 253 - Final Exam Practice Problems.pdf: SEQUENCES AND SERIES (MTH_253Z_400_U2026),https://canvas.oregonstate.edu/courses/2053263/files/118558956?module_item_id=26885598,Download MTH 253 - Final Exam Practice Problems.pdf,MTH 253 - Final Exam Practice Problems.pdf,118558956,https://canvas.oregonstate.edu/courses/2053263/files/118558956/download?download_frd=1,true,parsed_file_text,parsed_text,/Users/jake/Developer/SU26/canvas/indexer/output/downloaded_files/MTH-253_118558956_MTH 253 - Final Exam Practice Problems.pdf,/Users/jake/Developer/SU26/canvas/indexer/output/parsed_files/captured-0005-mth-253-118558956.md
dl-mth-253-0034,obj-mth-253-download-118558944,2053263,MTH-253,00211-mth-253-module-item-mth-253-final-exam-practice-problems-answers-pdf-sequences-and-series-mth-253z-400-u2026,MTH 253 - Final Exam Practice Problems - Answers.pdf: SEQUENCES AND SERIES (MTH_253Z_400_U2026),https://canvas.oregonstate.edu/courses/2053263/files/118558944?module_item_id=26885599,Download MTH 253 - Final Exam Practice Problems - Answers.pdf,MTH 253 - Final Exam Practice Problems - Answers.pdf,118558944,https://canvas.oregonstate.edu/courses/2053263/files/118558944/download?download_frd=1,true,parsed_file_text,parsed_text,/Users/jake/Developer/SU26/canvas/indexer/output/downloaded_files/MTH-253_118558944_MTH 253 - Final Exam Practice Problems - Answers.pdf,/Users/jake/Developer/SU26/canvas/indexer/output/parsed_files/captured-0006-mth-253-118558944.md
dl-mth-253-0035,obj-mth-253-download-119228487,2053263,MTH-253,00216-mth-253-linked-detail-mth-253-course-syllabus-summer-2026-pdf-sequences-and-series-mth-253z-400-u2026,MTH_253_Course_Syllabus_Summer_2026.pdf: SEQUENCES AND SERIES (MTH_253Z_400_U2026),https://canvas.oregonstate.edu/courses/2053263/files/119228487?wrap=1,Download MTH_253_Course_Syllabus_Summer_2026.pdf,MTH_253_Course_Syllabus_Summer_2026.pdf,119228487,https://canvas.oregonstate.edu/courses/2053263/files/119228487/download?download_frd=1,true,parsed_file_text,parsed_text,/Users/jake/Developer/SU26/canvas/indexer/output/downloaded_files/MTH-253_119228487_MTH_253_Course_Syllabus_Summer_2026.pdf,/Users/jake/Developer/SU26/canvas/indexer/output/parsed_files/captured-0029-mth-253-119228487.md
dl-mth-253-0036,obj-mth-253-download-118558797,2053263,MTH-253,00217-mth-253-linked-detail-unit-1-written-homework-assignment,Unit 1 - Written Homework Assignment,https://canvas.oregonstate.edu/courses/2053263/assignments/10553179,Download,Download,118558797,https://canvas.oregonstate.edu/courses/2053263/files/118558797/download?download_frd=1,,parsed_file_text,parsed_text,/Users/jake/Developer/SU26/canvas/indexer/output/downloaded_files/MTH-253_118558797_Unit -1 Written Homework.pdf,/Users/jake/Developer/SU26/canvas/indexer/output/parsed_files/captured-0011-mth-253-118558797.md
dl-phy-212-0037,obj-phy-212-download-119256264,2053526,PHY-212,00263-phy-212-module-item-syllabus-u2026-pdf-general-physics-with-calculus-ph-212-400-u2026,syllabus_U2026.pdf: GENERAL PHYSICS WITH CALCULUS (PH_212_400_U2026),https://canvas.oregonstate.edu/courses/2053526/files/119256264?module_item_id=26992777,Download syllabus_U2026.pdf,syllabus_U2026.pdf,119256264,https://canvas.oregonstate.edu/courses/2053526/files/119256264/download?download_frd=1,true,parsed_file_text,parsed_text,/Users/jake/Developer/SU26/canvas/indexer/output/downloaded_files/PHY-212_119256264_ph212_syllabus_U2026.pdf,/Users/jake/Developer/SU26/canvas/indexer/output/parsed_files/captured-0033-phy-212-119256264.md
dl-phy-212-0038,obj-phy-212-download-118705530,2053526,PHY-212,00272-phy-212-module-item-gradescope-general-physics-with-calculus-ph-212-400-u2026,Gradescope: GENERAL PHYSICS WITH CALCULUS (PH_212_400_U2026),https://canvas.oregonstate.edu/courses/2053526/pages/gradescope?module_item_id=26896946,CamScanner,CamScanner,118705530,https://canvas.oregonstate.edu/courses/2053526/files/118705530/download?wrap=1,,parsed_file_text,parsed_text,/Users/jake/Developer/SU26/canvas/indexer/output/downloaded_files/PHY-212_118705530_gradescope_tips.pdf,/Users/jake/Developer/SU26/canvas/indexer/output/parsed_files/captured-0002-phy-212-118705530.md
dl-phy-212-0039,obj-phy-212-download-118705530,2053526,PHY-212,00272-phy-212-module-item-gradescope-general-physics-with-calculus-ph-212-400-u2026,Gradescope: GENERAL PHYSICS WITH CALCULUS (PH_212_400_U2026),https://canvas.oregonstate.edu/courses/2053526/pages/gradescope?module_item_id=26896946,Download CamScanner,CamScanner,118705530,https://canvas.oregonstate.edu/courses/2053526/files/118705530/download?download_frd=1,,parsed_file_text,parsed_text,/Users/jake/Developer/SU26/canvas/indexer/output/downloaded_files/PHY-212_118705530_gradescope_tips.pdf,/Users/jake/Developer/SU26/canvas/indexer/output/parsed_files/captured-0002-phy-212-118705530.md
dl-phy-212-0040,obj-phy-212-download-118706071,2053526,PHY-212,00272-phy-212-module-item-gradescope-general-physics-with-calculus-ph-212-400-u2026,Gradescope: GENERAL PHYSICS WITH CALCULUS (PH_212_400_U2026),https://canvas.oregonstate.edu/courses/2053526/pages/gradescope?module_item_id=26896946,Scannable or GeniusScan,Scannable or GeniusScan,118706071,https://canvas.oregonstate.edu/courses/2053526/files/118706071/download?wrap=1,,parsed_file_text,parsed_text,/Users/jake/Developer/SU26/canvas/indexer/output/downloaded_files/PHY-212_118706071_submittinghwguidenew.pdf,/Users/jake/Developer/SU26/canvas/indexer/output/parsed_files/captured-0001-phy-212-118706071.md
dl-phy-212-0041,obj-phy-212-download-118706071,2053526,PHY-212,00272-phy-212-module-item-gradescope-general-physics-with-calculus-ph-212-400-u2026,Gradescope: GENERAL PHYSICS WITH CALCULUS (PH_212_400_U2026),https://canvas.oregonstate.edu/courses/2053526/pages/gradescope?module_item_id=26896946,Download Scannable or GeniusScan,Scannable or GeniusScan,118706071,https://canvas.oregonstate.edu/courses/2053526/files/118706071/download?download_frd=1,,parsed_file_text,parsed_text,/Users/jake/Developer/SU26/canvas/indexer/output/downloaded_files/PHY-212_118706071_submittinghwguidenew.pdf,/Users/jake/Developer/SU26/canvas/indexer/output/parsed_files/captured-0001-phy-212-118706071.md
dl-phy-212-0042,obj-phy-212-download-118705575,2053526,PHY-212,00273-phy-212-module-item-proctorio-setup-and-troubleshooting-general-physics-with-calculus-ph-212-400-u2026,Proctorio setup and troubleshooting: GENERAL PHYSICS WITH CALCULUS (PH_212_400_U2026),https://canvas.oregonstate.edu/courses/2053526/pages/proctorio-setup-and-troubleshooting?module_item_id=26896947,Download,Download,118705575,https://canvas.oregonstate.edu/courses/2053526/files/118705575/download?download_frd=1,,parsed_file_text,parsed_text,/Users/jake/Developer/SU26/canvas/indexer/output/downloaded_files/PHY-212_118705575_Proctorio Guide.pdf,/Users/jake/Developer/SU26/canvas/indexer/output/parsed_files/captured-0003-phy-212-118705575.md
dl-phy-212-0043,obj-phy-212-download-119256249,2053526,PHY-212,00276-phy-212-module-item-first-day-overview-pdf-general-physics-with-calculus-ph-212-400-u2026,first day overview.pdf: GENERAL PHYSICS WITH CALCULUS (PH_212_400_U2026),https://canvas.oregonstate.edu/courses/2053526/files/119256249?module_item_id=26997777,Download first day overview.pdf,first day overview.pdf,119256249,https://canvas.oregonstate.edu/courses/2053526/files/119256249/download?download_frd=1,true,parsed_file_text,parsed_text,/Users/jake/Developer/SU26/canvas/indexer/output/downloaded_files/PHY-212_119256249_ph212_first day overview.pdf,/Users/jake/Developer/SU26/canvas/indexer/output/parsed_files/captured-0032-phy-212-119256249.md
dl-phy-212-0044,obj-phy-212-download-119284452,2053526,PHY-212,00298-phy-212-assignment-detail-m1-00asy-general-physics-with-calculus-ph-212-400-u2026,M1-00asy: GENERAL PHYSICS WITH CALCULUS (PH_212_400_U2026),https://canvas.oregonstate.edu/courses/2053526/quizzes/3169001,Download M1-00.pdf,M1-00.pdf,119284452,https://canvas.oregonstate.edu/users/6660414/files/119284452/download?verifier=tdhRrXaJuL3lgDaVYfufXRkHXlGkrpdaExKG1oBJ&download_frd=1,,parsed_file_text,parsed_text,/Users/jake/Developer/SU26/canvas/indexer/output/downloaded_files/PHY-212_119284452_M1-00.pdf,/Users/jake/Developer/SU26/canvas/indexer/output/parsed_files/captured-0031-phy-212-119284452.md
dl-phy-212-0045,obj-phy-212-download-119291668,2053526,PHY-212,00300-phy-212-assignment-detail-m1-1asy-general-physics-with-calculus-ph-212-400-u2026,M1-1asy: GENERAL PHYSICS WITH CALCULUS (PH_212_400_U2026),https://canvas.oregonstate.edu/courses/2053526/quizzes/3160454,Download M1-01.pdf,M1-01.pdf,119291668,https://canvas.oregonstate.edu/users/6660414/files/119291668/download?verifier=cdD2R6qdibRpUciTWHAs5zvLNXk26R9XpDM5z6h2&download_frd=1,,parsed_file_text,parsed_text,/Users/jake/Developer/SU26/canvas/indexer/output/downloaded_files/PHY-212_119291668_M1-01.pdf,/Users/jake/Developer/SU26/canvas/indexer/output/parsed_files/captured-0030-phy-212-119291668.md
dl-mth-252-0046,obj-mth-252-download-119246076,2080857,MTH-252,00320-mth-252-linked-detail-mth-252z-400-syllabus-u26-gilliam-pdf-integral-calculus-mth-252z-400-u2026,MTH 252Z-400 Syllabus U26 Gilliam.pdf: INTEGRAL CALCULUS (MTH_252Z_400_U2026),https://canvas.oregonstate.edu/courses/2080857/files/119246076?wrap=1,Download MTH 252Z-400 Syllabus U26 Gilliam.pdf,MTH 252Z-400 Syllabus U26 Gilliam.pdf,119246076,https://canvas.oregonstate.edu/courses/2080857/files/119246076/download?download_frd=1,true,parsed_file_text,parsed_text,/Users/jake/Developer/SU26/canvas/indexer/output/downloaded_files/MTH-252_119246076_MTH 252Z-400 Syllabus U26 Gilliam.pdf,/Users/jake/Developer/SU26/canvas/indexer/output/parsed_files/captured-0014-mth-252-119246076.md
dl-mth-252-0047,obj-mth-252-download-119246078,2080857,MTH-252,00321-mth-252-linked-detail-mth-252z-401-syllabus-u26-gilliam-pdf-integral-calculus-mth-252z-400-u2026,MTH 252Z-401 Syllabus U26 Gilliam.pdf: INTEGRAL CALCULUS (MTH_252Z_400_U2026),https://canvas.oregonstate.edu/courses/2080857/files/119246078?wrap=1,Download MTH 252Z-401 Syllabus U26 Gilliam.pdf,MTH 252Z-401 Syllabus U26 Gilliam.pdf,119246078,https://canvas.oregonstate.edu/courses/2080857/files/119246078/download?download_frd=1,true,parsed_file_text,parsed_text,/Users/jake/Developer/SU26/canvas/indexer/output/downloaded_files/MTH-252_119246078_MTH 252Z-401 Syllabus U26 Gilliam.pdf,/Users/jake/Developer/SU26/canvas/indexer/output/parsed_files/captured-0013-mth-252-119246078.md
dl-mth-252-0048,obj-mth-252-download-119246095,2080857,MTH-252,00322-mth-252-linked-detail-mth-252-online-course-calendar-pdf-integral-calculus-mth-252z-400-u2026,MTH-252-Online-Course-Calendar.pdf: INTEGRAL CALCULUS (MTH_252Z_400_U2026),https://canvas.oregonstate.edu/courses/2080857/files/119246095?wrap=1,Download MTH-252-Online-Course-Calendar.pdf,MTH-252-Online-Course-Calendar.pdf,119246095,https://canvas.oregonstate.edu/courses/2080857/files/119246095/download?download_frd=1,true,parsed_file_text,parsed_text,/Users/jake/Developer/SU26/canvas/indexer/output/downloaded_files/MTH-252_119246095_MTH-252-Online-Course-Calendar.pdf,/Users/jake/Developer/SU26/canvas/indexer/output/parsed_files/captured-0012-mth-252-119246095.md
dl-mth-252-0049,obj-mth-252-download-119223565,2080857,MTH-252,00323-mth-252-linked-detail-achieve-registration-process-v3-pdf-integral-calculus-mth-252z-400-u2026,Achieve Registration Process_v3.pdf: INTEGRAL CALCULUS (MTH_252Z_400_U2026),https://canvas.oregonstate.edu/courses/2080857/files/119223565?module_item_id=26982524#,Download Achieve Registration Process_v3.pdf,Achieve Registration Process_v3.pdf,119223565,https://canvas.oregonstate.edu/courses/2080857/files/119223565/download?download_frd=1,true,parsed_file_text,parsed_text,/Users/jake/Developer/SU26/canvas/indexer/output/downloaded_files/MTH-252_119223565_Achieve Registration Process_v3.pdf,/Users/jake/Developer/SU26/canvas/indexer/output/parsed_files/captured-0022-mth-252-119223565.md
dl-mth-252-0050,obj-mth-252-download-119223484,2080857,MTH-252,00326-mth-252-linked-detail-mlc-hours-pdf-integral-calculus-mth-252z-400-u2026,MLC Hours.pdf: INTEGRAL CALCULUS (MTH_252Z_400_U2026),https://canvas.oregonstate.edu/courses/2080857/files/119223484?module_item_id=26982536#,Download MLC Hours.pdf,MLC Hours.pdf,119223484,https://canvas.oregonstate.edu/courses/2080857/files/119223484/download?download_frd=1,true,parsed_file_text,parsed_text,/Users/jake/Developer/SU26/canvas/indexer/output/downloaded_files/MTH-252_119223484_MLC Hours.pdf,/Users/jake/Developer/SU26/canvas/indexer/output/parsed_files/captured-0025-mth-252-119223484.md
dl-mth-252-0051,obj-mth-252-download-119223553,2080857,MTH-252,00329-mth-252-linked-detail-252-lecture-1-1-to-me1-pdf-integral-calculus-mth-252z-400-u2026,252-Lecture-1.1-to-ME1.pdf: INTEGRAL CALCULUS (MTH_252Z_400_U2026),https://canvas.oregonstate.edu/courses/2080857/files/119223553?module_item_id=26982546#,Download 252-Lecture-1.1-to-ME1.pdf,252-Lecture-1.1-to-ME1.pdf,119223553,https://canvas.oregonstate.edu/courses/2080857/files/119223553/download?download_frd=1,true,parsed_file_text,parsed_text,/Users/jake/Developer/SU26/canvas/indexer/output/downloaded_files/MTH-252_119223553_252-Lecture-1.1-to-ME1.pdf,/Users/jake/Developer/SU26/canvas/indexer/output/parsed_files/captured-0024-mth-252-119223553.md
dl-mth-252-0052,obj-mth-252-download-119223553,2080857,MTH-252,00334-mth-252-linked-detail-252-lecture-1-1-to-me1-pdf-integral-calculus-mth-252z-400-u2026,252-Lecture-1.1-to-ME1.pdf: INTEGRAL CALCULUS (MTH_252Z_400_U2026),https://canvas.oregonstate.edu/courses/2080857/files/119223553?module_item_id=26982555#,Download 252-Lecture-1.1-to-ME1.pdf,252-Lecture-1.1-to-ME1.pdf,119223553,https://canvas.oregonstate.edu/courses/2080857/files/119223553/download?download_frd=1,true,parsed_file_text,parsed_text,/Users/jake/Developer/SU26/canvas/indexer/output/downloaded_files/MTH-252_119223553_252-Lecture-1.1-to-ME1.pdf,/Users/jake/Developer/SU26/canvas/indexer/output/parsed_files/captured-0024-mth-252-119223553.md
dl-mth-252-0053,obj-mth-252-download-119223594,2080857,MTH-252,00340-mth-252-linked-detail-252-lecture-1-3-to-me2-pdf-integral-calculus-mth-252z-400-u2026,252-Lecture-1.3-to-ME2.pdf: INTEGRAL CALCULUS (MTH_252Z_400_U2026),https://canvas.oregonstate.edu/courses/2080857/files/119223594?module_item_id=26982565#,Download 252-Lecture-1.3-to-ME2.pdf,252-Lecture-1.3-to-ME2.pdf,119223594,https://canvas.oregonstate.edu/courses/2080857/files/119223594/download?download_frd=1,true,parsed_file_text,parsed_text,/Users/jake/Developer/SU26/canvas/indexer/output/downloaded_files/MTH-252_119223594_252-Lecture-1.3-to-ME2.pdf,/Users/jake/Developer/SU26/canvas/indexer/output/parsed_files/captured-0021-mth-252-119223594.md
dl-mth-252-0054,obj-mth-252-download-119223594,2080857,MTH-252,00347-mth-252-linked-detail-252-lecture-1-3-to-me2-pdf-integral-calculus-mth-252z-400-u2026,252-Lecture-1.3-to-ME2.pdf: INTEGRAL CALCULUS (MTH_252Z_400_U2026),https://canvas.oregonstate.edu/courses/2080857/files/119223594?module_item_id=26982574#,Download 252-Lecture-1.3-to-ME2.pdf,252-Lecture-1.3-to-ME2.pdf,119223594,https://canvas.oregonstate.edu/courses/2080857/files/119223594/download?download_frd=1,true,parsed_file_text,parsed_text,/Users/jake/Developer/SU26/canvas/indexer/output/downloaded_files/MTH-252_119223594_252-Lecture-1.3-to-ME2.pdf,/Users/jake/Developer/SU26/canvas/indexer/output/parsed_files/captured-0021-mth-252-119223594.md
dl-mth-252-0055,obj-mth-252-download-119223561,2080857,MTH-252,00357-mth-252-linked-detail-252-lecture-3-1-to-me3-pdf-integral-calculus-mth-252z-400-u2026,252-Lecture-3.1-to-ME3.pdf: INTEGRAL CALCULUS (MTH_252Z_400_U2026),https://canvas.oregonstate.edu/courses/2080857/files/119223561?module_item_id=26982588#,Download 252-Lecture-3.1-to-ME3.pdf,252-Lecture-3.1-to-ME3.pdf,119223561,https://canvas.oregonstate.edu/courses/2080857/files/119223561/download?download_frd=1,true,parsed_file_text,parsed_text,/Users/jake/Developer/SU26/canvas/indexer/output/downloaded_files/MTH-252_119223561_252-Lecture-3.1-to-ME3.pdf,/Users/jake/Developer/SU26/canvas/indexer/output/parsed_files/captured-0023-mth-252-119223561.md
dl-mth-252-0056,obj-mth-252-download-119223595,2080857,MTH-252,00361-mth-252-linked-detail-lecture-3-1-3-2-pdf-integral-calculus-mth-252z-400-u2026,Lecture-3.1-3.2.pdf: INTEGRAL CALCULUS (MTH_252Z_400_U2026),https://canvas.oregonstate.edu/courses/2080857/files/119223595?module_item_id=26982590#,Download Lecture-3.1-3.2.pdf,Lecture-3.1-3.2.pdf,119223595,https://canvas.oregonstate.edu/courses/2080857/files/119223595/download?download_frd=1,true,parsed_file_text,parsed_text,/Users/jake/Developer/SU26/canvas/indexer/output/downloaded_files/MTH-252_119223595_Lecture-3.1-3.2.pdf,/Users/jake/Developer/SU26/canvas/indexer/output/parsed_files/captured-0020-mth-252-119223595.md
dl-mth-252-0057,obj-mth-252-download-119223561,2080857,MTH-252,00365-mth-252-linked-detail-252-lecture-3-1-to-me3-pdf-integral-calculus-mth-252z-400-u2026,252-Lecture-3.1-to-ME3.pdf: INTEGRAL CALCULUS (MTH_252Z_400_U2026),https://canvas.oregonstate.edu/courses/2080857/files/119223561?module_item_id=26982599#,Download 252-Lecture-3.1-to-ME3.pdf,252-Lecture-3.1-to-ME3.pdf,119223561,https://canvas.oregonstate.edu/courses/2080857/files/119223561/download?download_frd=1,true,parsed_file_text,parsed_text,/Users/jake/Developer/SU26/canvas/indexer/output/downloaded_files/MTH-252_119223561_252-Lecture-3.1-to-ME3.pdf,/Users/jake/Developer/SU26/canvas/indexer/output/parsed_files/captured-0023-mth-252-119223561.md
dl-mth-252-0058,obj-mth-252-download-119223597,2080857,MTH-252,00373-mth-252-linked-detail-252-lecture-2-1-to-me4-pdf-integral-calculus-mth-252z-400-u2026,252-Lecture-2.1-to-ME4.pdf: INTEGRAL CALCULUS (MTH_252Z_400_U2026),https://canvas.oregonstate.edu/courses/2080857/files/119223597?module_item_id=26982610#,Download 252-Lecture-2.1-to-ME4.pdf,252-Lecture-2.1-to-ME4.pdf,119223597,https://canvas.oregonstate.edu/courses/2080857/files/119223597/download?download_frd=1,true,parsed_file_text,parsed_text,/Users/jake/Developer/SU26/canvas/indexer/output/downloaded_files/MTH-252_119223597_252-Lecture-2.1-to-ME4.pdf,/Users/jake/Developer/SU26/canvas/indexer/output/parsed_files/captured-0019-mth-252-119223597.md
dl-mth-252-0059,obj-mth-252-download-119223597,2080857,MTH-252,00381-mth-252-linked-detail-252-lecture-2-1-to-me4-pdf-integral-calculus-mth-252z-400-u2026,252-Lecture-2.1-to-ME4.pdf: INTEGRAL CALCULUS (MTH_252Z_400_U2026),https://canvas.oregonstate.edu/courses/2080857/files/119223597?module_item_id=26982621#,Download 252-Lecture-2.1-to-ME4.pdf,252-Lecture-2.1-to-ME4.pdf,119223597,https://canvas.oregonstate.edu/courses/2080857/files/119223597/download?download_frd=1,true,parsed_file_text,parsed_text,/Users/jake/Developer/SU26/canvas/indexer/output/downloaded_files/MTH-252_119223597_252-Lecture-2.1-to-ME4.pdf,/Users/jake/Developer/SU26/canvas/indexer/output/parsed_files/captured-0019-mth-252-119223597.md
dl-mth-252-0060,obj-mth-252-download-119223466,2080857,MTH-252,00382-mth-252-linked-detail-lecture-2-3-2-4-pdf-integral-calculus-mth-252z-400-u2026,Lecture-2.3-2.4.pdf: INTEGRAL CALCULUS (MTH_252Z_400_U2026),https://canvas.oregonstate.edu/courses/2080857/files/119223466?module_item_id=26982622#,Download Lecture-2.3-2.4.pdf,Lecture-2.3-2.4.pdf,119223466,https://canvas.oregonstate.edu/courses/2080857/files/119223466/download?download_frd=1,true,parsed_file_text,parsed_text,/Users/jake/Developer/SU26/canvas/indexer/output/downloaded_files/MTH-252_119223466_Lecture-2.3-2.4.pdf,/Users/jake/Developer/SU26/canvas/indexer/output/parsed_files/captured-0026-mth-252-119223466.md
dl-mth-252-0061,obj-mth-252-download-119223598,2080857,MTH-252,00388-mth-252-linked-detail-252-lecture-2-5-to-me5-pdf-integral-calculus-mth-252z-400-u2026,252-Lecture-2.5-to-ME5.pdf: INTEGRAL CALCULUS (MTH_252Z_400_U2026),https://canvas.oregonstate.edu/courses/2080857/files/119223598?module_item_id=26982633#,Download 252-Lecture-2.5-to-ME5.pdf,252-Lecture-2.5-to-ME5.pdf,119223598,https://canvas.oregonstate.edu/courses/2080857/files/119223598/download?download_frd=1,true,parsed_file_text,parsed_text,/Users/jake/Developer/SU26/canvas/indexer/output/downloaded_files/MTH-252_119223598_252-Lecture-2.5-to-ME5.pdf,/Users/jake/Developer/SU26/canvas/indexer/output/parsed_files/captured-0018-mth-252-119223598.md
dl-mth-252-0062,obj-mth-252-download-119223617,2080857,MTH-252,00390-mth-252-linked-detail-252-lecture-2-5-to-me5-pages-5-8-13-17-19-20-1-1-pdf-integral-calculus-mth-252z-400-u2026,"252-Lecture-2.5-to-ME5 pages 5 - 8, 13 - 17, 19, 20-1-1.pdf: INTEGRAL CALCULUS (MTH_252Z_400_U2026)",https://canvas.oregonstate.edu/courses/2080857/files/119223617?wrap=1,"Download 252-Lecture-2.5-to-ME5 pages 5 - 8, 13 - 17, 19, 20-1-1.pdf","252-Lecture-2.5-to-ME5 pages 5 - 8, 13 - 17, 19, 20-1-1.pdf",119223617,https://canvas.oregonstate.edu/courses/2080857/files/119223617/download?download_frd=1,true,parsed_file_text,parsed_text,/Users/jake/Developer/SU26/canvas/indexer/output/downloaded_files/MTH-252_119223617_252-Lecture-2.5-to-ME5 pages 5 - 8- 13 - 17- 19- 20-1-1.pdf,/Users/jake/Developer/SU26/canvas/indexer/output/parsed_files/captured-0017-mth-252-119223617.md
dl-mth-252-0063,obj-mth-252-download-119223598,2080857,MTH-252,00395-mth-252-linked-detail-252-lecture-2-5-to-me5-pdf-integral-calculus-mth-252z-400-u2026,252-Lecture-2.5-to-ME5.pdf: INTEGRAL CALCULUS (MTH_252Z_400_U2026),https://canvas.oregonstate.edu/courses/2080857/files/119223598?module_item_id=26982644#,Download 252-Lecture-2.5-to-ME5.pdf,252-Lecture-2.5-to-ME5.pdf,119223598,https://canvas.oregonstate.edu/courses/2080857/files/119223598/download?download_frd=1,true,parsed_file_text,parsed_text,/Users/jake/Developer/SU26/canvas/indexer/output/downloaded_files/MTH-252_119223598_252-Lecture-2.5-to-ME5.pdf,/Users/jake/Developer/SU26/canvas/indexer/output/parsed_files/captured-0018-mth-252-119223598.md
dl-mth-252-0064,obj-mth-252-download-119223618,2080857,MTH-252,00396-mth-252-linked-detail-252-lecture-2-5-to-me5-pages-5-8-13-17-19-20-1-2-pdf-integral-calculus-mth-252z-400-u2026,"252-Lecture-2.5-to-ME5 pages 5 - 8, 13 - 17, 19, 20-1-2.pdf: INTEGRAL CALCULUS (MTH_252Z_400_U2026)",https://canvas.oregonstate.edu/courses/2080857/files/119223618?wrap=1,"Download 252-Lecture-2.5-to-ME5 pages 5 - 8, 13 - 17, 19, 20-1-2.pdf","252-Lecture-2.5-to-ME5 pages 5 - 8, 13 - 17, 19, 20-1-2.pdf",119223618,https://canvas.oregonstate.edu/courses/2080857/files/119223618/download?download_frd=1,true,parsed_file_text,parsed_text,/Users/jake/Developer/SU26/canvas/indexer/output/downloaded_files/MTH-252_119223618_252-Lecture-2.5-to-ME5 pages 5 - 8- 13 - 17- 19- 20-1-2.pdf,/Users/jake/Developer/SU26/canvas/indexer/output/parsed_files/captured-0016-mth-252-119223618.md
dl-mth-252-0065,obj-mth-252-download-119223618,2080857,MTH-252,00397-mth-252-linked-detail-dr-g-s-videos-3-7-integral-calculus-mth-252z-400-u2026,Dr G's Videos --> 3.7: INTEGRAL CALCULUS (MTH_252Z_400_U2026),https://canvas.oregonstate.edu/courses/2080857/pages/dr-gs-videos-%3E-3-dot-7?module_item_id=26982645#,Download,Download,119223618,https://canvas.oregonstate.edu/courses/2080857/files/119223618/download?download_frd=1,,parsed_file_text,parsed_text,/Users/jake/Developer/SU26/canvas/indexer/output/downloaded_files/MTH-252_119223618_252-Lecture-2.5-to-ME5 pages 5 - 8- 13 - 17- 19- 20-1-2.pdf,/Users/jake/Developer/SU26/canvas/indexer/output/parsed_files/captured-0016-mth-252-119223618.md
dl-mth-252-0066,obj-mth-252-download-119223455,2080857,MTH-252,00403-mth-252-linked-detail-me2-retake-template-pdf-integral-calculus-mth-252z-400-u2026,ME2-Retake-Template.pdf: INTEGRAL CALCULUS (MTH_252Z_400_U2026),https://canvas.oregonstate.edu/courses/2080857/files/119223455?wrap=1,Download ME2-Retake-Template.pdf,ME2-Retake-Template.pdf,119223455,https://canvas.oregonstate.edu/courses/2080857/files/119223455/download?download_frd=1,true,parsed_file_text,parsed_text,/Users/jake/Developer/SU26/canvas/indexer/output/downloaded_files/MTH-252_119223455_ME2-Retake-Template.pdf,/Users/jake/Developer/SU26/canvas/indexer/output/parsed_files/captured-0027-mth-252-119223455.md
dl-mth-252-0067,obj-mth-252-download-119223455,2080857,MTH-252,00404-mth-252-linked-detail-mini-exam-2-retake,Mini-Exam 2 - Retake,https://canvas.oregonstate.edu/courses/2080857/assignments/10586047?module_item_id=26982654#,Download,Download,119223455,https://canvas.oregonstate.edu/courses/2080857/files/119223455/download?download_frd=1,,parsed_file_text,parsed_text,/Users/jake/Developer/SU26/canvas/indexer/output/downloaded_files/MTH-252_119223455_ME2-Retake-Template.pdf,/Users/jake/Developer/SU26/canvas/indexer/output/parsed_files/captured-0027-mth-252-119223455.md
dl-mth-252-0068,obj-mth-252-download-99187575,2080857,MTH-252,00404-mth-252-linked-detail-mini-exam-2-retake,Mini-Exam 2 - Retake,https://canvas.oregonstate.edu/courses/2080857/assignments/10586047?module_item_id=26982654#,Download IVP-Wksht1.pdf,IVP-Wksht1.pdf,99187575,https://canvas.oregonstate.edu/courses/1918585/files/99187575/download?download_frd=1,,indexed_not_read,link_only,,
dl-mth-252-0069,obj-mth-252-download-99187581,2080857,MTH-252,00404-mth-252-linked-detail-mini-exam-2-retake,Mini-Exam 2 - Retake,https://canvas.oregonstate.edu/courses/2080857/assignments/10586047?module_item_id=26982654#,Download IVP-Wksht2.pdf,IVP-Wksht2.pdf,99187581,https://canvas.oregonstate.edu/courses/1918585/files/99187581/download?download_frd=1,,indexed_not_read,link_only,,
dl-mth-252-0070,obj-mth-252-download-119223623,2080857,MTH-252,00405-mth-252-linked-detail-me3-retake-template-pdf-integral-calculus-mth-252z-400-u2026,ME3-Retake-Template.pdf: INTEGRAL CALCULUS (MTH_252Z_400_U2026),https://canvas.oregonstate.edu/courses/2080857/files/119223623?wrap=1,Download ME3-Retake-Template.pdf,ME3-Retake-Template.pdf,119223623,https://canvas.oregonstate.edu/courses/2080857/files/119223623/download?download_frd=1,true,parsed_file_text,parsed_text,/Users/jake/Developer/SU26/canvas/indexer/output/downloaded_files/MTH-252_119223623_ME3-Retake-Template.pdf,/Users/jake/Developer/SU26/canvas/indexer/output/parsed_files/captured-0015-mth-252-119223623.md
dl-mth-252-0071,obj-mth-252-download-119223623,2080857,MTH-252,00406-mth-252-linked-detail-mini-exam-3-retake,Mini-Exam 3 - Retake,https://canvas.oregonstate.edu/courses/2080857/assignments/10586049?module_item_id=26982655#,Download,Download,119223623,https://canvas.oregonstate.edu/courses/2080857/files/119223623/download?download_frd=1,,parsed_file_text,parsed_text,/Users/jake/Developer/SU26/canvas/indexer/output/downloaded_files/MTH-252_119223623_ME3-Retake-Template.pdf,/Users/jake/Developer/SU26/canvas/indexer/output/parsed_files/captured-0015-mth-252-119223623.md
dl-mth-252-0072,obj-mth-252-download-119223452,2080857,MTH-252,00407-mth-252-linked-detail-me4-retake-template-pdf-integral-calculus-mth-252z-400-u2026,ME4-Retake-Template.pdf: INTEGRAL CALCULUS (MTH_252Z_400_U2026),https://canvas.oregonstate.edu/courses/2080857/files/119223452?wrap=1,Download ME4-Retake-Template.pdf,ME4-Retake-Template.pdf,119223452,https://canvas.oregonstate.edu/courses/2080857/files/119223452/download?download_frd=1,true,parsed_file_text,parsed_text,/Users/jake/Developer/SU26/canvas/indexer/output/downloaded_files/MTH-252_119223452_ME4-Retake-Template.pdf,/Users/jake/Developer/SU26/canvas/indexer/output/parsed_files/captured-0028-mth-252-119223452.md
dl-mth-252-0073,obj-mth-252-download-119223452,2080857,MTH-252,00408-mth-252-linked-detail-mini-exam-4-retake,Mini-Exam 4 - Retake,https://canvas.oregonstate.edu/courses/2080857/assignments/10586051?module_item_id=26982656#,Download,Download,119223452,https://canvas.oregonstate.edu/courses/2080857/files/119223452/download?download_frd=1,,parsed_file_text,parsed_text,/Users/jake/Developer/SU26/canvas/indexer/output/downloaded_files/MTH-252_119223452_ME4-Retake-Template.pdf,/Users/jake/Developer/SU26/canvas/indexer/output/parsed_files/captured-0028-mth-252-119223452.md
dl-mth-253-0074,obj-mth-253-download-119228487,2053263,MTH-253,00412-mth-253-linked-detail-start-here-syllabus-sequences-and-series-mth-253z-400-u2026,Start Here - Syllabus: SEQUENCES AND SERIES (MTH_253Z_400_U2026),https://canvas.oregonstate.edu/courses/2053263/pages/start-here-syllabus?module_item_id=26885520#,Download,Download,119228487,https://canvas.oregonstate.edu/courses/2053263/files/119228487/download?download_frd=1,,parsed_file_text,parsed_text,/Users/jake/Developer/SU26/canvas/indexer/output/downloaded_files/MTH-253_119228487_MTH_253_Course_Syllabus_Summer_2026.pdf,/Users/jake/Developer/SU26/canvas/indexer/output/parsed_files/captured-0029-mth-253-119228487.md
dl-mth-253-0075,obj-mth-253-download-118558899,2053263,MTH-253,00412-mth-253-linked-detail-start-here-syllabus-sequences-and-series-mth-253z-400-u2026,Start Here - Syllabus: SEQUENCES AND SERIES (MTH_253Z_400_U2026),https://canvas.oregonstate.edu/courses/2053263/pages/start-here-syllabus?module_item_id=26885520#,Download,Download,118558899,https://canvas.oregonstate.edu/courses/2053263/files/118558899/download?download_frd=1,,parsed_file_text,parsed_text,/Users/jake/Developer/SU26/canvas/indexer/output/downloaded_files/MTH-253_118558899_MTH 253 Weekly Schedule.docx,/Users/jake/Developer/SU26/canvas/indexer/output/parsed_files/captured-0008-mth-253-118558899.md
dl-mth-253-0076,obj-mth-253-download-118558899,2053263,MTH-253,00413-mth-253-linked-detail-mth-253-weekly-schedule-docx-sequences-and-series-mth-253z-400-u2026,MTH 253 Weekly Schedule.docx: SEQUENCES AND SERIES (MTH_253Z_400_U2026),https://canvas.oregonstate.edu/courses/2053263/files/118558899?wrap=1,Download MTH 253 Weekly Schedule.docx,MTH 253 Weekly Schedule.docx,118558899,https://canvas.oregonstate.edu/courses/2053263/files/118558899/download?download_frd=1,true,parsed_file_text,parsed_text,/Users/jake/Developer/SU26/canvas/indexer/output/downloaded_files/MTH-253_118558899_MTH 253 Weekly Schedule.docx,/Users/jake/Developer/SU26/canvas/indexer/output/parsed_files/captured-0008-mth-253-118558899.md
dl-mth-253-0077,obj-mth-253-download-118558936,2053263,MTH-253,00415-mth-253-linked-detail-evaluating-limits-pdf-sequences-and-series-mth-253z-400-u2026,Evaluating Limits.pdf: SEQUENCES AND SERIES (MTH_253Z_400_U2026),https://canvas.oregonstate.edu/courses/2053263/files/118558936?wrap=1,Download Evaluating Limits.pdf,Evaluating Limits.pdf,118558936,https://canvas.oregonstate.edu/courses/2053263/files/118558936/download?download_frd=1,true,parsed_file_text,parsed_text,/Users/jake/Developer/SU26/canvas/indexer/output/downloaded_files/MTH-253_118558936_Evaluating Limits.pdf,/Users/jake/Developer/SU26/canvas/indexer/output/parsed_files/captured-0007-mth-253-118558936.md
dl-mth-253-0078,obj-mth-253-download-118558936,2053263,MTH-253,00416-mth-253-linked-detail-unit-1-learning-materials-sequences-and-series-mth-253z-400-u2026,Unit 1 - Learning Materials: SEQUENCES AND SERIES (MTH_253Z_400_U2026),https://canvas.oregonstate.edu/courses/2053263/pages/unit-1-learning-materials?module_item_id=26885530#,Download,Download,118558936,https://canvas.oregonstate.edu/courses/2053263/files/118558936/download?download_frd=1,,parsed_file_text,parsed_text,/Users/jake/Developer/SU26/canvas/indexer/output/downloaded_files/MTH-253_118558936_Evaluating Limits.pdf,/Users/jake/Developer/SU26/canvas/indexer/output/parsed_files/captured-0007-mth-253-118558936.md
dl-mth-253-0079,obj-mth-253-download-118558848,2053263,MTH-253,00416-mth-253-linked-detail-unit-1-learning-materials-sequences-and-series-mth-253z-400-u2026,Unit 1 - Learning Materials: SEQUENCES AND SERIES (MTH_253Z_400_U2026),https://canvas.oregonstate.edu/courses/2053263/pages/unit-1-learning-materials?module_item_id=26885530#,Download,Download,118558848,https://canvas.oregonstate.edu/courses/2053263/files/118558848/download?download_frd=1,,parsed_file_text,parsed_text,/Users/jake/Developer/SU26/canvas/indexer/output/downloaded_files/MTH-253_118558848_Infinite Limits.pdf,/Users/jake/Developer/SU26/canvas/indexer/output/parsed_files/captured-0010-mth-253-118558848.md
dl-mth-253-0080,obj-mth-253-download-118558879,2053263,MTH-253,00416-mth-253-linked-detail-unit-1-learning-materials-sequences-and-series-mth-253z-400-u2026,Unit 1 - Learning Materials: SEQUENCES AND SERIES (MTH_253Z_400_U2026),https://canvas.oregonstate.edu/courses/2053263/pages/unit-1-learning-materials?module_item_id=26885530#,Download,Download,118558879,https://canvas.oregonstate.edu/courses/2053263/files/118558879/download?download_frd=1,,parsed_file_text,parsed_text,/Users/jake/Developer/SU26/canvas/indexer/output/downloaded_files/MTH-253_118558879_L-Hospital-s Rule.pdf,/Users/jake/Developer/SU26/canvas/indexer/output/parsed_files/captured-0009-mth-253-118558879.md
dl-mth-253-0081,obj-mth-253-download-118558963,2053263,MTH-253,00416-mth-253-linked-detail-unit-1-learning-materials-sequences-and-series-mth-253z-400-u2026,Unit 1 - Learning Materials: SEQUENCES AND SERIES (MTH_253Z_400_U2026),https://canvas.oregonstate.edu/courses/2053263/pages/unit-1-learning-materials?module_item_id=26885530#,Download,Download,118558963,https://canvas.oregonstate.edu/courses/2053263/files/118558963/download?download_frd=1,,parsed_file_text,parsed_text,/Users/jake/Developer/SU26/canvas/indexer/output/downloaded_files/MTH-253_118558963_Improper Integrals.pdf,/Users/jake/Developer/SU26/canvas/indexer/output/parsed_files/captured-0004-mth-253-118558963.md
dl-mth-253-0082,obj-mth-253-download-118558848,2053263,MTH-253,00417-mth-253-linked-detail-infinite-limits-pdf-sequences-and-series-mth-253z-400-u2026,Infinite Limits.pdf: SEQUENCES AND SERIES (MTH_253Z_400_U2026),https://canvas.oregonstate.edu/courses/2053263/files/118558848?wrap=1,Download Infinite Limits.pdf,Infinite Limits.pdf,118558848,https://canvas.oregonstate.edu/courses/2053263/files/118558848/download?download_frd=1,true,parsed_file_text,parsed_text,/Users/jake/Developer/SU26/canvas/indexer/output/downloaded_files/MTH-253_118558848_Infinite Limits.pdf,/Users/jake/Developer/SU26/canvas/indexer/output/parsed_files/captured-0010-mth-253-118558848.md
dl-mth-253-0083,obj-mth-253-download-118558879,2053263,MTH-253,00418-mth-253-linked-detail-l-hospital-s-rule-pdf-sequences-and-series-mth-253z-400-u2026,L'Hospital's Rule.pdf: SEQUENCES AND SERIES (MTH_253Z_400_U2026),https://canvas.oregonstate.edu/courses/2053263/files/118558879?wrap=1,Download L'Hospital's Rule.pdf,L'Hospital's Rule.pdf,118558879,https://canvas.oregonstate.edu/courses/2053263/files/118558879/download?download_frd=1,true,parsed_file_text,parsed_text,/Users/jake/Developer/SU26/canvas/indexer/output/downloaded_files/MTH-253_118558879_L-Hospital-s Rule.pdf,/Users/jake/Developer/SU26/canvas/indexer/output/parsed_files/captured-0009-mth-253-118558879.md
dl-mth-253-0084,obj-mth-253-download-118558963,2053263,MTH-253,00419-mth-253-linked-detail-improper-integrals-pdf-sequences-and-series-mth-253z-400-u2026,Improper Integrals.pdf: SEQUENCES AND SERIES (MTH_253Z_400_U2026),https://canvas.oregonstate.edu/courses/2053263/files/118558963?wrap=1,Download Improper Integrals.pdf,Improper Integrals.pdf,118558963,https://canvas.oregonstate.edu/courses/2053263/files/118558963/download?download_frd=1,true,parsed_file_text,parsed_text,/Users/jake/Developer/SU26/canvas/indexer/output/downloaded_files/MTH-253_118558963_Improper Integrals.pdf,/Users/jake/Developer/SU26/canvas/indexer/output/parsed_files/captured-0004-mth-253-118558963.md
dl-mth-253-0085,obj-mth-253-download-118558797,2053263,MTH-253,00420-mth-253-linked-detail-unit-1-written-homework-pdf-sequences-and-series-mth-253z-400-u2026,Unit #1 Written Homework.pdf: SEQUENCES AND SERIES (MTH_253Z_400_U2026),https://canvas.oregonstate.edu/courses/2053263/files/118558797?wrap=1,Download Unit #1 Written Homework.pdf,Unit #1 Written Homework.pdf,118558797,https://canvas.oregonstate.edu/courses/2053263/files/118558797/download?download_frd=1,true,parsed_file_text,parsed_text,/Users/jake/Developer/SU26/canvas/indexer/output/downloaded_files/MTH-253_118558797_Unit -1 Written Homework.pdf,/Users/jake/Developer/SU26/canvas/indexer/output/parsed_files/captured-0011-mth-253-118558797.md
dl-mth-253-0086,obj-mth-253-download-118558797,2053263,MTH-253,00421-mth-253-linked-detail-unit-1-written-homework-assignment,Unit 1 - Written Homework Assignment,https://canvas.oregonstate.edu/courses/2053263/assignments/10553179?module_item_id=26885537#,Download,Download,118558797,https://canvas.oregonstate.edu/courses/2053263/files/118558797/download?download_frd=1,,parsed_file_text,parsed_text,/Users/jake/Developer/SU26/canvas/indexer/output/downloaded_files/MTH-253_118558797_Unit -1 Written Homework.pdf,/Users/jake/Developer/SU26/canvas/indexer/output/parsed_files/captured-0011-mth-253-118558797.md
dl-mth-253-0087,obj-mth-253-download-118558956,2053263,MTH-253,00436-mth-253-linked-detail-mth-253-final-exam-practice-problems-pdf-sequences-and-series-mth-253z-400-u2026,MTH 253 - Final Exam Practice Problems.pdf: SEQUENCES AND SERIES (MTH_253Z_400_U2026),https://canvas.oregonstate.edu/courses/2053263/files/118558956?module_item_id=26885598#,Download MTH 253 - Final Exam Practice Problems.pdf,MTH 253 - Final Exam Practice Problems.pdf,118558956,https://canvas.oregonstate.edu/courses/2053263/files/118558956/download?download_frd=1,true,parsed_file_text,parsed_text,/Users/jake/Developer/SU26/canvas/indexer/output/downloaded_files/MTH-253_118558956_MTH 253 - Final Exam Practice Problems.pdf,/Users/jake/Developer/SU26/canvas/indexer/output/parsed_files/captured-0005-mth-253-118558956.md
dl-mth-253-0088,obj-mth-253-download-118558944,2053263,MTH-253,00437-mth-253-linked-detail-mth-253-final-exam-practice-problems-answers-pdf-sequences-and-series-mth-253z-400-u2026,MTH 253 - Final Exam Practice Problems - Answers.pdf: SEQUENCES AND SERIES (MTH_253Z_400_U2026),https://canvas.oregonstate.edu/courses/2053263/files/118558944?module_item_id=26885599#,Download MTH 253 - Final Exam Practice Problems - Answers.pdf,MTH 253 - Final Exam Practice Problems - Answers.pdf,118558944,https://canvas.oregonstate.edu/courses/2053263/files/118558944/download?download_frd=1,true,parsed_file_text,parsed_text,/Users/jake/Developer/SU26/canvas/indexer/output/downloaded_files/MTH-253_118558944_MTH 253 - Final Exam Practice Problems - Answers.pdf,/Users/jake/Developer/SU26/canvas/indexer/output/parsed_files/captured-0006-mth-253-118558944.md
dl-mth-253-0089,obj-mth-253-download-118558936,2053263,MTH-253,00438-mth-253-linked-detail-unit-1-learning-materials-sequences-and-series-mth-253z-400-u2026,Unit 1 - Learning Materials: SEQUENCES AND SERIES (MTH_253Z_400_U2026),https://canvas.oregonstate.edu/courses/2053263/pages/unit-1-learning-materials,Download,Download,118558936,https://canvas.oregonstate.edu/courses/2053263/files/118558936/download?download_frd=1,,parsed_file_text,parsed_text,/Users/jake/Developer/SU26/canvas/indexer/output/downloaded_files/MTH-253_118558936_Evaluating Limits.pdf,/Users/jake/Developer/SU26/canvas/indexer/output/parsed_files/captured-0007-mth-253-118558936.md
dl-mth-253-0090,obj-mth-253-download-118558848,2053263,MTH-253,00438-mth-253-linked-detail-unit-1-learning-materials-sequences-and-series-mth-253z-400-u2026,Unit 1 - Learning Materials: SEQUENCES AND SERIES (MTH_253Z_400_U2026),https://canvas.oregonstate.edu/courses/2053263/pages/unit-1-learning-materials,Download,Download,118558848,https://canvas.oregonstate.edu/courses/2053263/files/118558848/download?download_frd=1,,parsed_file_text,parsed_text,/Users/jake/Developer/SU26/canvas/indexer/output/downloaded_files/MTH-253_118558848_Infinite Limits.pdf,/Users/jake/Developer/SU26/canvas/indexer/output/parsed_files/captured-0010-mth-253-118558848.md
dl-mth-253-0091,obj-mth-253-download-118558879,2053263,MTH-253,00438-mth-253-linked-detail-unit-1-learning-materials-sequences-and-series-mth-253z-400-u2026,Unit 1 - Learning Materials: SEQUENCES AND SERIES (MTH_253Z_400_U2026),https://canvas.oregonstate.edu/courses/2053263/pages/unit-1-learning-materials,Download,Download,118558879,https://canvas.oregonstate.edu/courses/2053263/files/118558879/download?download_frd=1,,parsed_file_text,parsed_text,/Users/jake/Developer/SU26/canvas/indexer/output/downloaded_files/MTH-253_118558879_L-Hospital-s Rule.pdf,/Users/jake/Developer/SU26/canvas/indexer/output/parsed_files/captured-0009-mth-253-118558879.md
dl-mth-253-0092,obj-mth-253-download-118558963,2053263,MTH-253,00438-mth-253-linked-detail-unit-1-learning-materials-sequences-and-series-mth-253z-400-u2026,Unit 1 - Learning Materials: SEQUENCES AND SERIES (MTH_253Z_400_U2026),https://canvas.oregonstate.edu/courses/2053263/pages/unit-1-learning-materials,Download,Download,118558963,https://canvas.oregonstate.edu/courses/2053263/files/118558963/download?download_frd=1,,parsed_file_text,parsed_text,/Users/jake/Developer/SU26/canvas/indexer/output/downloaded_files/MTH-253_118558963_Improper Integrals.pdf,/Users/jake/Developer/SU26/canvas/indexer/output/parsed_files/captured-0004-mth-253-118558963.md
dl-phy-212-0093,obj-phy-212-download-119256264,2053526,PHY-212,00440-phy-212-linked-detail-syllabus-u2026-pdf-general-physics-with-calculus-ph-212-400-u2026,syllabus_U2026.pdf: GENERAL PHYSICS WITH CALCULUS (PH_212_400_U2026),https://canvas.oregonstate.edu/courses/2053526/files/119256264?module_item_id=26992777#,Download syllabus_U2026.pdf,syllabus_U2026.pdf,119256264,https://canvas.oregonstate.edu/courses/2053526/files/119256264/download?download_frd=1,true,parsed_file_text,parsed_text,/Users/jake/Developer/SU26/canvas/indexer/output/downloaded_files/PHY-212_119256264_ph212_syllabus_U2026.pdf,/Users/jake/Developer/SU26/canvas/indexer/output/parsed_files/captured-0033-phy-212-119256264.md
dl-phy-212-0094,obj-phy-212-download-118705575,2053526,PHY-212,00441-phy-212-linked-detail-proctorio-guide-pdf-general-physics-with-calculus-ph-212-400-u2026,Proctorio Guide.pdf: GENERAL PHYSICS WITH CALCULUS (PH_212_400_U2026),https://canvas.oregonstate.edu/courses/2053526/files/118705575?wrap=1,Download Proctorio Guide.pdf,Proctorio Guide.pdf,118705575,https://canvas.oregonstate.edu/courses/2053526/files/118705575/download?download_frd=1,true,parsed_file_text,parsed_text,/Users/jake/Developer/SU26/canvas/indexer/output/downloaded_files/PHY-212_118705575_Proctorio Guide.pdf,/Users/jake/Developer/SU26/canvas/indexer/output/parsed_files/captured-0003-phy-212-118705575.md
dl-phy-212-0095,obj-phy-212-download-118705575,2053526,PHY-212,00442-phy-212-linked-detail-proctorio-setup-and-troubleshooting-general-physics-with-calculus-ph-212-400-u2026,Proctorio setup and troubleshooting: GENERAL PHYSICS WITH CALCULUS (PH_212_400_U2026),https://canvas.oregonstate.edu/courses/2053526/pages/proctorio-setup-and-troubleshooting?module_item_id=26896947#,Download Proctorio Guide,Proctorio Guide,118705575,https://canvas.oregonstate.edu/courses/2053526/files/118705575/download?download_frd=1,,parsed_file_text,parsed_text,/Users/jake/Developer/SU26/canvas/indexer/output/downloaded_files/PHY-212_118705575_Proctorio Guide.pdf,/Users/jake/Developer/SU26/canvas/indexer/output/parsed_files/captured-0003-phy-212-118705575.md
dl-phy-212-0096,obj-phy-212-download-119256249,2053526,PHY-212,00443-phy-212-linked-detail-first-day-overview-pdf-general-physics-with-calculus-ph-212-400-u2026,first day overview.pdf: GENERAL PHYSICS WITH CALCULUS (PH_212_400_U2026),https://canvas.oregonstate.edu/courses/2053526/files/119256249?module_item_id=26997777#,Download first day overview.pdf,first day overview.pdf,119256249,https://canvas.oregonstate.edu/courses/2053526/files/119256249/download?download_frd=1,true,parsed_file_text,parsed_text,/Users/jake/Developer/SU26/canvas/indexer/output/downloaded_files/PHY-212_119256249_ph212_first day overview.pdf,/Users/jake/Developer/SU26/canvas/indexer/output/parsed_files/captured-0032-phy-212-119256249.md
dl-phy-212-0097,obj-phy-212-download-119291668,2053526,PHY-212,00452-phy-212-linked-detail-m1-1asy-general-physics-with-calculus-ph-212-400-u2026,M1-1asy: GENERAL PHYSICS WITH CALCULUS (PH_212_400_U2026),https://canvas.oregonstate.edu/courses/2053526/quizzes/3160454,Download M1-01.pdf,M1-01.pdf,119291668,https://canvas.oregonstate.edu/users/6660414/files/119291668/download?verifier=cdD2R6qdibRpUciTWHAs5zvLNXk26R9XpDM5z6h2&download_frd=1,,parsed_file_text,parsed_text,/Users/jake/Developer/SU26/canvas/indexer/output/downloaded_files/PHY-212_119291668_M1-01.pdf,/Users/jake/Developer/SU26/canvas/indexer/output/parsed_files/captured-0030-phy-212-119291668.md
dl-phy-212-0098,obj-phy-212-download-119284452,2053526,PHY-212,00485-phy-212-linked-detail-m1-00asy-general-physics-with-calculus-ph-212-400-u2026,M1-00asy: GENERAL PHYSICS WITH CALCULUS (PH_212_400_U2026),https://canvas.oregonstate.edu/courses/2053526/quizzes/3169001/take?user_id=6660414,Download M1-00.pdf,M1-00.pdf,119284452,https://canvas.oregonstate.edu/users/6660414/files/119284452/download?verifier=tdhRrXaJuL3lgDaVYfufXRkHXlGkrpdaExKG1oBJ&download_frd=1,,parsed_file_text,parsed_text,/Users/jake/Developer/SU26/canvas/indexer/output/downloaded_files/PHY-212_119284452_M1-00.pdf,/Users/jake/Developer/SU26/canvas/indexer/output/parsed_files/captured-0031-phy-212-119284452.md
dl-phy-212-0099,obj-phy-212-download-119284452,2053526,PHY-212,00486-phy-212-linked-detail-jacob-peterson-s-quiz-history-m1-00asy,Jacob Peterson's Quiz History: M1-00asy,https://canvas.oregonstate.edu/courses/2053526/quizzes/3169001/history?version=1,Download M1-00.pdf,M1-00.pdf,119284452,https://canvas.oregonstate.edu/users/6660414/files/119284452/download?verifier=tdhRrXaJuL3lgDaVYfufXRkHXlGkrpdaExKG1oBJ&download_frd=1,,parsed_file_text,parsed_text,/Users/jake/Developer/SU26/canvas/indexer/output/downloaded_files/PHY-212_119284452_M1-00.pdf,/Users/jake/Developer/SU26/canvas/indexer/output/parsed_files/captured-0031-phy-212-119284452.md
dl-phy-212-0100,obj-phy-212-download-119284452,2053526,PHY-212,00487-phy-212-linked-detail-m1-00asy-general-physics-with-calculus-ph-212-400-u2026,M1-00asy: GENERAL PHYSICS WITH CALCULUS (PH_212_400_U2026),https://canvas.oregonstate.edu/courses/2053526/quizzes/3169001#,Download M1-00.pdf,M1-00.pdf,119284452,https://canvas.oregonstate.edu/users/6660414/files/119284452/download?verifier=tdhRrXaJuL3lgDaVYfufXRkHXlGkrpdaExKG1oBJ&download_frd=1,,parsed_file_text,parsed_text,/Users/jake/Developer/SU26/canvas/indexer/output/downloaded_files/PHY-212_119284452_M1-00.pdf,/Users/jake/Developer/SU26/canvas/indexer/output/parsed_files/captured-0031-phy-212-119284452.md
dl-phy-212-0101,obj-phy-212-download-119291668,2053526,PHY-212,00493-phy-212-linked-detail-m1-1asy-general-physics-with-calculus-ph-212-400-u2026,M1-1asy: GENERAL PHYSICS WITH CALCULUS (PH_212_400_U2026),https://canvas.oregonstate.edu/courses/2053526/quizzes/3160454/take?user_id=6660414,Download M1-01.pdf,M1-01.pdf,119291668,https://canvas.oregonstate.edu/users/6660414/files/119291668/download?verifier=cdD2R6qdibRpUciTWHAs5zvLNXk26R9XpDM5z6h2&download_frd=1,,parsed_file_text,parsed_text,/Users/jake/Developer/SU26/canvas/indexer/output/downloaded_files/PHY-212_119291668_M1-01.pdf,/Users/jake/Developer/SU26/canvas/indexer/output/parsed_files/captured-0030-phy-212-119291668.md
dl-phy-212-0102,obj-phy-212-download-119291668,2053526,PHY-212,00494-phy-212-linked-detail-jacob-peterson-s-quiz-history-m1-1asy,Jacob Peterson's Quiz History: M1-1asy,https://canvas.oregonstate.edu/courses/2053526/quizzes/3160454/history?version=1,Download M1-01.pdf,M1-01.pdf,119291668,https://canvas.oregonstate.edu/users/6660414/files/119291668/download?verifier=cdD2R6qdibRpUciTWHAs5zvLNXk26R9XpDM5z6h2&download_frd=1,,parsed_file_text,parsed_text,/Users/jake/Developer/SU26/canvas/indexer/output/downloaded_files/PHY-212_119291668_M1-01.pdf,/Users/jake/Developer/SU26/canvas/indexer/output/parsed_files/captured-0030-phy-212-119291668.md
