course_id,course_code,canvas_file_id,file_name,final_status,attempt_count,href,preview_url,page_title,page_url,browser_download_path,repo_file_path,byte_size,notes
2080857,MTH-252,119223452,Download,downloaded_to_repo,1,https://canvas.oregonstate.edu/courses/2080857/files/119223452/download?download_frd=1,https://canvas.oregonstate.edu/courses/2080857/files/119223452,ME4-Retake-Template.pdf: INTEGRAL CALCULUS (MTH_252Z_400_U2026),https://canvas.oregonstate.edu/courses/2080857/files/119223452,/Users/jake/Downloads/ME4-Retake-Template.pdf,/Users/jake/Developer/SU26/canvas/indexer/output/downloaded_files/MTH-252_119223452_ME4-Retake-Template.pdf,214621,Downloaded from Canvas file preview page and copied into repo.
2080857,MTH-252,119223455,Download,downloaded_to_repo,1,https://canvas.oregonstate.edu/courses/2080857/files/119223455/download?download_frd=1,https://canvas.oregonstate.edu/courses/2080857/files/119223455,ME2-Retake-Template.pdf: INTEGRAL CALCULUS (MTH_252Z_400_U2026),https://canvas.oregonstate.edu/courses/2080857/files/119223455,/Users/jake/Downloads/ME2-Retake-Template.pdf,/Users/jake/Developer/SU26/canvas/indexer/output/downloaded_files/MTH-252_119223455_ME2-Retake-Template.pdf,194582,Downloaded from Canvas file preview page and copied into repo.
2080857,MTH-252,119223466,Lecture-2.3-2.4.pdf,downloaded_to_repo,1,https://canvas.oregonstate.edu/courses/2080857/files/119223466/download?download_frd=1,https://canvas.oregonstate.edu/courses/2080857/files/119223466,Lecture-2.3-2.4.pdf: INTEGRAL CALCULUS (MTH_252Z_400_U2026),https://canvas.oregonstate.edu/courses/2080857/files/119223466,/Users/jake/Downloads/Lecture-2.3-2.4.pdf,/Users/jake/Developer/SU26/canvas/indexer/output/downloaded_files/MTH-252_119223466_Lecture-2.3-2.4.pdf,2577142,Downloaded from Canvas file preview page and copied into repo.
2080857,MTH-252,119223484,MLC Hours.pdf,downloaded_to_repo,1,https://canvas.oregonstate.edu/courses/2080857/files/119223484/download?download_frd=1,https://canvas.oregonstate.edu/courses/2080857/files/119223484,MLC Hours.pdf: INTEGRAL CALCULUS (MTH_252Z_400_U2026),https://canvas.oregonstate.edu/courses/2080857/files/119223484,/Users/jake/Downloads/MLC Hours.pdf,/Users/jake/Developer/SU26/canvas/indexer/output/downloaded_files/MTH-252_119223484_MLC Hours.pdf,39624,Downloaded from Canvas file preview page and copied into repo.
2080857,MTH-252,119223553,252-Lecture-1.1-to-ME1.pdf,downloaded_to_repo,1,https://canvas.oregonstate.edu/courses/2080857/files/119223553/download?download_frd=1,https://canvas.oregonstate.edu/courses/2080857/files/119223553,252-Lecture-1.1-to-ME1.pdf: INTEGRAL CALCULUS (MTH_252Z_400_U2026),https://canvas.oregonstate.edu/courses/2080857/files/119223553,/Users/jake/Downloads/252-Lecture-1.1-to-ME1.pdf,/Users/jake/Developer/SU26/canvas/indexer/output/downloaded_files/MTH-252_119223553_252-Lecture-1.1-to-ME1.pdf,4495146,Downloaded from Canvas file preview page and copied into repo.
2080857,MTH-252,119223561,252-Lecture-3.1-to-ME3.pdf,downloaded_to_repo,1,https://canvas.oregonstate.edu/courses/2080857/files/119223561/download?download_frd=1,https://canvas.oregonstate.edu/courses/2080857/files/119223561,252-Lecture-3.1-to-ME3.pdf: INTEGRAL CALCULUS (MTH_252Z_400_U2026),https://canvas.oregonstate.edu/courses/2080857/files/119223561,/Users/jake/Downloads/252-Lecture-3.1-to-ME3.pdf,/Users/jake/Developer/SU26/canvas/indexer/output/downloaded_files/MTH-252_119223561_252-Lecture-3.1-to-ME3.pdf,428407,Downloaded from Canvas file preview page and copied into repo.
2080857,MTH-252,119223565,Achieve Registration Process_v3.pdf,downloaded_to_repo,1,https://canvas.oregonstate.edu/courses/2080857/files/119223565/download?download_frd=1,https://canvas.oregonstate.edu/courses/2080857/files/119223565,Achieve Registration Process_v3.pdf: INTEGRAL CALCULUS (MTH_252Z_400_U2026),https://canvas.oregonstate.edu/courses/2080857/files/119223565,/Users/jake/Downloads/Achieve Registration Process_v3.pdf,/Users/jake/Developer/SU26/canvas/indexer/output/downloaded_files/MTH-252_119223565_Achieve Registration Process_v3.pdf,98149,Downloaded from Canvas file preview page and copied into repo.
2080857,MTH-252,119223594,252-Lecture-1.3-to-ME2.pdf,downloaded_to_repo,1,https://canvas.oregonstate.edu/courses/2080857/files/119223594/download?download_frd=1,https://canvas.oregonstate.edu/courses/2080857/files/119223594,252-Lecture-1.3-to-ME2.pdf: INTEGRAL CALCULUS (MTH_252Z_400_U2026),https://canvas.oregonstate.edu/courses/2080857/files/119223594,/Users/jake/Downloads/252-Lecture-1.3-to-ME2.pdf,/Users/jake/Developer/SU26/canvas/indexer/output/downloaded_files/MTH-252_119223594_252-Lecture-1.3-to-ME2.pdf,516944,Downloaded from Canvas file preview page and copied into repo.
2080857,MTH-252,119223595,Lecture-3.1-3.2.pdf,downloaded_to_repo,1,https://canvas.oregonstate.edu/courses/2080857/files/119223595/download?download_frd=1,https://canvas.oregonstate.edu/courses/2080857/files/119223595,Lecture-3.1-3.2.pdf: INTEGRAL CALCULUS (MTH_252Z_400_U2026),https://canvas.oregonstate.edu/courses/2080857/files/119223595,/Users/jake/Downloads/Lecture-3.1-3.2.pdf,/Users/jake/Developer/SU26/canvas/indexer/output/downloaded_files/MTH-252_119223595_Lecture-3.1-3.2.pdf,872827,Downloaded from Canvas file preview page and copied into repo.
2080857,MTH-252,119223597,252-Lecture-2.1-to-ME4.pdf,downloaded_to_repo,1,https://canvas.oregonstate.edu/courses/2080857/files/119223597/download?download_frd=1,https://canvas.oregonstate.edu/courses/2080857/files/119223597,252-Lecture-2.1-to-ME4.pdf: INTEGRAL CALCULUS (MTH_252Z_400_U2026),https://canvas.oregonstate.edu/courses/2080857/files/119223597,/Users/jake/Downloads/252-Lecture-2.1-to-ME4.pdf,/Users/jake/Developer/SU26/canvas/indexer/output/downloaded_files/MTH-252_119223597_252-Lecture-2.1-to-ME4.pdf,3718914,Downloaded from Canvas file preview page and copied into repo.
2080857,MTH-252,119223598,252-Lecture-2.5-to-ME5.pdf,downloaded_to_repo,2,https://canvas.oregonstate.edu/courses/2080857/files/119223598/download?download_frd=1,https://canvas.oregonstate.edu/courses/2080857/files/119223598,252-Lecture-2.5-to-ME5.pdf: INTEGRAL CALCULUS (MTH_252Z_400_U2026),https://canvas.oregonstate.edu/courses/2080857/files/119223598,/Users/jake/Downloads/252-Lecture-2.5-to-ME5.pdf,/Users/jake/Developer/SU26/canvas/indexer/output/downloaded_files/MTH-252_119223598_252-Lecture-2.5-to-ME5.pdf,4046967,Downloaded from Canvas file preview page and copied into repo.
2080857,MTH-252,119223617,"252-Lecture-2.5-to-ME5 pages 5 - 8, 13 - 17, 19, 20-1-1.pdf",downloaded_to_repo,2,https://canvas.oregonstate.edu/courses/2080857/files/119223617/download?download_frd=1,https://canvas.oregonstate.edu/courses/2080857/files/119223617,"252-Lecture-2.5-to-ME5 pages 5 - 8, 13 - 17, 19, 20-1-1.pdf: INTEGRAL CALCULUS (MTH_252Z_400_U2026)",https://canvas.oregonstate.edu/courses/2080857/files/119223617,"/Users/jake/Downloads/252-Lecture-2.5-to-ME5 pages 5 - 8, 13 - 17, 19, 20-1-1.pdf",/Users/jake/Developer/SU26/canvas/indexer/output/downloaded_files/MTH-252_119223617_252-Lecture-2.5-to-ME5 pages 5 - 8- 13 - 17- 19- 20-1-1.pdf,6513299,Downloaded from Canvas file preview page and copied into repo.
2080857,MTH-252,119223618,Download,downloaded_to_repo,2,https://canvas.oregonstate.edu/courses/2080857/files/119223618/download?download_frd=1,https://canvas.oregonstate.edu/courses/2080857/files/119223618,"252-Lecture-2.5-to-ME5 pages 5 - 8, 13 - 17, 19, 20-1-2.pdf: INTEGRAL CALCULUS (MTH_252Z_400_U2026)",https://canvas.oregonstate.edu/courses/2080857/files/119223618,"/Users/jake/Downloads/252-Lecture-2.5-to-ME5 pages 5 - 8, 13 - 17, 19, 20-1-2.pdf",/Users/jake/Developer/SU26/canvas/indexer/output/downloaded_files/MTH-252_119223618_252-Lecture-2.5-to-ME5 pages 5 - 8- 13 - 17- 19- 20-1-2.pdf,6513299,Downloaded from Canvas file preview page and copied into repo.
2080857,MTH-252,119223623,Download,downloaded_to_repo,2,https://canvas.oregonstate.edu/courses/2080857/files/119223623/download?download_frd=1,https://canvas.oregonstate.edu/courses/2080857/files/119223623,ME3-Retake-Template.pdf: INTEGRAL CALCULUS (MTH_252Z_400_U2026),https://canvas.oregonstate.edu/courses/2080857/files/119223623,/Users/jake/Downloads/ME3-Retake-Template.pdf,/Users/jake/Developer/SU26/canvas/indexer/output/downloaded_files/MTH-252_119223623_ME3-Retake-Template.pdf,231421,Downloaded from Canvas file preview page and copied into repo.
2080857,MTH-252,119246076,MTH 252Z-400 Syllabus U26 Gilliam.pdf,downloaded_to_repo,2,https://canvas.oregonstate.edu/courses/2080857/files/119246076/download?download_frd=1,https://canvas.oregonstate.edu/courses/2080857/files/119246076,MTH 252Z-400 Syllabus U26 Gilliam.pdf: INTEGRAL CALCULUS (MTH_252Z_400_U2026),https://canvas.oregonstate.edu/courses/2080857/files/119246076,/Users/jake/Downloads/MTH 252Z-400 Syllabus U26 Gilliam (2).pdf,/Users/jake/Developer/SU26/canvas/indexer/output/downloaded_files/MTH-252_119246076_MTH 252Z-400 Syllabus U26 Gilliam.pdf,484349,Downloaded from Canvas file preview page and copied into repo.
2080857,MTH-252,119246078,MTH 252Z-401 Syllabus U26 Gilliam.pdf,downloaded_to_repo,2,https://canvas.oregonstate.edu/courses/2080857/files/119246078/download?download_frd=1,https://canvas.oregonstate.edu/courses/2080857/files/119246078,MTH 252Z-401 Syllabus U26 Gilliam.pdf: INTEGRAL CALCULUS (MTH_252Z_400_U2026),https://canvas.oregonstate.edu/courses/2080857/files/119246078,/Users/jake/Downloads/MTH 252Z-401 Syllabus U26 Gilliam.pdf,/Users/jake/Developer/SU26/canvas/indexer/output/downloaded_files/MTH-252_119246078_MTH 252Z-401 Syllabus U26 Gilliam.pdf,484732,Downloaded from Canvas file preview page and copied into repo.
2080857,MTH-252,119246095,MTH-252-Online-Course-Calendar.pdf,downloaded_to_repo,2,https://canvas.oregonstate.edu/courses/2080857/files/119246095/download?download_frd=1,https://canvas.oregonstate.edu/courses/2080857/files/119246095,MTH-252-Online-Course-Calendar.pdf: INTEGRAL CALCULUS (MTH_252Z_400_U2026),https://canvas.oregonstate.edu/courses/2080857/files/119246095,/Users/jake/Downloads/MTH-252-Online-Course-Calendar.pdf,/Users/jake/Developer/SU26/canvas/indexer/output/downloaded_files/MTH-252_119246095_MTH-252-Online-Course-Calendar.pdf,139743,Downloaded from Canvas file preview page and copied into repo.
2080857,MTH-252,99187575,IVP-Wksht1.pdf,unauthorized_or_no_download_link,2,https://canvas.oregonstate.edu/courses/1918585/files/99187575/download?download_frd=1,https://canvas.oregonstate.edu/courses/1918585/files/99187575,Unauthorized,https://canvas.oregonstate.edu/courses/1918585/files/99187575,,,,Preview page did not expose a downloadable link; Canvas title was Unauthorized for the old-course worksheet links.
2080857,MTH-252,99187581,IVP-Wksht2.pdf,unauthorized_or_no_download_link,2,https://canvas.oregonstate.edu/courses/1918585/files/99187581/download?download_frd=1,https://canvas.oregonstate.edu/courses/1918585/files/99187581,Unauthorized,https://canvas.oregonstate.edu/courses/1918585/files/99187581,,,,Preview page did not expose a downloadable link; Canvas title was Unauthorized for the old-course worksheet links.
2053263,MTH-253,118558797,Download,downloaded_to_repo,1,https://canvas.oregonstate.edu/courses/2053263/files/118558797/download?download_frd=1,https://canvas.oregonstate.edu/courses/2053263/files/118558797,Unit #1 Written Homework.pdf: SEQUENCES AND SERIES (MTH_253Z_400_U2026),https://canvas.oregonstate.edu/courses/2053263/files/118558797,/Users/jake/Downloads/Unit #1 Written Homework.pdf,/Users/jake/Developer/SU26/canvas/indexer/output/downloaded_files/MTH-253_118558797_Unit -1 Written Homework.pdf,74128,Downloaded from Canvas file preview page and copied into repo.
2053263,MTH-253,118558848,Download,downloaded_to_repo,2,https://canvas.oregonstate.edu/courses/2053263/files/118558848/download?download_frd=1,https://canvas.oregonstate.edu/courses/2053263/files/118558848,Infinite Limits.pdf: SEQUENCES AND SERIES (MTH_253Z_400_U2026),https://canvas.oregonstate.edu/courses/2053263/files/118558848,/Users/jake/Downloads/Infinite Limits.pdf,/Users/jake/Developer/SU26/canvas/indexer/output/downloaded_files/MTH-253_118558848_Infinite Limits.pdf,122497,Downloaded from Canvas file preview page and copied into repo.
2053263,MTH-253,118558879,Download,downloaded_to_repo,2,https://canvas.oregonstate.edu/courses/2053263/files/118558879/download?download_frd=1,https://canvas.oregonstate.edu/courses/2053263/files/118558879,L'Hospital's Rule.pdf: SEQUENCES AND SERIES (MTH_253Z_400_U2026),https://canvas.oregonstate.edu/courses/2053263/files/118558879,/Users/jake/Downloads/L'Hospital's Rule.pdf,/Users/jake/Developer/SU26/canvas/indexer/output/downloaded_files/MTH-253_118558879_L-Hospital-s Rule.pdf,152338,Downloaded from Canvas file preview page and copied into repo.
2053263,MTH-253,118558899,Download,downloaded_to_repo,2,https://canvas.oregonstate.edu/courses/2053263/files/118558899/download?download_frd=1,https://canvas.oregonstate.edu/courses/2053263/files/118558899,MTH 253 Weekly Schedule.docx: SEQUENCES AND SERIES (MTH_253Z_400_U2026),https://canvas.oregonstate.edu/courses/2053263/files/118558899,/Users/jake/Downloads/MTH 253 Weekly Schedule.docx,/Users/jake/Developer/SU26/canvas/indexer/output/downloaded_files/MTH-253_118558899_MTH 253 Weekly Schedule.docx,16330,Downloaded from Canvas file preview page and copied into repo.
2053263,MTH-253,118558936,Download,downloaded_to_repo,2,https://canvas.oregonstate.edu/courses/2053263/files/118558936/download?download_frd=1,https://canvas.oregonstate.edu/courses/2053263/files/118558936,Evaluating Limits.pdf: SEQUENCES AND SERIES (MTH_253Z_400_U2026),https://canvas.oregonstate.edu/courses/2053263/files/118558936,/Users/jake/Downloads/Evaluating Limits.pdf,/Users/jake/Developer/SU26/canvas/indexer/output/downloaded_files/MTH-253_118558936_Evaluating Limits.pdf,188700,Downloaded from Canvas file preview page and copied into repo.
2053263,MTH-253,118558944,MTH 253 - Final Exam Practice Problems - Answers.pdf,downloaded_to_repo,2,https://canvas.oregonstate.edu/courses/2053263/files/118558944/download?download_frd=1,https://canvas.oregonstate.edu/courses/2053263/files/118558944,MTH 253 - Final Exam Practice Problems - Answers.pdf: SEQUENCES AND SERIES (MTH_253Z_400_U2026),https://canvas.oregonstate.edu/courses/2053263/files/118558944,/Users/jake/Downloads/MTH 253 - Final Exam Practice Problems - Answers.pdf,/Users/jake/Developer/SU26/canvas/indexer/output/downloaded_files/MTH-253_118558944_MTH 253 - Final Exam Practice Problems - Answers.pdf,440868,Downloaded from Canvas file preview page and copied into repo.
2053263,MTH-253,118558956,MTH 253 - Final Exam Practice Problems.pdf,downloaded_to_repo,2,https://canvas.oregonstate.edu/courses/2053263/files/118558956/download?download_frd=1,https://canvas.oregonstate.edu/courses/2053263/files/118558956,MTH 253 - Final Exam Practice Problems.pdf: SEQUENCES AND SERIES (MTH_253Z_400_U2026),https://canvas.oregonstate.edu/courses/2053263/files/118558956,/Users/jake/Downloads/MTH 253 - Final Exam Practice Problems.pdf,/Users/jake/Developer/SU26/canvas/indexer/output/downloaded_files/MTH-253_118558956_MTH 253 - Final Exam Practice Problems.pdf,356513,Downloaded from Canvas file preview page and copied into repo.
2053263,MTH-253,118558963,Download,downloaded_to_repo,2,https://canvas.oregonstate.edu/courses/2053263/files/118558963/download?download_frd=1,https://canvas.oregonstate.edu/courses/2053263/files/118558963,Improper Integrals.pdf: SEQUENCES AND SERIES (MTH_253Z_400_U2026),https://canvas.oregonstate.edu/courses/2053263/files/118558963,/Users/jake/Downloads/Improper Integrals.pdf,/Users/jake/Developer/SU26/canvas/indexer/output/downloaded_files/MTH-253_118558963_Improper Integrals.pdf,90921,Downloaded from Canvas file preview page and copied into repo.
2053526,PHY-212,118705530,CamScanner,downloaded_to_repo,2,https://canvas.oregonstate.edu/courses/2053526/files/118705530/download?wrap=1,https://canvas.oregonstate.edu/courses/2053526/files/118705530,gradescope_tips.pdf: GENERAL PHYSICS WITH CALCULUS (PH_212_400_U2026),https://canvas.oregonstate.edu/courses/2053526/files/118705530,/Users/jake/Downloads/gradescope_tips.pdf,/Users/jake/Developer/SU26/canvas/indexer/output/downloaded_files/PHY-212_118705530_gradescope_tips.pdf,1280796,Downloaded from Canvas file preview page and copied into repo.
2053526,PHY-212,118705575,Download,downloaded_to_repo,2,https://canvas.oregonstate.edu/courses/2053526/files/118705575/download?download_frd=1,https://canvas.oregonstate.edu/courses/2053526/files/118705575,Proctorio Guide.pdf: GENERAL PHYSICS WITH CALCULUS (PH_212_400_U2026),https://canvas.oregonstate.edu/courses/2053526/files/118705575,/Users/jake/Downloads/Proctorio Guide.pdf,/Users/jake/Developer/SU26/canvas/indexer/output/downloaded_files/PHY-212_118705575_Proctorio Guide.pdf,199373,Downloaded from Canvas file preview page and copied into repo.
2053526,PHY-212,118706071,Scannable or GeniusScan,downloaded_to_repo,2,https://canvas.oregonstate.edu/courses/2053526/files/118706071/download?wrap=1,https://canvas.oregonstate.edu/courses/2053526/files/118706071,submittinghwguidenew.pdf: GENERAL PHYSICS WITH CALCULUS (PH_212_400_U2026),https://canvas.oregonstate.edu/courses/2053526/files/118706071,/Users/jake/Downloads/submittinghwguidenew.pdf,/Users/jake/Developer/SU26/canvas/indexer/output/downloaded_files/PHY-212_118706071_submittinghwguidenew.pdf,717103,Downloaded from Canvas file preview page and copied into repo.
