review_id,priority,review_reason,course_id,course_code,task_id,object_id,page_id,title,source_url,suggested_action
review-00001,medium,download_not_read,2080857,MTH-252,,obj-mth-252-download-99187575,,IVP-Wksht1.pdf,https://canvas.oregonstate.edu/courses/1918585/files/99187575/download?download_frd=1,Download and parse file before treating contents as read.
review-00002,medium,download_not_read,2080857,MTH-252,,obj-mth-252-download-99187581,,IVP-Wksht2.pdf,https://canvas.oregonstate.edu/courses/1918585/files/99187581/download?download_frd=1,Download and parse file before treating contents as read.
review-00003,medium,download_not_read,2053263,MTH-253,,obj-mth-253-download-118558743,,Download,https://canvas.oregonstate.edu/courses/2053263/files/118558743/download?download_frd=1,Download and parse file before treating contents as read.
review-00004,medium,download_not_read,2053263,MTH-253,,obj-mth-253-download-118558950,,Download,https://canvas.oregonstate.edu/courses/2053263/files/118558950/download?download_frd=1,Download and parse file before treating contents as read.
review-00005,medium,download_not_read,2053263,MTH-253,,obj-mth-253-download-118558844,,Download,https://canvas.oregonstate.edu/courses/2053263/files/118558844/download?download_frd=1,Download and parse file before treating contents as read.
review-00006,medium,download_not_read,2053263,MTH-253,,obj-mth-253-download-118558915,,Download,https://canvas.oregonstate.edu/courses/2053263/files/118558915/download?download_frd=1,Download and parse file before treating contents as read.
review-00007,medium,download_not_read,2053263,MTH-253,,obj-mth-253-download-118558827,,Download,https://canvas.oregonstate.edu/courses/2053263/files/118558827/download?download_frd=1,Download and parse file before treating contents as read.
review-00008,medium,download_not_read,2053263,MTH-253,,obj-mth-253-download-118558808,,Download,https://canvas.oregonstate.edu/courses/2053263/files/118558808/download?download_frd=1,Download and parse file before treating contents as read.
review-00009,medium,download_not_read,2053263,MTH-253,,obj-mth-253-download-118558770,,Download,https://canvas.oregonstate.edu/courses/2053263/files/118558770/download?download_frd=1,Download and parse file before treating contents as read.
review-00010,medium,download_not_read,2053263,MTH-253,,obj-mth-253-download-118558809,,Download,https://canvas.oregonstate.edu/courses/2053263/files/118558809/download?download_frd=1,Download and parse file before treating contents as read.
review-00011,medium,download_not_read,2053263,MTH-253,,obj-mth-253-download-118558919,,Download,https://canvas.oregonstate.edu/courses/2053263/files/118558919/download?download_frd=1,Download and parse file before treating contents as read.
review-00012,medium,download_not_read,2053263,MTH-253,,obj-mth-253-download-118558872,,Download,https://canvas.oregonstate.edu/courses/2053263/files/118558872/download?download_frd=1,Download and parse file before treating contents as read.
review-00013,medium,download_not_read,2053263,MTH-253,,obj-mth-253-download-118558751,,Download,https://canvas.oregonstate.edu/courses/2053263/files/118558751/download?download_frd=1,Download and parse file before treating contents as read.
review-00014,medium,download_not_read,2053263,MTH-253,,obj-mth-253-download-119294133,,Practice-Quiz.pdf,https://canvas.oregonstate.edu/users/6660414/files/119294133/download?verifier=gGJq5JBGLXpWU66mkaU77iU27kEJcXVFbCpDi73N&download_frd=1,Download and parse file before treating contents as read.
review-00015,high,blocked_or_broken,2053263,MTH-253,task-00315-mth-253-blocked-or-broken-practice-quiz-take-it-before-attempting-quiz-1-sequences-and-series-mth-253z-400,obj-mth-253-quiz-3166971,00240-mth-253-module-item-practice-quiz-take-it-before-attempting-quiz-1-sequences-and-series-mth-253z-400-u2026,Practice Quiz (take it before attempting Quiz 1!): SEQUENCES AND SERIES (MTH_253Z_400_U2026),https://canvas.oregonstate.edu/courses/2053263/quizzes/3166971?module_item_id=26982050,Retry or manually review blocked/broken capture.
review-00016,high,blocked_or_broken,2053526,PHY-212,task-00346-phy-212-blocked-or-broken-unauthorized,obj-phy-212-assignment-10556958,00618-phy-212-linked-detail-unauthorized,Unauthorized,https://canvas.oregonstate.edu/courses/2053526/assignments/10556958,Retry or manually review blocked/broken capture.
review-00017,high,blocked_or_broken,2053526,PHY-212,task-00347-phy-212-blocked-or-broken-unauthorized,obj-phy-212-assignment-10556975,00619-phy-212-linked-detail-unauthorized,Unauthorized,https://canvas.oregonstate.edu/courses/2053526/assignments/10556975,Retry or manually review blocked/broken capture.
review-00018,high,blocked_or_broken,2053526,PHY-212,task-00348-phy-212-blocked-or-broken-unauthorized,obj-phy-212-assignment-10556967,00620-phy-212-linked-detail-unauthorized,Unauthorized,https://canvas.oregonstate.edu/courses/2053526/assignments/10556967,Retry or manually review blocked/broken capture.
review-00019,high,blocked_or_broken,2053526,PHY-212,task-00349-phy-212-blocked-or-broken-unauthorized,obj-phy-212-assignment-10556938,00621-phy-212-linked-detail-unauthorized,Unauthorized,https://canvas.oregonstate.edu/courses/2053526/assignments/10556938,Retry or manually review blocked/broken capture.
review-00020,high,blocked_or_broken,2053526,PHY-212,task-00350-phy-212-blocked-or-broken-unauthorized,obj-phy-212-assignment-10556951,00622-phy-212-linked-detail-unauthorized,Unauthorized,https://canvas.oregonstate.edu/courses/2053526/assignments/10556951,Retry or manually review blocked/broken capture.
review-00021,high,blocked_or_broken,2053526,PHY-212,task-00351-phy-212-blocked-or-broken-unauthorized,obj-phy-212-assignment-10556991,00623-phy-212-linked-detail-unauthorized,Unauthorized,https://canvas.oregonstate.edu/courses/2053526/assignments/10556991,Retry or manually review blocked/broken capture.
review-00022,high,blocked_or_broken,2053526,PHY-212,task-00352-phy-212-blocked-or-broken-unauthorized,obj-phy-212-assignment-10557013,00624-phy-212-linked-detail-unauthorized,Unauthorized,https://canvas.oregonstate.edu/courses/2053526/assignments/10557013,Retry or manually review blocked/broken capture.
review-00023,high,blocked_or_broken,2053526,PHY-212,task-00353-phy-212-blocked-or-broken-unauthorized,obj-phy-212-assignment-10557015,00625-phy-212-linked-detail-unauthorized,Unauthorized,https://canvas.oregonstate.edu/courses/2053526/assignments/10557015,Retry or manually review blocked/broken capture.
review-00024,high,blocked_or_broken,2053526,PHY-212,task-00354-phy-212-blocked-or-broken-unauthorized,obj-phy-212-assignment-10556947,00626-phy-212-linked-detail-unauthorized,Unauthorized,https://canvas.oregonstate.edu/courses/2053526/assignments/10556947,Retry or manually review blocked/broken capture.
review-00025,high,blocked_or_broken,2053526,PHY-212,task-00355-phy-212-blocked-or-broken-unauthorized,obj-phy-212-assignment-10557020,00627-phy-212-linked-detail-unauthorized,Unauthorized,https://canvas.oregonstate.edu/courses/2053526/assignments/10557020,Retry or manually review blocked/broken capture.
review-00026,high,blocked_or_broken,2053526,PHY-212,task-00356-phy-212-blocked-or-broken-unauthorized,obj-phy-212-assignment-10557027,00628-phy-212-linked-detail-unauthorized,Unauthorized,https://canvas.oregonstate.edu/courses/2053526/assignments/10557027,Retry or manually review blocked/broken capture.
review-00027,high,blocked_or_broken,2053526,PHY-212,task-00357-phy-212-blocked-or-broken-unauthorized,obj-phy-212-assignment-10556937,00629-phy-212-linked-detail-unauthorized,Unauthorized,https://canvas.oregonstate.edu/courses/2053526/assignments/10556937,Retry or manually review blocked/broken capture.
review-00028,high,blocked_or_broken,2053526,PHY-212,task-00358-phy-212-blocked-or-broken-unauthorized,obj-phy-212-assignment-10556943,00630-phy-212-linked-detail-unauthorized,Unauthorized,https://canvas.oregonstate.edu/courses/2053526/assignments/10556943,Retry or manually review blocked/broken capture.
review-00029,high,blocked_or_broken,2053526,PHY-212,task-00359-phy-212-blocked-or-broken-unauthorized,obj-phy-212-assignment-10556996,00631-phy-212-linked-detail-unauthorized,Unauthorized,https://canvas.oregonstate.edu/courses/2053526/assignments/10556996,Retry or manually review blocked/broken capture.
review-00030,high,blocked_or_broken,2053526,PHY-212,task-00360-phy-212-blocked-or-broken-unauthorized,obj-phy-212-assignment-10556959,00632-phy-212-linked-detail-unauthorized,Unauthorized,https://canvas.oregonstate.edu/courses/2053526/assignments/10556959,Retry or manually review blocked/broken capture.
review-00031,high,blocked_or_broken,2053526,PHY-212,task-00361-phy-212-blocked-or-broken-unauthorized,obj-phy-212-assignment-10557105,00633-phy-212-linked-detail-unauthorized,Unauthorized,https://canvas.oregonstate.edu/courses/2053526/assignments/10557105,Retry or manually review blocked/broken capture.
review-00032,high,blocked_or_broken,2053526,PHY-212,task-00362-phy-212-blocked-or-broken-unauthorized,obj-phy-212-assignment-10557108,00635-phy-212-linked-detail-unauthorized,Unauthorized,https://canvas.oregonstate.edu/courses/2053526/assignments/10557108,Retry or manually review blocked/broken capture.
review-00033,high,blocked_or_broken,2053526,PHY-212,task-00363-phy-212-blocked-or-broken-unauthorized,obj-phy-212-assignment-10557111,00637-phy-212-linked-detail-unauthorized,Unauthorized,https://canvas.oregonstate.edu/courses/2053526/assignments/10557111,Retry or manually review blocked/broken capture.
review-00034,high,blocked_or_broken,2053526,PHY-212,task-00364-phy-212-blocked-or-broken-unauthorized,obj-phy-212-assignment-10557106,00638-phy-212-linked-detail-unauthorized,Unauthorized,https://canvas.oregonstate.edu/courses/2053526/assignments/10557106,Retry or manually review blocked/broken capture.
review-00035,high,blocked_or_broken,2053526,PHY-212,task-00365-phy-212-blocked-or-broken-unauthorized,obj-phy-212-assignment-10557107,00639-phy-212-linked-detail-unauthorized,Unauthorized,https://canvas.oregonstate.edu/courses/2053526/assignments/10557107,Retry or manually review blocked/broken capture.
review-00036,high,blocked_or_broken,2053526,PHY-212,task-00366-phy-212-blocked-or-broken-unauthorized,obj-phy-212-assignment-10557109,00640-phy-212-linked-detail-unauthorized,Unauthorized,https://canvas.oregonstate.edu/courses/2053526/assignments/10557109,Retry or manually review blocked/broken capture.
review-00037,high,blocked_or_broken,2053526,PHY-212,task-00367-phy-212-blocked-or-broken-unauthorized,obj-phy-212-assignment-10557110,00641-phy-212-linked-detail-unauthorized,Unauthorized,https://canvas.oregonstate.edu/courses/2053526/assignments/10557110,Retry or manually review blocked/broken capture.
review-00038,high,blocked_or_broken,2053526,PHY-212,task-00368-phy-212-blocked-or-broken-unauthorized,obj-phy-212-assignment-10557112,00642-phy-212-linked-detail-unauthorized,Unauthorized,https://canvas.oregonstate.edu/courses/2053526/assignments/10557112,Retry or manually review blocked/broken capture.
review-00039,medium,download_not_read,2053526,PHY-212,,obj-phy-212-download-118706028,,Download,https://canvas.oregonstate.edu/courses/2053526/files/118706028/download?download_frd=1,Download and parse file before treating contents as read.
review-00040,medium,download_not_read,2053526,PHY-212,,obj-phy-212-download-118706035,,Download,https://canvas.oregonstate.edu/courses/2053526/files/118706035/download?download_frd=1,Download and parse file before treating contents as read.
review-00041,medium,download_not_read,2053526,PHY-212,,obj-phy-212-download-118706027,,Download,https://canvas.oregonstate.edu/courses/2053526/files/118706027/download?download_frd=1,Download and parse file before treating contents as read.
review-00042,medium,download_not_read,2053526,PHY-212,,obj-phy-212-download-119307451,,Lab Structure and TA Meetings.pdf,https://canvas.oregonstate.edu/courses/2053526/files/119307451/download?download_frd=1,Download and parse file before treating contents as read.
review-00043,medium,download_not_read,2053526,PHY-212,,obj-phy-212-download-118706032,,PH211_DATA_time-distance.txt,https://canvas.oregonstate.edu/courses/2053526/files/118706032/download?download_frd=1,Download and parse file before treating contents as read.
review-00044,medium,download_not_read,2053526,PHY-212,,obj-phy-212-download-118706030,,PH211_Excel-Skills-Ref.xlsx,https://canvas.oregonstate.edu/courses/2053526/files/118706030/download?download_frd=1,Download and parse file before treating contents as read.
review-00045,high,blocked_or_broken,2053526,PHY-212,task-00409-phy-212-blocked-or-broken-hw-1-rotational-motion-general-physics-with-calculus-ph-212-400-u2026,obj-phy-212-quiz-3160489,00391-phy-212-assignment-detail-hw-1-rotational-motion-general-physics-with-calculus-ph-212-400-u2026,Hw 1 - Rotational Motion: GENERAL PHYSICS WITH CALCULUS (PH_212_400_U2026),https://canvas.oregonstate.edu/courses/2053526/quizzes/3160489,Retry or manually review blocked/broken capture.
review-00046,high,blocked_or_broken,2053526,PHY-212,task-00430-phy-212-blocked-or-broken-unauthorized,obj-phy-212-quiz-3160535,00634-phy-212-linked-detail-unauthorized,Unauthorized,https://canvas.oregonstate.edu/courses/2053526/quizzes/3160535,Retry or manually review blocked/broken capture.
review-00047,high,blocked_or_broken,2053526,PHY-212,task-00431-phy-212-blocked-or-broken-unauthorized,obj-phy-212-quiz-3160503,00636-phy-212-linked-detail-unauthorized,Unauthorized,https://canvas.oregonstate.edu/courses/2053526/quizzes/3160503,Retry or manually review blocked/broken capture.
