rank,course_id,course_code,task_id,task_type,title,due_sort_key,due_text,due_status,available_text,points_text,estimated_time,module_titles,module_item_ids,actionability,confidence,review_state,recursive_review_states,object_id,object_type,source_urls,next_action
334,2053526,PHY-212,task-00340-phy-212-graded-task-m2-2,graded_task,M2-2,2026-07-08T12:15,Jul 8 at 12:15pm,upcoming,,5,,,,action_required,high,candidate,needs_manual_decision,obj-phy-212-assignment-10598691,assignment,https://canvas.oregonstate.edu/courses/2053526/assignments/10598691|https://canvas.oregonstate.edu/courses/2053526/grades,Plan/complete this task according to its module and due information.
6,2080857,MTH-252,task-00022-mth-252-graded-task-mini-exam-1-tues-thur-no-late-submissions,graded_task,Mini-Exam 1 - Tues - Thur (No late submissions),2026-07-09T23:59,Jul 9 by 11:59pm,upcoming,,5,,Mini-Exam 1: Available Tuesday - Thursday of Week 3,mi-mth-252-26982562,action_required,high,candidate,needs_manual_decision,obj-mth-252-assignment-10586045,assignment,https://canvas.oregonstate.edu/courses/2080857/assignments/10586045?module_item_id=26982562|https://canvas.oregonstate.edu/courses/2080857/assignments/10586045|https://canvas.oregonstate.edu/courses/2080857/assignments/10586045?module_item_id=26982562#|https://canvas.oregonstate.edu/courses/2080857/modules|https://canvas.oregonstate.edu/courses/2080857/grades,Plan/complete this task according to its module and due information.
7,2080857,MTH-252,task-00039-mth-252-graded-task-reflection-2,graded_task,Reflection 2,2026-07-09T23:59,Jul 9 by 11:59pm,upcoming,,5,,Module 2: Intro to Definite Integral and Properties,mi-mth-252-26982559,action_required,high,candidate,needs_manual_decision,obj-mth-252-assignment-10586063,assignment,https://canvas.oregonstate.edu/courses/2080857/assignments/10586063?module_item_id=26982559|https://canvas.oregonstate.edu/courses/2080857/assignments/10586063|https://canvas.oregonstate.edu/courses/2080857/assignments/10586063?module_item_id=26982559#|https://canvas.oregonstate.edu/courses/2080857/modules|https://canvas.oregonstate.edu/courses/2080857/grades,Plan/complete this task according to its module and due information.
272,2053263,MTH-253,task-00271-mth-253-graded-task-unit-2-written-homework-assignment,graded_task,Unit 2 - Written Homework Assignment,2026-07-09T23:59,Jul 9 by 11:59pm,upcoming,,100,,Unit 2 - Week 2 and Week 3,mi-mth-253-26885550,action_required,high,candidate,needs_manual_decision,obj-mth-253-assignment-10553180,assignment,https://canvas.oregonstate.edu/courses/2053263/assignments/10553180?module_item_id=26885550|https://canvas.oregonstate.edu/courses/2053263/assignments/10553180|https://canvas.oregonstate.edu/courses/2053263/assignments/10553180?module_item_id=26885550#|https://canvas.oregonstate.edu/courses/2053263/modules|https://canvas.oregonstate.edu/courses/2053263/grades,Plan/complete this task according to its module and due information.
8,2080857,MTH-252,task-00045-mth-252-graded-task-topic-module-3-discussion-reflection-mini-exam-1-0-5-hour,graded_task,Topic: Module 3 — Discussion Reflection: Mini-Exam 1 🕓 0.5 hour,2026-07-10T23:59,Jul 10 at 11:59pm,upcoming,,,0.5 hour,Module 3: The Fundamental Theorems of Calculus,mi-mth-252-26982571,action_required,high,candidate,,obj-mth-252-discussion-11593473,discussion,https://canvas.oregonstate.edu/courses/2080857/discussion_topics/11593473?module_item_id=26982571|https://canvas.oregonstate.edu/courses/2080857/discussion_topics/11593473|https://canvas.oregonstate.edu/courses/2080857/modules,Plan/complete this task according to its module and due information.
335,2053526,PHY-212,task-00327-phy-212-graded-task-lab-3-group-report,graded_task,Lab 3 Group report,2026-07-11T23:59,Jul 11 by 11:59pm,upcoming,,5,,,,action_required,high,candidate,needs_manual_decision,obj-phy-212-assignment-10557059,assignment,https://canvas.oregonstate.edu/courses/2053526/assignments/10557059|https://canvas.oregonstate.edu/courses/2053526/grades,Plan/complete this task according to its module and due information.
273,2053263,MTH-253,task-00278-mth-253-graded-task-week-3-web-homework-introduction-to-series,graded_task,Week 3 Web Homework: Introduction to Series,2026-07-12T23:59,Jul 12 by 11:59pm,upcoming,,100,,Unit 2 - Week 2 and Week 3,mi-mth-253-26977769,action_required,high,candidate,needs_manual_decision,obj-mth-253-assignment-10584373,assignment,https://canvas.oregonstate.edu/courses/2053263/assignments/10584373?module_item_id=26977769|https://canvas.oregonstate.edu/courses/2053263/assignments/10584373|https://canvas.oregonstate.edu/courses/2053263/assignments/10584373?module_item_id=26977769#|https://canvas.oregonstate.edu/courses/2053263/modules|https://canvas.oregonstate.edu/courses/2053263/grades,Plan/complete this task according to its module and due information.
9,2080857,MTH-252,task-00004-mth-252-graded-task-achieve-1-3-the-fundamental-theorem-of-calculus,graded_task,Achieve - 1.3 The Fundamental Theorem of Calculus,2026-07-13T23:59,Jul 13 by 11:59pm,upcoming,,5,,Module 3: The Fundamental Theorems of Calculus,mi-mth-252-26982569,action_required,high,candidate,needs_manual_decision,obj-mth-252-assignment-10586027,assignment,https://canvas.oregonstate.edu/courses/2080857/assignments/10586027?module_item_id=26982569|https://canvas.oregonstate.edu/courses/2080857/assignments/10586027|https://canvas.oregonstate.edu/courses/2080857/assignments/10586027?module_item_id=26982569#|https://canvas.oregonstate.edu/courses/2080857/modules|https://canvas.oregonstate.edu/courses/2080857/grades,Plan/complete this task according to its module and due information.
10,2080857,MTH-252,task-00018-mth-252-graded-task-achieve-4-10-antiderivatives,graded_task,Achieve - 4.10 Antiderivatives,2026-07-13T23:59,Jul 13 by 11:59pm,upcoming,,5,,Module 3: The Fundamental Theorems of Calculus,mi-mth-252-26982570,action_required,high,candidate,needs_manual_decision,obj-mth-252-assignment-10586042,assignment,https://canvas.oregonstate.edu/courses/2080857/assignments/10586042?module_item_id=26982570|https://canvas.oregonstate.edu/courses/2080857/assignments/10586042|https://canvas.oregonstate.edu/courses/2080857/assignments/10586042?module_item_id=26982570#|https://canvas.oregonstate.edu/courses/2080857/modules|https://canvas.oregonstate.edu/courses/2080857/grades,Plan/complete this task according to its module and due information.
11,2080857,MTH-252,task-00032-mth-252-graded-task-module-3-written-homework-whw-3-3-hours,graded_task,Module 3 — Written Homework (WHW 3) 🕓 3 hours,2026-07-13T23:59,Jul 13 by 11:59pm,upcoming,,5,3 hours,Module 3: The Fundamental Theorems of Calculus,mi-mth-252-26982568,action_required,high,candidate,needs_manual_decision,obj-mth-252-assignment-10586056,assignment,https://canvas.oregonstate.edu/courses/2080857/assignments/10586056?module_item_id=26982568|https://canvas.oregonstate.edu/courses/2080857/assignments/10586056|https://canvas.oregonstate.edu/courses/2080857/assignments/10586056?module_item_id=26982568#|https://canvas.oregonstate.edu/courses/2080857/modules|https://canvas.oregonstate.edu/courses/2080857/grades,Plan/complete this task according to its module and due information.
336,2053526,PHY-212,task-00328-phy-212-graded-task-lab-4-group-report,graded_task,Lab 4 Group Report,2026-07-18T23:59,Jul 18 by 11:59pm,upcoming,,5,,,,action_required,high,candidate,needs_manual_decision,obj-phy-212-assignment-10557060,assignment,https://canvas.oregonstate.edu/courses/2053526/assignments/10557060|https://canvas.oregonstate.edu/courses/2053526/grades,Plan/complete this task according to its module and due information.
274,2053263,MTH-253,task-00279-mth-253-graded-task-week-4-web-homework-the-divergence-and-integral-tests,graded_task,Week 4 Web Homework: The Divergence and Integral Tests,2026-07-19T23:59,Jul 19 by 11:59pm,upcoming,,100,,"Unit 3 - Weeks 4, 5, and 6",mi-mth-253-26977967,action_required,high,candidate,needs_manual_decision,obj-mth-253-assignment-10584431,assignment,https://canvas.oregonstate.edu/courses/2053263/assignments/10584431?module_item_id=26977967|https://canvas.oregonstate.edu/courses/2053263/assignments/10584431|https://canvas.oregonstate.edu/courses/2053263/assignments/10584431?module_item_id=26977967#|https://canvas.oregonstate.edu/courses/2053263/modules|https://canvas.oregonstate.edu/courses/2053263/grades,Plan/complete this task according to its module and due information.
337,2053526,PHY-212,task-00350-phy-212-graded-task-quiz-2a,graded_task,Quiz 2A,2026-07-20T11:25,Jul 20 by 11:25am,upcoming,,5,,,,action_required,high,candidate,needs_manual_decision,obj-phy-212-assignment-10557106,assignment,https://canvas.oregonstate.edu/courses/2053526/assignments/10557106|https://canvas.oregonstate.edu/courses/2053526/grades,Plan/complete this task according to its module and due information.
338,2053526,PHY-212,task-00353-phy-212-graded-task-quiz-2b,graded_task,Quiz 2B,2026-07-20T11:55,Jul 20 by 11:55am,upcoming,,5,,,,action_required,high,candidate,needs_manual_decision,obj-phy-212-assignment-10557109,assignment,https://canvas.oregonstate.edu/courses/2053526/assignments/10557109|https://canvas.oregonstate.edu/courses/2053526/grades,Plan/complete this task according to its module and due information.
339,2053526,PHY-212,task-00351-phy-212-graded-task-quiz-2a-6pm,graded_task,Quiz 2A_6pm,2026-07-20T18:25,Jul 20 by 6:25pm,upcoming,,5,,,,action_required,high,candidate,needs_manual_decision,obj-phy-212-assignment-10557107,assignment,https://canvas.oregonstate.edu/courses/2053526/assignments/10557107|https://canvas.oregonstate.edu/courses/2053526/grades,Plan/complete this task according to its module and due information.
340,2053526,PHY-212,task-00354-phy-212-graded-task-quiz-2b-6pm,graded_task,Quiz 2B_6pm,2026-07-20T18:55,Jul 20 by 6:55pm,upcoming,,5,,,,action_required,high,candidate,needs_manual_decision,obj-phy-212-assignment-10557110,assignment,https://canvas.oregonstate.edu/courses/2053526/assignments/10557110|https://canvas.oregonstate.edu/courses/2053526/grades,Plan/complete this task according to its module and due information.
12,2080857,MTH-252,task-00005-mth-252-graded-task-achieve-1-4-integration-formulas-and-the-net-change-theorem,graded_task,Achieve - 1.4 Integration Formulas and the Net Change Theorem,2026-07-20T23:59,Jul 20 by 11:59pm,upcoming,,5,,Module 4: Introduction to Applications,mi-mth-252-26982581,action_required,high,candidate,needs_manual_decision,obj-mth-252-assignment-10586028,assignment,https://canvas.oregonstate.edu/courses/2080857/assignments/10586028?module_item_id=26982581|https://canvas.oregonstate.edu/courses/2080857/assignments/10586028|https://canvas.oregonstate.edu/courses/2080857/assignments/10586028?module_item_id=26982581#|https://canvas.oregonstate.edu/courses/2080857/modules|https://canvas.oregonstate.edu/courses/2080857/grades,Plan/complete this task according to its module and due information.
13,2080857,MTH-252,task-00006-mth-252-graded-task-achieve-1-5-substitution,graded_task,Achieve - 1.5 Substitution,2026-07-20T23:59,Jul 20 by 11:59pm,upcoming,,5,,Module 4: Introduction to Applications,mi-mth-252-26982582,action_required,high,candidate,needs_manual_decision,obj-mth-252-assignment-10586029,assignment,https://canvas.oregonstate.edu/courses/2080857/assignments/10586029?module_item_id=26982582|https://canvas.oregonstate.edu/courses/2080857/assignments/10586029|https://canvas.oregonstate.edu/courses/2080857/assignments/10586029?module_item_id=26982582#|https://canvas.oregonstate.edu/courses/2080857/modules|https://canvas.oregonstate.edu/courses/2080857/grades,Plan/complete this task according to its module and due information.
14,2080857,MTH-252,task-00007-mth-252-graded-task-achieve-1-6-integrals-involving-exponential-and-logarithmic-functions,graded_task,Achieve - 1.6 Integrals Involving Exponential and Logarithmic Functions,2026-07-20T23:59,Jul 20 by 11:59pm,upcoming,,5,,Module 4: Introduction to Applications,mi-mth-252-26982583,action_required,high,candidate,needs_manual_decision,obj-mth-252-assignment-10586030,assignment,https://canvas.oregonstate.edu/courses/2080857/assignments/10586030?module_item_id=26982583|https://canvas.oregonstate.edu/courses/2080857/assignments/10586030|https://canvas.oregonstate.edu/courses/2080857/assignments/10586030?module_item_id=26982583#|https://canvas.oregonstate.edu/courses/2080857/modules|https://canvas.oregonstate.edu/courses/2080857/grades,Plan/complete this task according to its module and due information.
15,2080857,MTH-252,task-00033-mth-252-graded-task-module-4-written-homework-whw-4-3-hours,graded_task,Module 4 — Written Homework (WHW 4) 🕓 3 hours,2026-07-20T23:59,Jul 20 by 11:59pm,upcoming,,1.5,3 hours,Module 4: Introduction to Applications,mi-mth-252-26982580,action_required,high,candidate,needs_manual_decision,obj-mth-252-assignment-10586057,assignment,https://canvas.oregonstate.edu/courses/2080857/assignments/10586057?module_item_id=26982580|https://canvas.oregonstate.edu/courses/2080857/assignments/10586057|https://canvas.oregonstate.edu/courses/2080857/assignments/10586057?module_item_id=26982580#|https://canvas.oregonstate.edu/courses/2080857/modules|https://canvas.oregonstate.edu/courses/2080857/grades,Plan/complete this task according to its module and due information.
16,2080857,MTH-252,task-00046-mth-252-graded-task-topic-module-4-discussion-reflection-whw-4-0-5-hour,graded_task,Topic: Module 4 — Discussion Reflection: WHW 4 🕓 0.5 hour,2026-07-21T23:59,Jul 21 at 11:59pm,upcoming,,,0.5 hour,Module 4: Introduction to Applications,mi-mth-252-26982584,action_required,high,candidate,,obj-mth-252-discussion-11593472,discussion,https://canvas.oregonstate.edu/courses/2080857/discussion_topics/11593472?module_item_id=26982584|https://canvas.oregonstate.edu/courses/2080857/discussion_topics/11593472|https://canvas.oregonstate.edu/courses/2080857/modules,Plan/complete this task according to its module and due information.
17,2080857,MTH-252,task-00024-mth-252-graded-task-mini-exam-2-no-calculators-on-this-exam,graded_task,Mini-Exam 2 --> No Calculators on this Exam,2026-07-23T23:59,Jul 23 by 11:59pm,upcoming,,5,,Mini-Exam 2: Available Tuesday - Thursday of Week 5,mi-mth-252-26982585,action_required,high,candidate,,obj-mth-252-assignment-10586048,assignment,https://canvas.oregonstate.edu/courses/2080857/assignments/10586048?module_item_id=26982585|https://canvas.oregonstate.edu/courses/2080857/assignments/10586048|https://canvas.oregonstate.edu/courses/2080857/assignments/10586048?module_item_id=26982585#|https://canvas.oregonstate.edu/courses/2080857/modules|https://canvas.oregonstate.edu/courses/2080857/grades,Plan/complete this task according to its module and due information.
18,2080857,MTH-252,task-00047-mth-252-graded-task-topic-module-5-discussion-reflection-mini-exam-2-0-5-hour,graded_task,Topic: Module 5 — Discussion Reflection: Mini-Exam 2 🕓 0.5 hour,2026-07-24T23:59,Jul 24 at 11:59pm,upcoming,,,0.5 hour,Module 5: Techniques to Solve Integrals,mi-mth-252-26982593,action_required,high,candidate,,obj-mth-252-discussion-11593471,discussion,https://canvas.oregonstate.edu/courses/2080857/discussion_topics/11593471?module_item_id=26982593|https://canvas.oregonstate.edu/courses/2080857/discussion_topics/11593471|https://canvas.oregonstate.edu/courses/2080857/modules,Plan/complete this task according to its module and due information.
341,2053526,PHY-212,task-00329-phy-212-graded-task-lab-5-group-report,graded_task,Lab 5 Group report,2026-07-25T23:59,Jul 25 by 11:59pm,upcoming,,5,,,,action_required,high,candidate,needs_manual_decision,obj-phy-212-assignment-10557061,assignment,https://canvas.oregonstate.edu/courses/2053526/assignments/10557061|https://canvas.oregonstate.edu/courses/2053526/grades,Plan/complete this task according to its module and due information.
275,2053263,MTH-253,task-00280-mth-253-graded-task-week-5-web-homework-comparison-and-alternate-series-tests,graded_task,Week 5 Web Homework: Comparison and Alternate Series Tests,2026-07-26T23:59,Jul 26 by 11:59pm,upcoming,,100,,"Unit 3 - Weeks 4, 5, and 6",mi-mth-253-26977977,action_required,high,candidate,needs_manual_decision,obj-mth-253-assignment-10584434,assignment,https://canvas.oregonstate.edu/courses/2053263/assignments/10584434?module_item_id=26977977|https://canvas.oregonstate.edu/courses/2053263/assignments/10584434|https://canvas.oregonstate.edu/courses/2053263/assignments/10584434?module_item_id=26977977#|https://canvas.oregonstate.edu/courses/2053263/modules|https://canvas.oregonstate.edu/courses/2053263/grades,Plan/complete this task according to its module and due information.
19,2080857,MTH-252,task-00013-mth-252-graded-task-achieve-3-1-integration-by-parts,graded_task,Achieve - 3.1 Integration by Parts,2026-07-27T23:59,Jul 27 by 11:59pm,upcoming,,5,,Module 5: Techniques to Solve Integrals,mi-mth-252-26982595,action_required,high,candidate,needs_manual_decision,obj-mth-252-assignment-10586037,assignment,https://canvas.oregonstate.edu/courses/2080857/assignments/10586037?module_item_id=26982595|https://canvas.oregonstate.edu/courses/2080857/assignments/10586037|https://canvas.oregonstate.edu/courses/2080857/assignments/10586037?module_item_id=26982595#|https://canvas.oregonstate.edu/courses/2080857/modules|https://canvas.oregonstate.edu/courses/2080857/grades,Plan/complete this task according to its module and due information.
20,2080857,MTH-252,task-00014-mth-252-graded-task-achieve-3-2-trigonometric-integrals,graded_task,Achieve - 3.2 Trigonometric Integrals,2026-07-27T23:59,Jul 27 by 11:59pm,upcoming,,5,,Module 5: Techniques to Solve Integrals,mi-mth-252-26982596,action_required,high,candidate,needs_manual_decision,obj-mth-252-assignment-10586038,assignment,https://canvas.oregonstate.edu/courses/2080857/assignments/10586038?module_item_id=26982596|https://canvas.oregonstate.edu/courses/2080857/assignments/10586038|https://canvas.oregonstate.edu/courses/2080857/assignments/10586038?module_item_id=26982596#|https://canvas.oregonstate.edu/courses/2080857/modules|https://canvas.oregonstate.edu/courses/2080857/grades,Plan/complete this task according to its module and due information.
21,2080857,MTH-252,task-00034-mth-252-graded-task-module-5-written-homework-whw-5-3-hours,graded_task,Module 5 — Written Homework (WHW 5) 🕓 3 hours,2026-07-27T23:59,Jul 27 by 11:59pm,upcoming,,1.5,3 hours,Module 5: Techniques to Solve Integrals,mi-mth-252-26982594,action_required,high,candidate,,obj-mth-252-assignment-10586058,assignment,https://canvas.oregonstate.edu/courses/2080857/assignments/10586058?module_item_id=26982594|https://canvas.oregonstate.edu/courses/2080857/assignments/10586058|https://canvas.oregonstate.edu/courses/2080857/assignments/10586058?module_item_id=26982594#|https://canvas.oregonstate.edu/courses/2080857/modules|https://canvas.oregonstate.edu/courses/2080857/grades,Plan/complete this task according to its module and due information.
276,2053263,MTH-253,task-00272-mth-253-graded-task-unit-3-written-homework-assignment,graded_task,Unit 3 - Written Homework Assignment,2026-07-30T23:59,Jul 30 by 11:59pm,upcoming,,100,,"Unit 3 - Weeks 4, 5, and 6",mi-mth-253-26885565,action_required,high,candidate,,obj-mth-253-assignment-10553181,assignment,https://canvas.oregonstate.edu/courses/2053263/assignments/10553181?module_item_id=26885565|https://canvas.oregonstate.edu/courses/2053263/assignments/10553181|https://canvas.oregonstate.edu/courses/2053263/assignments/10553181?module_item_id=26885565#|https://canvas.oregonstate.edu/courses/2053263/modules|https://canvas.oregonstate.edu/courses/2053263/grades,Plan/complete this task according to its module and due information.
342,2053526,PHY-212,task-00320-phy-212-graded-task-capstone-lab-week-1-group-report,graded_task,Capstone Lab Week 1 Group Report,2026-08-01T23:59,Aug 1 by 11:59pm,upcoming,,5,,,,action_required,high,candidate,needs_manual_decision,obj-phy-212-assignment-10557047,assignment,https://canvas.oregonstate.edu/courses/2053526/assignments/10557047|https://canvas.oregonstate.edu/courses/2053526/grades,Plan/complete this task according to its module and due information.
277,2053263,MTH-253,task-00281-mth-253-graded-task-week-6-web-homework-ratio-and-root-tests,graded_task,Week 6 Web Homework: Ratio and Root Tests,2026-08-02T23:59,Aug 2 by 11:59pm,upcoming,,100,,"Unit 3 - Weeks 4, 5, and 6",mi-mth-253-26977980,action_required,high,candidate,needs_manual_decision,obj-mth-253-assignment-10584435,assignment,https://canvas.oregonstate.edu/courses/2053263/assignments/10584435?module_item_id=26977980|https://canvas.oregonstate.edu/courses/2053263/assignments/10584435|https://canvas.oregonstate.edu/courses/2053263/assignments/10584435?module_item_id=26977980#|https://canvas.oregonstate.edu/courses/2053263/modules|https://canvas.oregonstate.edu/courses/2053263/grades,Plan/complete this task according to its module and due information.
343,2053526,PHY-212,task-00357-phy-212-graded-task-quiz-3a,graded_task,Quiz 3A,2026-08-03T11:25,Aug 3 by 11:25am,upcoming,,5,,,,action_required,high,candidate,needs_manual_decision,obj-phy-212-assignment-10557114,assignment,https://canvas.oregonstate.edu/courses/2053526/assignments/10557114|https://canvas.oregonstate.edu/courses/2053526/grades,Plan/complete this task according to its module and due information.
344,2053526,PHY-212,task-00360-phy-212-graded-task-quiz-3b,graded_task,Quiz 3B,2026-08-03T11:55,Aug 3 by 11:55am,upcoming,,5,,,,action_required,high,candidate,needs_manual_decision,obj-phy-212-assignment-10557117,assignment,https://canvas.oregonstate.edu/courses/2053526/assignments/10557117|https://canvas.oregonstate.edu/courses/2053526/grades,Plan/complete this task according to its module and due information.
345,2053526,PHY-212,task-00358-phy-212-graded-task-quiz-3a-6pm,graded_task,Quiz 3A_6pm,2026-08-03T18:25,Aug 3 by 6:25pm,upcoming,,5,,,,action_required,high,candidate,needs_manual_decision,obj-phy-212-assignment-10557115,assignment,https://canvas.oregonstate.edu/courses/2053526/assignments/10557115|https://canvas.oregonstate.edu/courses/2053526/grades,Plan/complete this task according to its module and due information.
346,2053526,PHY-212,task-00361-phy-212-graded-task-quiz-3b-6pm,graded_task,Quiz 3B_6pm,2026-08-03T18:55,Aug 3 by 6:55pm,upcoming,,5,,,,action_required,high,candidate,needs_manual_decision,obj-phy-212-assignment-10557118,assignment,https://canvas.oregonstate.edu/courses/2053526/assignments/10557118|https://canvas.oregonstate.edu/courses/2053526/grades,Plan/complete this task according to its module and due information.
22,2080857,MTH-252,task-00015-mth-252-graded-task-achieve-3-3-trigonometric-substitution,graded_task,Achieve - 3.3 Trigonometric Substitution,2026-08-03T23:59,Aug 3 by 11:59pm,upcoming,,5,,Module 6: Techniques Continued,mi-mth-252-26982605,action_required,high,candidate,needs_manual_decision,obj-mth-252-assignment-10586039,assignment,https://canvas.oregonstate.edu/courses/2080857/assignments/10586039?module_item_id=26982605|https://canvas.oregonstate.edu/courses/2080857/assignments/10586039|https://canvas.oregonstate.edu/courses/2080857/assignments/10586039?module_item_id=26982605#|https://canvas.oregonstate.edu/courses/2080857/modules|https://canvas.oregonstate.edu/courses/2080857/grades,Plan/complete this task according to its module and due information.
23,2080857,MTH-252,task-00016-mth-252-graded-task-achieve-3-4-partial-fractions,graded_task,Achieve - 3.4 Partial Fractions,2026-08-03T23:59,Aug 3 by 11:59pm,upcoming,,5,,Module 6: Techniques Continued,mi-mth-252-26982606,action_required,high,candidate,needs_manual_decision,obj-mth-252-assignment-10586040,assignment,https://canvas.oregonstate.edu/courses/2080857/assignments/10586040?module_item_id=26982606|https://canvas.oregonstate.edu/courses/2080857/assignments/10586040|https://canvas.oregonstate.edu/courses/2080857/assignments/10586040?module_item_id=26982606#|https://canvas.oregonstate.edu/courses/2080857/modules|https://canvas.oregonstate.edu/courses/2080857/grades,Plan/complete this task according to its module and due information.
24,2080857,MTH-252,task-00035-mth-252-graded-task-module-6-written-homework-whw-6-3-hours,graded_task,Module 6 — Written Homework (WHW 6) 🕓 3 hours,2026-08-03T23:59,Aug 3 by 11:59pm,upcoming,,5,3 hours,Module 6: Techniques Continued,mi-mth-252-26982603,action_required,high,candidate,,obj-mth-252-assignment-10586059,assignment,https://canvas.oregonstate.edu/courses/2080857/assignments/10586059?module_item_id=26982603|https://canvas.oregonstate.edu/courses/2080857/assignments/10586059|https://canvas.oregonstate.edu/courses/2080857/assignments/10586059?module_item_id=26982603#|https://canvas.oregonstate.edu/courses/2080857/modules|https://canvas.oregonstate.edu/courses/2080857/grades,Plan/complete this task according to its module and due information.
25,2080857,MTH-252,task-00048-mth-252-graded-task-topic-module-6-discussion-reflection-whw-6-0-5-hour,graded_task,Topic: Module 6 — Discussion Reflection: WHW 6 🕓 0.5 hour,2026-08-04T23:59,Aug 4 at 11:59pm,upcoming,,,0.5 hour,Module 6: Techniques Continued,mi-mth-252-26982604,action_required,high,candidate,,obj-mth-252-discussion-11593470,discussion,https://canvas.oregonstate.edu/courses/2080857/discussion_topics/11593470?module_item_id=26982604|https://canvas.oregonstate.edu/courses/2080857/discussion_topics/11593470|https://canvas.oregonstate.edu/courses/2080857/modules,Plan/complete this task according to its module and due information.
26,2080857,MTH-252,task-00026-mth-252-graded-task-mini-exam-3-tuesday-to-thursday,graded_task,Mini-Exam 3 --> Tuesday to Thursday,2026-08-06T23:59,Aug 6 by 11:59pm,upcoming,,5,,Mini-Exam 3: Available Tuesday - Thursday of Week 7,mi-mth-252-26982607,action_required,high,candidate,,obj-mth-252-assignment-10586050,assignment,https://canvas.oregonstate.edu/courses/2080857/assignments/10586050?module_item_id=26982607|https://canvas.oregonstate.edu/courses/2080857/assignments/10586050|https://canvas.oregonstate.edu/courses/2080857/assignments/10586050?module_item_id=26982607#|https://canvas.oregonstate.edu/courses/2080857/modules|https://canvas.oregonstate.edu/courses/2080857/grades,Plan/complete this task according to its module and due information.
27,2080857,MTH-252,task-00049-mth-252-graded-task-topic-module-7-discussion-reflection-mini-exam-3-0-5-hour,graded_task,Topic: Module 7 — Discussion Reflection: Mini-Exam 3 🕓 0.5 hour,2026-08-07T23:59,Aug 7 at 11:59pm,upcoming,,,0.5 hour,Module 7: Applications of Integration - Graphical,mi-mth-252-26982618,action_required,high,candidate,,obj-mth-252-discussion-11593469,discussion,https://canvas.oregonstate.edu/courses/2080857/discussion_topics/11593469?module_item_id=26982618|https://canvas.oregonstate.edu/courses/2080857/discussion_topics/11593469|https://canvas.oregonstate.edu/courses/2080857/modules,Plan/complete this task according to its module and due information.
347,2053526,PHY-212,task-00330-phy-212-graded-task-lab-6-group-report,graded_task,Lab 6 Group Report,2026-08-08T23:59,Aug 8 by 11:59pm,upcoming,,5,,,,action_required,high,candidate,needs_manual_decision,obj-phy-212-assignment-10557062,assignment,https://canvas.oregonstate.edu/courses/2053526/assignments/10557062|https://canvas.oregonstate.edu/courses/2053526/grades,Plan/complete this task according to its module and due information.
278,2053263,MTH-253,task-00282-mth-253-graded-task-week-7-web-homework-power-series-and-functions,graded_task,Week 7 Web Homework: Power Series and Functions,2026-08-09T23:59,Aug 9 by 11:59pm,upcoming,,100,,"Unit 4 - Weeks 7, 8, and 9",mi-mth-253-26977982,action_required,high,candidate,needs_manual_decision,obj-mth-253-assignment-10584436,assignment,https://canvas.oregonstate.edu/courses/2053263/assignments/10584436?module_item_id=26977982|https://canvas.oregonstate.edu/courses/2053263/assignments/10584436|https://canvas.oregonstate.edu/courses/2053263/assignments/10584436?module_item_id=26977982#|https://canvas.oregonstate.edu/courses/2053263/modules|https://canvas.oregonstate.edu/courses/2053263/grades,Plan/complete this task according to its module and due information.
28,2080857,MTH-252,task-00008-mth-252-graded-task-achieve-2-1-areas-between-curves,graded_task,Achieve - 2.1 Areas between Curves,2026-08-10T23:59,Aug 10 by 11:59pm,upcoming,,5,,Module 7: Applications of Integration - Graphical,mi-mth-252-26982615,action_required,high,candidate,needs_manual_decision,obj-mth-252-assignment-10586031,assignment,https://canvas.oregonstate.edu/courses/2080857/assignments/10586031?module_item_id=26982615|https://canvas.oregonstate.edu/courses/2080857/assignments/10586031|https://canvas.oregonstate.edu/courses/2080857/assignments/10586031?module_item_id=26982615#|https://canvas.oregonstate.edu/courses/2080857/modules|https://canvas.oregonstate.edu/courses/2080857/grades,Plan/complete this task according to its module and due information.
29,2080857,MTH-252,task-00009-mth-252-graded-task-achieve-2-2-volumes-by-slicing-and-disc-washer-method,graded_task,Achieve - 2.2 Volumes by Slicing and Disc/Washer Method,2026-08-10T23:59,Aug 10 by 11:59pm,upcoming,,5,,Module 7: Applications of Integration - Graphical,mi-mth-252-26982616,action_required,high,candidate,needs_manual_decision,obj-mth-252-assignment-10586032,assignment,https://canvas.oregonstate.edu/courses/2080857/assignments/10586032?module_item_id=26982616|https://canvas.oregonstate.edu/courses/2080857/assignments/10586032|https://canvas.oregonstate.edu/courses/2080857/assignments/10586032?module_item_id=26982616#|https://canvas.oregonstate.edu/courses/2080857/modules|https://canvas.oregonstate.edu/courses/2080857/grades,Plan/complete this task according to its module and due information.
30,2080857,MTH-252,task-00036-mth-252-graded-task-module-7-written-homework-whw-7-3-hours,graded_task,Module 7 — Written Homework (WHW 7) 🕓 3 hours,2026-08-10T23:59,Aug 10 by 11:59pm,upcoming,,5,3 hours,Module 7: Applications of Integration - Graphical,mi-mth-252-26982617,action_required,high,candidate,,obj-mth-252-assignment-10586060,assignment,https://canvas.oregonstate.edu/courses/2080857/assignments/10586060?module_item_id=26982617|https://canvas.oregonstate.edu/courses/2080857/assignments/10586060|https://canvas.oregonstate.edu/courses/2080857/assignments/10586060?module_item_id=26982617#|https://canvas.oregonstate.edu/courses/2080857/modules|https://canvas.oregonstate.edu/courses/2080857/grades,Plan/complete this task according to its module and due information.
348,2053526,PHY-212,task-00321-phy-212-graded-task-capstone-lab-week-2-group-report,graded_task,Capstone Lab Week 2 Group Report,2026-08-15T23:59,Aug 15 by 11:59pm,upcoming,,5,,,,action_required,high,candidate,needs_manual_decision,obj-phy-212-assignment-10557046,assignment,https://canvas.oregonstate.edu/courses/2053526/assignments/10557046|https://canvas.oregonstate.edu/courses/2053526/grades,Plan/complete this task according to its module and due information.
279,2053263,MTH-253,task-00283-mth-253-graded-task-week-8-web-homework-taylor-and-maclaurin-series,graded_task,Week 8 Web Homework Taylor and Maclaurin Series,2026-08-16T23:59,Aug 16 by 11:59pm,upcoming,,100,,"Unit 4 - Weeks 7, 8, and 9",mi-mth-253-26977985,action_required,high,candidate,needs_manual_decision,obj-mth-253-assignment-10584437,assignment,https://canvas.oregonstate.edu/courses/2053263/assignments/10584437?module_item_id=26977985|https://canvas.oregonstate.edu/courses/2053263/assignments/10584437|https://canvas.oregonstate.edu/courses/2053263/assignments/10584437?module_item_id=26977985#|https://canvas.oregonstate.edu/courses/2053263/modules|https://canvas.oregonstate.edu/courses/2053263/grades,Plan/complete this task according to its module and due information.
31,2080857,MTH-252,task-00001-mth-252-graded-task-acheive-2-4-arc-length-of-a-curve-no-surface-area,graded_task,Acheive - 2.4 Arc Length of a Curve (NO Surface Area),2026-08-17T23:59,Aug 17 by 11:59pm,upcoming,,5,,Module 8: Application of Integration - Graphical and Real-World,mi-mth-252-26982629,action_required,high,candidate,needs_manual_decision,obj-mth-252-assignment-10586024,assignment,https://canvas.oregonstate.edu/courses/2080857/assignments/10586024?module_item_id=26982629|https://canvas.oregonstate.edu/courses/2080857/assignments/10586024|https://canvas.oregonstate.edu/courses/2080857/assignments/10586024?module_item_id=26982629#|https://canvas.oregonstate.edu/courses/2080857/modules|https://canvas.oregonstate.edu/courses/2080857/grades,Plan/complete this task according to its module and due information.
32,2080857,MTH-252,task-00010-mth-252-graded-task-achieve-2-3-volumes-of-revolution-cylindrical-shells,graded_task,Achieve - 2.3 Volumes of Revolution: Cylindrical Shells,2026-08-17T23:59,Aug 17 by 11:59pm,upcoming,,5,,Module 8: Application of Integration - Graphical and Real-World,mi-mth-252-26982628,action_required,high,candidate,needs_manual_decision,obj-mth-252-assignment-10586033,assignment,https://canvas.oregonstate.edu/courses/2080857/assignments/10586033?module_item_id=26982628|https://canvas.oregonstate.edu/courses/2080857/assignments/10586033|https://canvas.oregonstate.edu/courses/2080857/assignments/10586033?module_item_id=26982628#|https://canvas.oregonstate.edu/courses/2080857/modules|https://canvas.oregonstate.edu/courses/2080857/grades,Plan/complete this task according to its module and due information.
33,2080857,MTH-252,task-00037-mth-252-graded-task-module-8-written-homework-whw-8-3-hours,graded_task,Module 8 — Written Homework (WHW 8) 🕓 3 hours,2026-08-17T23:59,Aug 17 by 11:59pm,upcoming,,5,3 hours,Module 8: Application of Integration - Graphical and Real-World,mi-mth-252-26982626,action_required,high,candidate,,obj-mth-252-assignment-10586061,assignment,https://canvas.oregonstate.edu/courses/2080857/assignments/10586061?module_item_id=26982626|https://canvas.oregonstate.edu/courses/2080857/assignments/10586061|https://canvas.oregonstate.edu/courses/2080857/assignments/10586061?module_item_id=26982626#|https://canvas.oregonstate.edu/courses/2080857/modules|https://canvas.oregonstate.edu/courses/2080857/grades,Plan/complete this task according to its module and due information.
34,2080857,MTH-252,task-00050-mth-252-graded-task-topic-module-8-discussion-reflection-whw-8-0-5-hour,graded_task,Topic: Module 8 — Discussion Reflection: WHW 8 🕓 0.5 hour,2026-08-18T23:59,Aug 18 at 11:59pm,upcoming,,,0.5 hour,Module 8: Application of Integration - Graphical and Real-World,mi-mth-252-26982627,action_required,high,candidate,,obj-mth-252-discussion-11593468,discussion,https://canvas.oregonstate.edu/courses/2080857/discussion_topics/11593468?module_item_id=26982627|https://canvas.oregonstate.edu/courses/2080857/discussion_topics/11593468|https://canvas.oregonstate.edu/courses/2080857/modules,Plan/complete this task according to its module and due information.
35,2080857,MTH-252,task-00028-mth-252-graded-task-mini-exam-4-tuesday-to-thursday,graded_task,Mini-Exam 4 --> Tuesday to Thursday,2026-08-20T23:59,Aug 20 by 11:59pm,upcoming,,5,,Mini-Exam 4: Available Tuesday - Thursday of Week 9,mi-mth-252-26982630,action_required,high,candidate,,obj-mth-252-assignment-10586052,assignment,https://canvas.oregonstate.edu/courses/2080857/assignments/10586052?module_item_id=26982630|https://canvas.oregonstate.edu/courses/2080857/assignments/10586052|https://canvas.oregonstate.edu/courses/2080857/assignments/10586052?module_item_id=26982630#|https://canvas.oregonstate.edu/courses/2080857/modules|https://canvas.oregonstate.edu/courses/2080857/grades,Plan/complete this task according to its module and due information.
280,2053263,MTH-253,task-00273-mth-253-graded-task-unit-4-written-homework-assignment,graded_task,Unit 4 - Written Homework Assignment,2026-08-20T23:59,Aug 20 by 11:59pm,upcoming,,100,,"Unit 4 - Weeks 7, 8, and 9",mi-mth-253-26885580,action_required,high,candidate,,obj-mth-253-assignment-10553182,assignment,https://canvas.oregonstate.edu/courses/2053263/assignments/10553182?module_item_id=26885580|https://canvas.oregonstate.edu/courses/2053263/assignments/10553182|https://canvas.oregonstate.edu/courses/2053263/assignments/10553182?module_item_id=26885580#|https://canvas.oregonstate.edu/courses/2053263/modules|https://canvas.oregonstate.edu/courses/2053263/grades,Plan/complete this task according to its module and due information.
281,2053263,MTH-253,task-00284-mth-253-graded-task-week-9-web-homework-properties-of-power-series,graded_task,Week 9 Web Homework: Properties of Power Series,2026-08-23T23:59,Aug 23 by 11:59pm,upcoming,,100,,"Unit 4 - Weeks 7, 8, and 9",mi-mth-253-26977987,action_required,high,candidate,needs_manual_decision,obj-mth-253-assignment-10584438,assignment,https://canvas.oregonstate.edu/courses/2053263/assignments/10584438?module_item_id=26977987|https://canvas.oregonstate.edu/courses/2053263/assignments/10584438|https://canvas.oregonstate.edu/courses/2053263/assignments/10584438?module_item_id=26977987#|https://canvas.oregonstate.edu/courses/2053263/modules|https://canvas.oregonstate.edu/courses/2053263/grades,Plan/complete this task according to its module and due information.
349,2053526,PHY-212,task-00363-phy-212-graded-task-quiz-4a,graded_task,Quiz 4A,2026-08-24T12:25,Aug 24 by 12:25pm,upcoming,,5,,,,action_required,high,candidate,needs_manual_decision,obj-phy-212-assignment-10557122,assignment,https://canvas.oregonstate.edu/courses/2053526/assignments/10557122|https://canvas.oregonstate.edu/courses/2053526/grades,Plan/complete this task according to its module and due information.
350,2053526,PHY-212,task-00366-phy-212-graded-task-quiz-4b,graded_task,Quiz 4B,2026-08-24T12:55,Aug 24 by 12:55pm,upcoming,,5,,,,action_required,high,candidate,needs_manual_decision,obj-phy-212-assignment-10557125,assignment,https://canvas.oregonstate.edu/courses/2053526/assignments/10557125|https://canvas.oregonstate.edu/courses/2053526/grades,Plan/complete this task according to its module and due information.
351,2053526,PHY-212,task-00364-phy-212-graded-task-quiz-4a-6pm,graded_task,Quiz 4A_6pm,2026-08-24T18:25,Aug 24 by 6:25pm,upcoming,,5,,,,action_required,high,candidate,needs_manual_decision,obj-phy-212-assignment-10557123,assignment,https://canvas.oregonstate.edu/courses/2053526/assignments/10557123|https://canvas.oregonstate.edu/courses/2053526/grades,Plan/complete this task according to its module and due information.
352,2053526,PHY-212,task-00367-phy-212-graded-task-quiz-4b-6pm,graded_task,Quiz 4B_6pm,2026-08-24T18:55,Aug 24 by 6:55pm,upcoming,,5,,,,action_required,high,candidate,needs_manual_decision,obj-phy-212-assignment-10557126,assignment,https://canvas.oregonstate.edu/courses/2053526/assignments/10557126|https://canvas.oregonstate.edu/courses/2053526/grades,Plan/complete this task according to its module and due information.
36,2080857,MTH-252,task-00011-mth-252-graded-task-achieve-2-5-1-physical-applications,graded_task,Achieve - 2.5 - 1 Physical Applications,2026-08-24T23:59,Aug 24 by 11:59pm,upcoming,,5,,Module 9: Applications of Integration - Real-World,mi-mth-252-26982638,action_required,high,candidate,needs_manual_decision,obj-mth-252-assignment-10586034,assignment,https://canvas.oregonstate.edu/courses/2080857/assignments/10586034?module_item_id=26982638|https://canvas.oregonstate.edu/courses/2080857/assignments/10586034|https://canvas.oregonstate.edu/courses/2080857/assignments/10586034?module_item_id=26982638#|https://canvas.oregonstate.edu/courses/2080857/modules|https://canvas.oregonstate.edu/courses/2080857/grades,Plan/complete this task according to its module and due information.
37,2080857,MTH-252,task-00012-mth-252-graded-task-achieve-2-5-2-physical-applications,graded_task,Achieve - 2.5 - 2 Physical Applications,2026-08-24T23:59,Aug 24 by 11:59pm,upcoming,,5,,Module 9: Applications of Integration - Real-World,mi-mth-252-26982639,action_required,high,candidate,needs_manual_decision,obj-mth-252-assignment-10586036,assignment,https://canvas.oregonstate.edu/courses/2080857/assignments/10586036?module_item_id=26982639|https://canvas.oregonstate.edu/courses/2080857/assignments/10586036|https://canvas.oregonstate.edu/courses/2080857/assignments/10586036?module_item_id=26982639#|https://canvas.oregonstate.edu/courses/2080857/modules|https://canvas.oregonstate.edu/courses/2080857/grades,Plan/complete this task according to its module and due information.
38,2080857,MTH-252,task-00038-mth-252-graded-task-module-9-written-homework-whw-9-3-hours,graded_task,Module 9 — Written Homework (WHW 9) 🕓 3 hours,2026-08-24T23:59,Aug 24 by 11:59pm,upcoming,,5,3 hours,Module 9: Applications of Integration - Real-World,mi-mth-252-26982636,action_required,high,candidate,,obj-mth-252-assignment-10586062,assignment,https://canvas.oregonstate.edu/courses/2080857/assignments/10586062?module_item_id=26982636|https://canvas.oregonstate.edu/courses/2080857/assignments/10586062|https://canvas.oregonstate.edu/courses/2080857/assignments/10586062?module_item_id=26982636#|https://canvas.oregonstate.edu/courses/2080857/modules|https://canvas.oregonstate.edu/courses/2080857/grades,Plan/complete this task according to its module and due information.
39,2080857,MTH-252,task-00051-mth-252-graded-task-topic-module-9-discussion-reflection-final-and-exam-prep-0-5-hour,graded_task,Topic: Module 9 — Discussion Reflection: Final and Exam Prep 🕓 0.5 hour,2026-08-25T23:59,Aug 25 at 11:59pm,upcoming,,,0.5 hour,Module 9: Applications of Integration - Real-World,mi-mth-252-26982637,action_required,high,candidate,,obj-mth-252-discussion-11593467,discussion,https://canvas.oregonstate.edu/courses/2080857/discussion_topics/11593467?module_item_id=26982637|https://canvas.oregonstate.edu/courses/2080857/discussion_topics/11593467|https://canvas.oregonstate.edu/courses/2080857/modules,Plan/complete this task according to its module and due information.
282,2053263,MTH-253,task-00274-mth-253-graded-task-unit-5-written-homework-assignment,graded_task,Unit 5 - Written Homework Assignment,2026-08-27T23:59,Aug 27 by 11:59pm,upcoming,,100,,Unit 5 - Covers Week 10,mi-mth-253-26885592,action_required,high,candidate,,obj-mth-253-assignment-10553183,assignment,https://canvas.oregonstate.edu/courses/2053263/assignments/10553183?module_item_id=26885592|https://canvas.oregonstate.edu/courses/2053263/assignments/10553183|https://canvas.oregonstate.edu/courses/2053263/assignments/10553183?module_item_id=26885592#|https://canvas.oregonstate.edu/courses/2053263/modules|https://canvas.oregonstate.edu/courses/2053263/grades,Plan/complete this task according to its module and due information.
283,2053263,MTH-253,task-00276-mth-253-graded-task-week-10-web-homework-working-with-taylor-series,graded_task,Week 10 Web Homework: Working with Taylor Series,2026-08-30T23:59,Aug 30 by 11:59pm,upcoming,,100,,Unit 5 - Covers Week 10,mi-mth-253-26977989,action_required,high,candidate,needs_manual_decision,obj-mth-253-assignment-10584439,assignment,https://canvas.oregonstate.edu/courses/2053263/assignments/10584439?module_item_id=26977989|https://canvas.oregonstate.edu/courses/2053263/assignments/10584439|https://canvas.oregonstate.edu/courses/2053263/assignments/10584439?module_item_id=26977989#|https://canvas.oregonstate.edu/courses/2053263/modules|https://canvas.oregonstate.edu/courses/2053263/grades,Plan/complete this task according to its module and due information.
40,2080857,MTH-252,task-00017-mth-252-graded-task-achieve-3-7-improper-integrals,graded_task,Achieve - 3.7 Improper Integrals,2026-08-31T23:59,Aug 31 by 11:59pm,upcoming,,5,,Module 10: Applications of Integration - Real World,mi-mth-252-26982648,action_required,high,candidate,needs_manual_decision,obj-mth-252-assignment-10586041,assignment,https://canvas.oregonstate.edu/courses/2080857/assignments/10586041?module_item_id=26982648|https://canvas.oregonstate.edu/courses/2080857/assignments/10586041|https://canvas.oregonstate.edu/courses/2080857/assignments/10586041?module_item_id=26982648#|https://canvas.oregonstate.edu/courses/2080857/modules|https://canvas.oregonstate.edu/courses/2080857/grades,Plan/complete this task according to its module and due information.
41,2080857,MTH-252,task-00030-mth-252-graded-task-module-10-written-homework-whw-10-3-hours,graded_task,Module 10 — Written Homework (WHW 10) 🕓 3 hours,2026-08-31T23:59,Aug 31 by 11:59pm,upcoming,,5,3 hours,Module 10: Applications of Integration - Real World,mi-mth-252-26982649,action_required,high,candidate,,obj-mth-252-assignment-10586054,assignment,https://canvas.oregonstate.edu/courses/2080857/assignments/10586054?module_item_id=26982649|https://canvas.oregonstate.edu/courses/2080857/assignments/10586054|https://canvas.oregonstate.edu/courses/2080857/assignments/10586054?module_item_id=26982649#|https://canvas.oregonstate.edu/courses/2080857/modules|https://canvas.oregonstate.edu/courses/2080857/grades,Plan/complete this task according to its module and due information.
42,2080857,MTH-252,task-00040-mth-252-graded-task-reflection-3,graded_task,Reflection 3,2026-08-31T23:59,Aug 31 by 11:59pm,upcoming,,5,,Module 10: Applications of Integration - Real World,mi-mth-252-26982647,action_required,high,candidate,needs_manual_decision,obj-mth-252-assignment-10586064,assignment,https://canvas.oregonstate.edu/courses/2080857/assignments/10586064?module_item_id=26982647|https://canvas.oregonstate.edu/courses/2080857/assignments/10586064|https://canvas.oregonstate.edu/courses/2080857/assignments/10586064?module_item_id=26982647#|https://canvas.oregonstate.edu/courses/2080857/modules|https://canvas.oregonstate.edu/courses/2080857/grades,Plan/complete this task according to its module and due information.
43,2080857,MTH-252,task-00019-mth-252-graded-task-final-mini-exam-5-monday-to-wednesday,graded_task,Final Mini-Exam 5 --> Monday to Wednesday,2026-09-02T23:59,Sep 2 by 11:59pm,upcoming,,5,,Final Exam: Available Monday - Wednesday of week 11,mi-mth-252-26982652,action_required,high,candidate,,obj-mth-252-assignment-10586043,assignment,https://canvas.oregonstate.edu/courses/2080857/assignments/10586043?module_item_id=26982652|https://canvas.oregonstate.edu/courses/2080857/assignments/10586043|https://canvas.oregonstate.edu/courses/2080857/assignments/10586043?module_item_id=26982652#|https://canvas.oregonstate.edu/courses/2080857/modules|https://canvas.oregonstate.edu/courses/2080857/grades,Plan/complete this task according to its module and due information.
44,2080857,MTH-252,task-00021-mth-252-graded-task-mini-exam-1-retake,graded_task,Mini-Exam 1 - Retake,2026-09-02T23:59,Sep 2 by 11:59pm,upcoming,,5,,Final Exam: Available Monday - Wednesday of week 11,mi-mth-252-26982653,action_required,high,candidate,,obj-mth-252-assignment-10586046,assignment,https://canvas.oregonstate.edu/courses/2080857/assignments/10586046?module_item_id=26982653|https://canvas.oregonstate.edu/courses/2080857/assignments/10586046|https://canvas.oregonstate.edu/courses/2080857/assignments/10586046?module_item_id=26982653#|https://canvas.oregonstate.edu/courses/2080857/modules|https://canvas.oregonstate.edu/courses/2080857/grades,Plan/complete this task according to its module and due information.
45,2080857,MTH-252,task-00023-mth-252-graded-task-mini-exam-2-retake,graded_task,Mini-Exam 2 - Retake,2026-09-02T23:59,Sep 2 by 11:59pm,upcoming,,5,,Final Exam: Available Monday - Wednesday of week 11,mi-mth-252-26982654,action_required,high,candidate,needs_manual_decision,obj-mth-252-assignment-10586047,assignment,https://canvas.oregonstate.edu/courses/2080857/assignments/10586047?module_item_id=26982654|https://canvas.oregonstate.edu/courses/2080857/assignments/10586047|https://canvas.oregonstate.edu/courses/2080857/assignments/10586047?module_item_id=26982654#|https://canvas.oregonstate.edu/courses/2080857/modules|https://canvas.oregonstate.edu/courses/2080857/grades,Plan/complete this task according to its module and due information.
46,2080857,MTH-252,task-00025-mth-252-graded-task-mini-exam-3-retake,graded_task,Mini-Exam 3 - Retake,2026-09-02T23:59,Sep 2 by 11:59pm,upcoming,,5,,Final Exam: Available Monday - Wednesday of week 11,mi-mth-252-26982655,action_required,high,candidate,needs_manual_decision,obj-mth-252-assignment-10586049,assignment,https://canvas.oregonstate.edu/courses/2080857/assignments/10586049?module_item_id=26982655|https://canvas.oregonstate.edu/courses/2080857/assignments/10586049|https://canvas.oregonstate.edu/courses/2080857/assignments/10586049?module_item_id=26982655#|https://canvas.oregonstate.edu/courses/2080857/modules|https://canvas.oregonstate.edu/courses/2080857/grades,Plan/complete this task according to its module and due information.
47,2080857,MTH-252,task-00027-mth-252-graded-task-mini-exam-4-retake,graded_task,Mini-Exam 4 - Retake,2026-09-02T23:59,Sep 2 by 11:59pm,upcoming,,5,,Final Exam: Available Monday - Wednesday of week 11,mi-mth-252-26982656,action_required,high,candidate,needs_manual_decision,obj-mth-252-assignment-10586051,assignment,https://canvas.oregonstate.edu/courses/2080857/assignments/10586051?module_item_id=26982656|https://canvas.oregonstate.edu/courses/2080857/assignments/10586051|https://canvas.oregonstate.edu/courses/2080857/assignments/10586051?module_item_id=26982656#|https://canvas.oregonstate.edu/courses/2080857/modules|https://canvas.oregonstate.edu/courses/2080857/grades,Plan/complete this task according to its module and due information.
