course_code,page_id,text,href,download_attr
MTH-253,00014-mth-253-syllabus-syllabus-for-sequences-and-series-mth-253z-400-u2026,Download,https://canvas.oregonstate.edu/courses/2053263/files/119228487/download?download_frd=1,
MTH-252,00026-mth-252-module-item-whw1-key-pdf-integral-calculus-mth-252z-400-u2026,Download WHW1-Key.pdf,https://canvas.oregonstate.edu/courses/2080857/files/119223581/download?download_frd=1,true
MTH-252,00029-mth-252-module-item-syllabus-and-calendar-as-of-6-21-both-sections-400-and-401-integral-calculus-mth-252z-400-u2026,Download,https://canvas.oregonstate.edu/courses/2080857/files/119246076/download?download_frd=1,
MTH-252,00029-mth-252-module-item-syllabus-and-calendar-as-of-6-21-both-sections-400-and-401-integral-calculus-mth-252z-400-u2026,Download,https://canvas.oregonstate.edu/courses/2080857/files/119246078/download?download_frd=1,
MTH-252,00029-mth-252-module-item-syllabus-and-calendar-as-of-6-21-both-sections-400-and-401-integral-calculus-mth-252z-400-u2026,Download,https://canvas.oregonstate.edu/courses/2080857/files/119246095/download?download_frd=1,
MTH-252,00031-mth-252-module-item-achieve-registration-process-v3-pdf-integral-calculus-mth-252z-400-u2026,Download Achieve Registration Process_v3.pdf,https://canvas.oregonstate.edu/courses/2080857/files/119223565/download?download_frd=1,true
MTH-252,00040-mth-252-module-item-mlc-hours-pdf-integral-calculus-mth-252z-400-u2026,Download MLC Hours.pdf,https://canvas.oregonstate.edu/courses/2080857/files/119223484/download?download_frd=1,true
MTH-252,00048-mth-252-module-item-252-lecture-1-1-to-me1-pdf-integral-calculus-mth-252z-400-u2026,Download 252-Lecture-1.1-to-ME1.pdf,https://canvas.oregonstate.edu/courses/2080857/files/119223553/download?download_frd=1,true
MTH-252,00057-mth-252-module-item-252-lecture-1-1-to-me1-pdf-integral-calculus-mth-252z-400-u2026,Download 252-Lecture-1.1-to-ME1.pdf,https://canvas.oregonstate.edu/courses/2080857/files/119223553/download?download_frd=1,true
MTH-252,00064-mth-252-module-item-mini-exam-1-tues-thur-no-calculators,Download,https://canvas.oregonstate.edu/courses/2080857/files/119223451/download?download_frd=1,
MTH-252,00064-mth-252-module-item-mini-exam-1-tues-thur-no-calculators,Download,https://canvas.oregonstate.edu/courses/2080857/files/119223514/download?download_frd=1,
MTH-252,00064-mth-252-module-item-mini-exam-1-tues-thur-no-calculators,Download,https://canvas.oregonstate.edu/courses/2080857/files/119223497/download?download_frd=1,
MTH-252,00067-mth-252-module-item-252-lecture-1-3-to-me2-pdf-integral-calculus-mth-252z-400-u2026,Download 252-Lecture-1.3-to-ME2.pdf,https://canvas.oregonstate.edu/courses/2080857/files/119223594/download?download_frd=1,true
MTH-252,00070-mth-252-module-item-module-3-written-homework-whw-3-3-hours,Download,https://canvas.oregonstate.edu/courses/2080857/files/119223574/download?download_frd=1,
MTH-252,00076-mth-252-module-item-252-lecture-1-3-to-me2-pdf-integral-calculus-mth-252z-400-u2026,Download 252-Lecture-1.3-to-ME2.pdf,https://canvas.oregonstate.edu/courses/2080857/files/119223594/download?download_frd=1,true
MTH-252,00090-mth-252-module-item-252-lecture-3-1-to-me3-pdf-integral-calculus-mth-252z-400-u2026,Download 252-Lecture-3.1-to-ME3.pdf,https://canvas.oregonstate.edu/courses/2080857/files/119223561/download?download_frd=1,true
MTH-252,00092-mth-252-module-item-lecture-3-1-3-2-pdf-integral-calculus-mth-252z-400-u2026,Download Lecture-3.1-3.2.pdf,https://canvas.oregonstate.edu/courses/2080857/files/119223595/download?download_frd=1,true
MTH-252,00101-mth-252-module-item-252-lecture-3-1-to-me3-pdf-integral-calculus-mth-252z-400-u2026,Download 252-Lecture-3.1-to-ME3.pdf,https://canvas.oregonstate.edu/courses/2080857/files/119223561/download?download_frd=1,true
MTH-252,00112-mth-252-module-item-252-lecture-2-1-to-me4-pdf-integral-calculus-mth-252z-400-u2026,Download 252-Lecture-2.1-to-ME4.pdf,https://canvas.oregonstate.edu/courses/2080857/files/119223597/download?download_frd=1,true
MTH-252,00123-mth-252-module-item-252-lecture-2-1-to-me4-pdf-integral-calculus-mth-252z-400-u2026,Download 252-Lecture-2.1-to-ME4.pdf,https://canvas.oregonstate.edu/courses/2080857/files/119223597/download?download_frd=1,true
MTH-252,00124-mth-252-module-item-lecture-2-3-2-4-pdf-integral-calculus-mth-252z-400-u2026,Download Lecture-2.3-2.4.pdf,https://canvas.oregonstate.edu/courses/2080857/files/119223466/download?download_frd=1,true
MTH-252,00135-mth-252-module-item-252-lecture-2-5-to-me5-pdf-integral-calculus-mth-252z-400-u2026,Download 252-Lecture-2.5-to-ME5.pdf,https://canvas.oregonstate.edu/courses/2080857/files/119223598/download?download_frd=1,true
MTH-252,00136-mth-252-module-item-dr-g-s-videos-2-5-integral-calculus-mth-252z-400-u2026,Download,https://canvas.oregonstate.edu/courses/2080857/files/119223617/download?download_frd=1,
MTH-252,00145-mth-252-module-item-252-lecture-2-5-to-me5-pdf-integral-calculus-mth-252z-400-u2026,Download 252-Lecture-2.5-to-ME5.pdf,https://canvas.oregonstate.edu/courses/2080857/files/119223598/download?download_frd=1,true
MTH-252,00146-mth-252-module-item-dr-g-s-videos-3-7-integral-calculus-mth-252z-400-u2026,Download,https://canvas.oregonstate.edu/courses/2080857/files/119223618/download?download_frd=1,
MTH-252,00153-mth-252-module-item-mini-exam-2-retake,Download,https://canvas.oregonstate.edu/courses/2080857/files/119223455/download?download_frd=1,
MTH-252,00153-mth-252-module-item-mini-exam-2-retake,Download IVP-Wksht1.pdf,https://canvas.oregonstate.edu/courses/1918585/files/99187575/download?download_frd=1,
MTH-252,00153-mth-252-module-item-mini-exam-2-retake,Download IVP-Wksht2.pdf,https://canvas.oregonstate.edu/courses/1918585/files/99187581/download?download_frd=1,
MTH-252,00154-mth-252-module-item-mini-exam-3-retake,Download,https://canvas.oregonstate.edu/courses/2080857/files/119223623/download?download_frd=1,
MTH-252,00155-mth-252-module-item-mini-exam-4-retake,Download,https://canvas.oregonstate.edu/courses/2080857/files/119223452/download?download_frd=1,
MTH-252,00164-mth-252-linked-detail-mini-exam-1-tues-thur-no-calculators,Download,https://canvas.oregonstate.edu/courses/2080857/files/119223451/download?download_frd=1,
MTH-252,00164-mth-252-linked-detail-mini-exam-1-tues-thur-no-calculators,Download,https://canvas.oregonstate.edu/courses/2080857/files/119223514/download?download_frd=1,
MTH-252,00164-mth-252-linked-detail-mini-exam-1-tues-thur-no-calculators,Download,https://canvas.oregonstate.edu/courses/2080857/files/119223497/download?download_frd=1,
MTH-252,00170-mth-252-linked-detail-module-3-written-homework-whw-3-3-hours,Download,https://canvas.oregonstate.edu/courses/2080857/files/119223574/download?download_frd=1,
MTH-252,00218-mth-252-linked-detail-mini-exam-2-retake,Download,https://canvas.oregonstate.edu/courses/2080857/files/119223455/download?download_frd=1,
MTH-252,00218-mth-252-linked-detail-mini-exam-2-retake,Download IVP-Wksht1.pdf,https://canvas.oregonstate.edu/courses/1918585/files/99187575/download?download_frd=1,
MTH-252,00218-mth-252-linked-detail-mini-exam-2-retake,Download IVP-Wksht2.pdf,https://canvas.oregonstate.edu/courses/1918585/files/99187581/download?download_frd=1,
MTH-252,00219-mth-252-linked-detail-mini-exam-3-retake,Download,https://canvas.oregonstate.edu/courses/2080857/files/119223623/download?download_frd=1,
MTH-252,00220-mth-252-linked-detail-mini-exam-4-retake,Download,https://canvas.oregonstate.edu/courses/2080857/files/119223452/download?download_frd=1,
MTH-253,00232-mth-253-module-item-start-here-syllabus-sequences-and-series-mth-253z-400-u2026,Download,https://canvas.oregonstate.edu/courses/2053263/files/119228487/download?download_frd=1,
MTH-253,00232-mth-253-module-item-start-here-syllabus-sequences-and-series-mth-253z-400-u2026,Download,https://canvas.oregonstate.edu/courses/2053263/files/118558899/download?download_frd=1,
MTH-253,00240-mth-253-module-item-practice-quiz-take-it-before-attempting-quiz-1-sequences-and-series-mth-253z-400-u2026,Download Practice-Quiz.pdf,https://canvas.oregonstate.edu/users/6660414/files/119294133/download?verifier=gGJq5JBGLXpWU66mkaU77iU27kEJcXVFbCpDi73N&download_frd=1,
MTH-253,00243-mth-253-module-item-unit-1-learning-materials-sequences-and-series-mth-253z-400-u2026,Download,https://canvas.oregonstate.edu/courses/2053263/files/118558936/download?download_frd=1,
MTH-253,00243-mth-253-module-item-unit-1-learning-materials-sequences-and-series-mth-253z-400-u2026,Download,https://canvas.oregonstate.edu/courses/2053263/files/118558848/download?download_frd=1,
MTH-253,00243-mth-253-module-item-unit-1-learning-materials-sequences-and-series-mth-253z-400-u2026,Download,https://canvas.oregonstate.edu/courses/2053263/files/118558879/download?download_frd=1,
MTH-253,00243-mth-253-module-item-unit-1-learning-materials-sequences-and-series-mth-253z-400-u2026,Download,https://canvas.oregonstate.edu/courses/2053263/files/118558963/download?download_frd=1,
MTH-253,00246-mth-253-module-item-unit-1-written-homework-assignment,Download,https://canvas.oregonstate.edu/courses/2053263/files/118558797/download?download_frd=1,
MTH-253,00251-mth-253-module-item-unit-2-learning-materials-sequences-and-series-mth-253z-400-u2026,Download,https://canvas.oregonstate.edu/courses/2053263/files/118558743/download?download_frd=1,
MTH-253,00251-mth-253-module-item-unit-2-learning-materials-sequences-and-series-mth-253z-400-u2026,Download,https://canvas.oregonstate.edu/courses/2053263/files/118558950/download?download_frd=1,
MTH-253,00251-mth-253-module-item-unit-2-learning-materials-sequences-and-series-mth-253z-400-u2026,Download,https://canvas.oregonstate.edu/courses/2053263/files/118558844/download?download_frd=1,
MTH-253,00251-mth-253-module-item-unit-2-learning-materials-sequences-and-series-mth-253z-400-u2026,Download,https://canvas.oregonstate.edu/courses/2053263/files/118558915/download?download_frd=1,
MTH-253,00251-mth-253-module-item-unit-2-learning-materials-sequences-and-series-mth-253z-400-u2026,Download,https://canvas.oregonstate.edu/courses/2053263/files/118558827/download?download_frd=1,
MTH-253,00251-mth-253-module-item-unit-2-learning-materials-sequences-and-series-mth-253z-400-u2026,Download,https://canvas.oregonstate.edu/courses/2053263/files/118558808/download?download_frd=1,
MTH-253,00251-mth-253-module-item-unit-2-learning-materials-sequences-and-series-mth-253z-400-u2026,Download,https://canvas.oregonstate.edu/courses/2053263/files/118558770/download?download_frd=1,
MTH-253,00251-mth-253-module-item-unit-2-learning-materials-sequences-and-series-mth-253z-400-u2026,Download,https://canvas.oregonstate.edu/courses/2053263/files/118558809/download?download_frd=1,
MTH-253,00251-mth-253-module-item-unit-2-learning-materials-sequences-and-series-mth-253z-400-u2026,Download,https://canvas.oregonstate.edu/courses/2053263/files/118558919/download?download_frd=1,
MTH-253,00251-mth-253-module-item-unit-2-learning-materials-sequences-and-series-mth-253z-400-u2026,Download,https://canvas.oregonstate.edu/courses/2053263/files/118558743/download?download_frd=1,
MTH-253,00251-mth-253-module-item-unit-2-learning-materials-sequences-and-series-mth-253z-400-u2026,Download,https://canvas.oregonstate.edu/courses/2053263/files/118558950/download?download_frd=1,
MTH-253,00254-mth-253-module-item-unit-2-written-homework-assignment,Download,https://canvas.oregonstate.edu/courses/2053263/files/118558872/download?download_frd=1,
MTH-253,00279-mth-253-module-item-mth-253-final-exam-practice-problems-pdf-sequences-and-series-mth-253z-400-u2026,Download MTH 253 - Final Exam Practice Problems.pdf,https://canvas.oregonstate.edu/courses/2053263/files/118558956/download?download_frd=1,true
MTH-253,00280-mth-253-module-item-mth-253-final-exam-practice-problems-answers-pdf-sequences-and-series-mth-253z-400-u2026,Download MTH 253 - Final Exam Practice Problems - Answers.pdf,https://canvas.oregonstate.edu/courses/2053263/files/118558944/download?download_frd=1,true
MTH-253,00283-mth-253-linked-detail-topic-welcome-to-the-class,Download,https://canvas.oregonstate.edu/courses/2053263/files/118558751/download?download_frd=1,
MTH-253,00284-mth-253-linked-detail-mth-253-course-syllabus-summer-2026-pdf-sequences-and-series-mth-253z-400-u2026,Download MTH_253_Course_Syllabus_Summer_2026.pdf,https://canvas.oregonstate.edu/courses/2053263/files/119228487/download?download_frd=1,true
MTH-253,00285-mth-253-linked-detail-unit-1-written-homework-assignment,Download,https://canvas.oregonstate.edu/courses/2053263/files/118558797/download?download_frd=1,
MTH-253,00290-mth-253-linked-detail-unit-2-written-homework-assignment,Download,https://canvas.oregonstate.edu/courses/2053263/files/118558872/download?download_frd=1,
MTH-253,00323-mth-253-linked-detail-practice-quiz-take-it-before-attempting-quiz-1-sequences-and-series-mth-253z-400-u2026,Download Practice-Quiz.pdf,https://canvas.oregonstate.edu/users/6660414/files/119294133/download?verifier=gGJq5JBGLXpWU66mkaU77iU27kEJcXVFbCpDi73N&download_frd=1,
PHY-212,00331-phy-212-module-item-syllabus-u2026-pdf-general-physics-with-calculus-ph-212-400-u2026,Download syllabus_U2026.pdf,https://canvas.oregonstate.edu/courses/2053526/files/119256264/download?download_frd=1,true
PHY-212,00335-phy-212-module-item-lab-structure-and-ta-meetings-pdf-general-physics-with-calculus-ph-212-400-u2026,Download Lab Structure and TA Meetings.pdf,https://canvas.oregonstate.edu/courses/2053526/files/119307451/download?download_frd=1,true
PHY-212,00341-phy-212-module-item-gradescope-general-physics-with-calculus-ph-212-400-u2026,CamScanner,https://canvas.oregonstate.edu/courses/2053526/files/118705530/download?wrap=1,
PHY-212,00341-phy-212-module-item-gradescope-general-physics-with-calculus-ph-212-400-u2026,Download,https://canvas.oregonstate.edu/courses/2053526/files/118705530/download?download_frd=1,
PHY-212,00341-phy-212-module-item-gradescope-general-physics-with-calculus-ph-212-400-u2026,Scannable or GeniusScan,https://canvas.oregonstate.edu/courses/2053526/files/118706071/download?wrap=1,
PHY-212,00341-phy-212-module-item-gradescope-general-physics-with-calculus-ph-212-400-u2026,Download,https://canvas.oregonstate.edu/courses/2053526/files/118706071/download?download_frd=1,
PHY-212,00342-phy-212-module-item-proctorio-setup-and-troubleshooting-general-physics-with-calculus-ph-212-400-u2026,Download,https://canvas.oregonstate.edu/courses/2053526/files/118705575/download?download_frd=1,
PHY-212,00345-phy-212-module-item-first-day-overview-pdf-general-physics-with-calculus-ph-212-400-u2026,Download first day overview.pdf,https://canvas.oregonstate.edu/courses/2053526/files/119256249/download?download_frd=1,true
PHY-212,00360-phy-212-module-item-lab-2-instructions-general-physics-with-calculus-ph-212-400-u2026,Download,https://canvas.oregonstate.edu/courses/2053526/files/119307451/download?download_frd=1,
PHY-212,00369-phy-212-module-item-excel-skills-handout-general-physics-with-calculus-ph-212-400-u2026,Download PH211_Excel-Skills-Ref.xlsx,https://canvas.oregonstate.edu/courses/2053526/files/118706030/download?download_frd=1,
PHY-212,00369-phy-212-module-item-excel-skills-handout-general-physics-with-calculus-ph-212-400-u2026,Download,https://canvas.oregonstate.edu/courses/2053526/files/118706028/download?download_frd=1,
PHY-212,00369-phy-212-module-item-excel-skills-handout-general-physics-with-calculus-ph-212-400-u2026,Download PH211_DATA_time-distance.txt,https://canvas.oregonstate.edu/courses/2053526/files/118706032/download?download_frd=1,
PHY-212,00369-phy-212-module-item-excel-skills-handout-general-physics-with-calculus-ph-212-400-u2026,Download PH211_Excel-Skills-Ref.xlsx,https://canvas.oregonstate.edu/courses/2053526/files/118706030/download?download_frd=1,
PHY-212,00369-phy-212-module-item-excel-skills-handout-general-physics-with-calculus-ph-212-400-u2026,Download,https://canvas.oregonstate.edu/courses/2053526/files/118706035/download?download_frd=1,
PHY-212,00369-phy-212-module-item-excel-skills-handout-general-physics-with-calculus-ph-212-400-u2026,Download PH211_Excel-Skills-Ref.xlsx,https://canvas.oregonstate.edu/courses/2053526/files/118706030/download?download_frd=1,
PHY-212,00369-phy-212-module-item-excel-skills-handout-general-physics-with-calculus-ph-212-400-u2026,Download PH211_Excel-Skills-Ref.xlsx,https://canvas.oregonstate.edu/courses/2053526/files/118706030/download?download_frd=1,
PHY-212,00369-phy-212-module-item-excel-skills-handout-general-physics-with-calculus-ph-212-400-u2026,Download,https://canvas.oregonstate.edu/courses/2053526/files/118706027/download?download_frd=1,
PHY-212,00374-phy-212-assignment-detail-m1-00asy-general-physics-with-calculus-ph-212-400-u2026,Download M1-00.pdf,https://canvas.oregonstate.edu/users/6660414/files/119284452/download?verifier=tdhRrXaJuL3lgDaVYfufXRkHXlGkrpdaExKG1oBJ&download_frd=1,
PHY-212,00376-phy-212-assignment-detail-m1-1asy-general-physics-with-calculus-ph-212-400-u2026,Download M1-01.pdf,https://canvas.oregonstate.edu/users/6660414/files/119291668/download?verifier=cdD2R6qdibRpUciTWHAs5zvLNXk26R9XpDM5z6h2&download_frd=1,
MTH-252,00432-mth-252-linked-detail-whw1-key-pdf-integral-calculus-mth-252z-400-u2026,Download WHW1-Key.pdf,https://canvas.oregonstate.edu/courses/2080857/files/119223581/download?download_frd=1,true
MTH-252,00433-mth-252-linked-detail-mth-252z-400-syllabus-u26-gilliam-pdf-integral-calculus-mth-252z-400-u2026,Download MTH 252Z-400 Syllabus U26 Gilliam.pdf,https://canvas.oregonstate.edu/courses/2080857/files/119246076/download?download_frd=1,true
MTH-252,00434-mth-252-linked-detail-syllabus-and-calendar-as-of-6-21-both-sections-400-and-401-integral-calculus-mth-252z-400-u2026,Download,https://canvas.oregonstate.edu/courses/2080857/files/119246076/download?download_frd=1,
MTH-252,00434-mth-252-linked-detail-syllabus-and-calendar-as-of-6-21-both-sections-400-and-401-integral-calculus-mth-252z-400-u2026,Download,https://canvas.oregonstate.edu/courses/2080857/files/119246078/download?download_frd=1,
MTH-252,00434-mth-252-linked-detail-syllabus-and-calendar-as-of-6-21-both-sections-400-and-401-integral-calculus-mth-252z-400-u2026,Download,https://canvas.oregonstate.edu/courses/2080857/files/119246095/download?download_frd=1,
MTH-252,00435-mth-252-linked-detail-mth-252z-401-syllabus-u26-gilliam-pdf-integral-calculus-mth-252z-400-u2026,Download MTH 252Z-401 Syllabus U26 Gilliam.pdf,https://canvas.oregonstate.edu/courses/2080857/files/119246078/download?download_frd=1,true
MTH-252,00436-mth-252-linked-detail-mth-252-online-course-calendar-pdf-integral-calculus-mth-252z-400-u2026,Download MTH-252-Online-Course-Calendar.pdf,https://canvas.oregonstate.edu/courses/2080857/files/119246095/download?download_frd=1,true
MTH-252,00437-mth-252-linked-detail-achieve-registration-process-v3-pdf-integral-calculus-mth-252z-400-u2026,Download Achieve Registration Process_v3.pdf,https://canvas.oregonstate.edu/courses/2080857/files/119223565/download?download_frd=1,true
MTH-252,00440-mth-252-linked-detail-mlc-hours-pdf-integral-calculus-mth-252z-400-u2026,Download MLC Hours.pdf,https://canvas.oregonstate.edu/courses/2080857/files/119223484/download?download_frd=1,true
MTH-252,00443-mth-252-linked-detail-252-lecture-1-1-to-me1-pdf-integral-calculus-mth-252z-400-u2026,Download 252-Lecture-1.1-to-ME1.pdf,https://canvas.oregonstate.edu/courses/2080857/files/119223553/download?download_frd=1,true
MTH-252,00448-mth-252-linked-detail-252-lecture-1-1-to-me1-pdf-integral-calculus-mth-252z-400-u2026,Download 252-Lecture-1.1-to-ME1.pdf,https://canvas.oregonstate.edu/courses/2080857/files/119223553/download?download_frd=1,true
MTH-252,00453-mth-252-linked-detail-me1-w26-template-pdf-integral-calculus-mth-252z-400-u2026,Download ME1-W26-Template.pdf,https://canvas.oregonstate.edu/courses/2080857/files/119223451/download?download_frd=1,true
MTH-252,00454-mth-252-linked-detail-mini-exam-1-tues-thur-no-calculators,Download,https://canvas.oregonstate.edu/courses/2080857/files/119223451/download?download_frd=1,
MTH-252,00454-mth-252-linked-detail-mini-exam-1-tues-thur-no-calculators,Download,https://canvas.oregonstate.edu/courses/2080857/files/119223514/download?download_frd=1,
MTH-252,00454-mth-252-linked-detail-mini-exam-1-tues-thur-no-calculators,Download,https://canvas.oregonstate.edu/courses/2080857/files/119223497/download?download_frd=1,
MTH-252,00455-mth-252-linked-detail-unit-1-student-study-guide-pdf-integral-calculus-mth-252z-400-u2026,Download Unit-1-Student-Study-Guide.pdf,https://canvas.oregonstate.edu/courses/2080857/files/119223514/download?download_frd=1,true
MTH-252,00456-mth-252-linked-detail-unit-1-student-study-guide-key-pdf-integral-calculus-mth-252z-400-u2026,Download Unit-1-Student-Study-Guide-Key.pdf,https://canvas.oregonstate.edu/courses/2080857/files/119223497/download?download_frd=1,true
MTH-252,00457-mth-252-linked-detail-252-lecture-1-3-to-me2-pdf-integral-calculus-mth-252z-400-u2026,Download 252-Lecture-1.3-to-ME2.pdf,https://canvas.oregonstate.edu/courses/2080857/files/119223594/download?download_frd=1,true
MTH-252,00459-mth-252-linked-detail-whw3-template-1-pdf-integral-calculus-mth-252z-400-u2026,Download WHW3-Template-1.pdf,https://canvas.oregonstate.edu/courses/2080857/files/119223574/download?download_frd=1,true
MTH-252,00460-mth-252-linked-detail-module-3-written-homework-whw-3-3-hours,Download,https://canvas.oregonstate.edu/courses/2080857/files/119223574/download?download_frd=1,
MTH-252,00466-mth-252-linked-detail-252-lecture-1-3-to-me2-pdf-integral-calculus-mth-252z-400-u2026,Download 252-Lecture-1.3-to-ME2.pdf,https://canvas.oregonstate.edu/courses/2080857/files/119223594/download?download_frd=1,true
MTH-252,00476-mth-252-linked-detail-252-lecture-3-1-to-me3-pdf-integral-calculus-mth-252z-400-u2026,Download 252-Lecture-3.1-to-ME3.pdf,https://canvas.oregonstate.edu/courses/2080857/files/119223561/download?download_frd=1,true
MTH-252,00480-mth-252-linked-detail-lecture-3-1-3-2-pdf-integral-calculus-mth-252z-400-u2026,Download Lecture-3.1-3.2.pdf,https://canvas.oregonstate.edu/courses/2080857/files/119223595/download?download_frd=1,true
MTH-252,00484-mth-252-linked-detail-252-lecture-3-1-to-me3-pdf-integral-calculus-mth-252z-400-u2026,Download 252-Lecture-3.1-to-ME3.pdf,https://canvas.oregonstate.edu/courses/2080857/files/119223561/download?download_frd=1,true
MTH-252,00492-mth-252-linked-detail-252-lecture-2-1-to-me4-pdf-integral-calculus-mth-252z-400-u2026,Download 252-Lecture-2.1-to-ME4.pdf,https://canvas.oregonstate.edu/courses/2080857/files/119223597/download?download_frd=1,true
MTH-252,00500-mth-252-linked-detail-252-lecture-2-1-to-me4-pdf-integral-calculus-mth-252z-400-u2026,Download 252-Lecture-2.1-to-ME4.pdf,https://canvas.oregonstate.edu/courses/2080857/files/119223597/download?download_frd=1,true
MTH-252,00501-mth-252-linked-detail-lecture-2-3-2-4-pdf-integral-calculus-mth-252z-400-u2026,Download Lecture-2.3-2.4.pdf,https://canvas.oregonstate.edu/courses/2080857/files/119223466/download?download_frd=1,true
MTH-252,00507-mth-252-linked-detail-252-lecture-2-5-to-me5-pdf-integral-calculus-mth-252z-400-u2026,Download 252-Lecture-2.5-to-ME5.pdf,https://canvas.oregonstate.edu/courses/2080857/files/119223598/download?download_frd=1,true
MTH-252,00509-mth-252-linked-detail-252-lecture-2-5-to-me5-pages-5-8-13-17-19-20-1-1-pdf-integral-calculus-mth-252z-400-u2026,"Download 252-Lecture-2.5-to-ME5 pages 5 - 8, 13 - 17, 19, 20-1-1.pdf",https://canvas.oregonstate.edu/courses/2080857/files/119223617/download?download_frd=1,true
MTH-252,00510-mth-252-linked-detail-dr-g-s-videos-2-5-integral-calculus-mth-252z-400-u2026,Download,https://canvas.oregonstate.edu/courses/2080857/files/119223617/download?download_frd=1,
MTH-252,00515-mth-252-linked-detail-252-lecture-2-5-to-me5-pdf-integral-calculus-mth-252z-400-u2026,Download 252-Lecture-2.5-to-ME5.pdf,https://canvas.oregonstate.edu/courses/2080857/files/119223598/download?download_frd=1,true
MTH-252,00516-mth-252-linked-detail-252-lecture-2-5-to-me5-pages-5-8-13-17-19-20-1-2-pdf-integral-calculus-mth-252z-400-u2026,"Download 252-Lecture-2.5-to-ME5 pages 5 - 8, 13 - 17, 19, 20-1-2.pdf",https://canvas.oregonstate.edu/courses/2080857/files/119223618/download?download_frd=1,true
MTH-252,00517-mth-252-linked-detail-dr-g-s-videos-3-7-integral-calculus-mth-252z-400-u2026,Download,https://canvas.oregonstate.edu/courses/2080857/files/119223618/download?download_frd=1,
MTH-252,00523-mth-252-linked-detail-me2-retake-template-pdf-integral-calculus-mth-252z-400-u2026,Download ME2-Retake-Template.pdf,https://canvas.oregonstate.edu/courses/2080857/files/119223455/download?download_frd=1,true
MTH-252,00524-mth-252-linked-detail-mini-exam-2-retake,Download,https://canvas.oregonstate.edu/courses/2080857/files/119223455/download?download_frd=1,
MTH-252,00524-mth-252-linked-detail-mini-exam-2-retake,Download IVP-Wksht1.pdf,https://canvas.oregonstate.edu/courses/1918585/files/99187575/download?download_frd=1,
MTH-252,00524-mth-252-linked-detail-mini-exam-2-retake,Download IVP-Wksht2.pdf,https://canvas.oregonstate.edu/courses/1918585/files/99187581/download?download_frd=1,
MTH-252,00525-mth-252-linked-detail-me3-retake-template-pdf-integral-calculus-mth-252z-400-u2026,Download ME3-Retake-Template.pdf,https://canvas.oregonstate.edu/courses/2080857/files/119223623/download?download_frd=1,true
MTH-252,00526-mth-252-linked-detail-mini-exam-3-retake,Download,https://canvas.oregonstate.edu/courses/2080857/files/119223623/download?download_frd=1,
MTH-252,00527-mth-252-linked-detail-me4-retake-template-pdf-integral-calculus-mth-252z-400-u2026,Download ME4-Retake-Template.pdf,https://canvas.oregonstate.edu/courses/2080857/files/119223452/download?download_frd=1,true
MTH-252,00528-mth-252-linked-detail-mini-exam-4-retake,Download,https://canvas.oregonstate.edu/courses/2080857/files/119223452/download?download_frd=1,
MTH-253,00532-mth-253-linked-detail-start-here-syllabus-sequences-and-series-mth-253z-400-u2026,Download Review the Syllabus,https://canvas.oregonstate.edu/courses/2053263/files/119228487/download?download_frd=1,
MTH-253,00532-mth-253-linked-detail-start-here-syllabus-sequences-and-series-mth-253z-400-u2026,Download Weekly Schedule,https://canvas.oregonstate.edu/courses/2053263/files/118558899/download?download_frd=1,
MTH-253,00533-mth-253-linked-detail-mth-253-weekly-schedule-docx-sequences-and-series-mth-253z-400-u2026,Download MTH 253 Weekly Schedule.docx,https://canvas.oregonstate.edu/courses/2053263/files/118558899/download?download_frd=1,true
MTH-253,00534-mth-253-linked-detail-practice-quiz-take-it-before-attempting-quiz-1-sequences-and-series-mth-253z-400-u2026,Download Practice-Quiz.pdf,https://canvas.oregonstate.edu/users/6660414/files/119294133/download?verifier=gGJq5JBGLXpWU66mkaU77iU27kEJcXVFbCpDi73N&download_frd=1,
MTH-253,00535-mth-253-linked-detail-jacob-peterson-s-quiz-history-practice-quiz-take-it-before-attempting-quiz-1,Download Practice-Quiz.pdf,https://canvas.oregonstate.edu/users/6660414/files/119294133/download?verifier=gGJq5JBGLXpWU66mkaU77iU27kEJcXVFbCpDi73N&download_frd=1,
MTH-253,00537-mth-253-linked-detail-practice-quiz-take-it-before-attempting-quiz-1-sequences-and-series-mth-253z-400-u2026,Download Practice-Quiz.pdf,https://canvas.oregonstate.edu/users/6660414/files/119294133/download?verifier=gGJq5JBGLXpWU66mkaU77iU27kEJcXVFbCpDi73N&download_frd=1,
MTH-253,00540-mth-253-linked-detail-evaluating-limits-pdf-sequences-and-series-mth-253z-400-u2026,Download Evaluating Limits.pdf,https://canvas.oregonstate.edu/courses/2053263/files/118558936/download?download_frd=1,true
MTH-253,00541-mth-253-linked-detail-unit-1-learning-materials-sequences-and-series-mth-253z-400-u2026,Download,https://canvas.oregonstate.edu/courses/2053263/files/118558936/download?download_frd=1,
MTH-253,00541-mth-253-linked-detail-unit-1-learning-materials-sequences-and-series-mth-253z-400-u2026,Download,https://canvas.oregonstate.edu/courses/2053263/files/118558848/download?download_frd=1,
MTH-253,00541-mth-253-linked-detail-unit-1-learning-materials-sequences-and-series-mth-253z-400-u2026,Download,https://canvas.oregonstate.edu/courses/2053263/files/118558879/download?download_frd=1,
MTH-253,00541-mth-253-linked-detail-unit-1-learning-materials-sequences-and-series-mth-253z-400-u2026,Download,https://canvas.oregonstate.edu/courses/2053263/files/118558963/download?download_frd=1,
MTH-253,00542-mth-253-linked-detail-infinite-limits-pdf-sequences-and-series-mth-253z-400-u2026,Download Infinite Limits.pdf,https://canvas.oregonstate.edu/courses/2053263/files/118558848/download?download_frd=1,true
MTH-253,00543-mth-253-linked-detail-l-hospital-s-rule-pdf-sequences-and-series-mth-253z-400-u2026,Download L'Hospital's Rule.pdf,https://canvas.oregonstate.edu/courses/2053263/files/118558879/download?download_frd=1,true
MTH-253,00544-mth-253-linked-detail-improper-integrals-pdf-sequences-and-series-mth-253z-400-u2026,Download Improper Integrals.pdf,https://canvas.oregonstate.edu/courses/2053263/files/118558963/download?download_frd=1,true
MTH-253,00545-mth-253-linked-detail-unit-1-written-homework-pdf-sequences-and-series-mth-253z-400-u2026,Download Unit #1 Written Homework.pdf,https://canvas.oregonstate.edu/courses/2053263/files/118558797/download?download_frd=1,true
MTH-253,00546-mth-253-linked-detail-unit-1-written-homework-assignment,Download,https://canvas.oregonstate.edu/courses/2053263/files/118558797/download?download_frd=1,
MTH-253,00548-mth-253-linked-detail-sequences-pdf-sequences-and-series-mth-253z-400-u2026,Download Sequences.pdf,https://canvas.oregonstate.edu/courses/2053263/files/118558743/download?download_frd=1,true
MTH-253,00549-mth-253-linked-detail-unit-2-learning-materials-sequences-and-series-mth-253z-400-u2026,Download,https://canvas.oregonstate.edu/courses/2053263/files/118558743/download?download_frd=1,
MTH-253,00549-mth-253-linked-detail-unit-2-learning-materials-sequences-and-series-mth-253z-400-u2026,Download,https://canvas.oregonstate.edu/courses/2053263/files/118558950/download?download_frd=1,
MTH-253,00549-mth-253-linked-detail-unit-2-learning-materials-sequences-and-series-mth-253z-400-u2026,Download,https://canvas.oregonstate.edu/courses/2053263/files/118558844/download?download_frd=1,
MTH-253,00549-mth-253-linked-detail-unit-2-learning-materials-sequences-and-series-mth-253z-400-u2026,Download,https://canvas.oregonstate.edu/courses/2053263/files/118558915/download?download_frd=1,
MTH-253,00549-mth-253-linked-detail-unit-2-learning-materials-sequences-and-series-mth-253z-400-u2026,Download,https://canvas.oregonstate.edu/courses/2053263/files/118558827/download?download_frd=1,
MTH-253,00549-mth-253-linked-detail-unit-2-learning-materials-sequences-and-series-mth-253z-400-u2026,Download,https://canvas.oregonstate.edu/courses/2053263/files/118558808/download?download_frd=1,
MTH-253,00549-mth-253-linked-detail-unit-2-learning-materials-sequences-and-series-mth-253z-400-u2026,Download,https://canvas.oregonstate.edu/courses/2053263/files/118558770/download?download_frd=1,
MTH-253,00549-mth-253-linked-detail-unit-2-learning-materials-sequences-and-series-mth-253z-400-u2026,Download,https://canvas.oregonstate.edu/courses/2053263/files/118558809/download?download_frd=1,
MTH-253,00549-mth-253-linked-detail-unit-2-learning-materials-sequences-and-series-mth-253z-400-u2026,Download,https://canvas.oregonstate.edu/courses/2053263/files/118558919/download?download_frd=1,
MTH-253,00549-mth-253-linked-detail-unit-2-learning-materials-sequences-and-series-mth-253z-400-u2026,Download,https://canvas.oregonstate.edu/courses/2053263/files/118558743/download?download_frd=1,
MTH-253,00549-mth-253-linked-detail-unit-2-learning-materials-sequences-and-series-mth-253z-400-u2026,Download,https://canvas.oregonstate.edu/courses/2053263/files/118558950/download?download_frd=1,
MTH-253,00550-mth-253-linked-detail-recursive-sequences-pdf-sequences-and-series-mth-253z-400-u2026,Download Recursive Sequences.pdf,https://canvas.oregonstate.edu/courses/2053263/files/118558950/download?download_frd=1,true
MTH-253,00551-mth-253-linked-detail-convergence-or-divergence-of-a-sequence-pdf-sequences-and-series-mth-253z-400-u2026,Download Convergence or Divergence of a Sequence.pdf,https://canvas.oregonstate.edu/courses/2053263/files/118558844/download?download_frd=1,true
MTH-253,00552-mth-253-linked-detail-geometric-sequences-pdf-sequences-and-series-mth-253z-400-u2026,Download Geometric Sequences.pdf,https://canvas.oregonstate.edu/courses/2053263/files/118558915/download?download_frd=1,true
MTH-253,00553-mth-253-linked-detail-introduction-to-series-pdf-sequences-and-series-mth-253z-400-u2026,Download Introduction to Series.pdf,https://canvas.oregonstate.edu/courses/2053263/files/118558827/download?download_frd=1,true
MTH-253,00554-mth-253-linked-detail-partial-sums-pdf-sequences-and-series-mth-253z-400-u2026,Download Partial Sums.pdf,https://canvas.oregonstate.edu/courses/2053263/files/118558808/download?download_frd=1,true
MTH-253,00555-mth-253-linked-detail-geometric-series-pdf-sequences-and-series-mth-253z-400-u2026,Download Geometric Series.pdf,https://canvas.oregonstate.edu/courses/2053263/files/118558770/download?download_frd=1,true
MTH-253,00556-mth-253-linked-detail-repeating-decimals-and-geometric-series-pdf-sequences-and-series-mth-253z-400-u2026,Download Repeating Decimals and Geometric Series.pdf,https://canvas.oregonstate.edu/courses/2053263/files/118558809/download?download_frd=1,true
MTH-253,00557-mth-253-linked-detail-telescoping-series-pdf-sequences-and-series-mth-253z-400-u2026,Download Telescoping Series.pdf,https://canvas.oregonstate.edu/courses/2053263/files/118558919/download?download_frd=1,true
MTH-253,00559-mth-253-linked-detail-unit-2-written-homework-pdf-sequences-and-series-mth-253z-400-u2026,Download Unit #2 - Written Homework.pdf,https://canvas.oregonstate.edu/courses/2053263/files/118558872/download?download_frd=1,true
MTH-253,00560-mth-253-linked-detail-unit-2-written-homework-assignment,Download,https://canvas.oregonstate.edu/courses/2053263/files/118558872/download?download_frd=1,
MTH-253,00572-mth-253-linked-detail-mth-253-final-exam-practice-problems-pdf-sequences-and-series-mth-253z-400-u2026,Download MTH 253 - Final Exam Practice Problems.pdf,https://canvas.oregonstate.edu/courses/2053263/files/118558956/download?download_frd=1,true
MTH-253,00573-mth-253-linked-detail-mth-253-final-exam-practice-problems-answers-pdf-sequences-and-series-mth-253z-400-u2026,Download MTH 253 - Final Exam Practice Problems - Answers.pdf,https://canvas.oregonstate.edu/courses/2053263/files/118558944/download?download_frd=1,true
MTH-253,00574-mth-253-linked-detail-unit-2-learning-materials-sequences-and-series-mth-253z-400-u2026,Download,https://canvas.oregonstate.edu/courses/2053263/files/118558743/download?download_frd=1,
MTH-253,00574-mth-253-linked-detail-unit-2-learning-materials-sequences-and-series-mth-253z-400-u2026,Download,https://canvas.oregonstate.edu/courses/2053263/files/118558950/download?download_frd=1,
MTH-253,00574-mth-253-linked-detail-unit-2-learning-materials-sequences-and-series-mth-253z-400-u2026,Download,https://canvas.oregonstate.edu/courses/2053263/files/118558844/download?download_frd=1,
MTH-253,00574-mth-253-linked-detail-unit-2-learning-materials-sequences-and-series-mth-253z-400-u2026,Download,https://canvas.oregonstate.edu/courses/2053263/files/118558915/download?download_frd=1,
MTH-253,00574-mth-253-linked-detail-unit-2-learning-materials-sequences-and-series-mth-253z-400-u2026,Download,https://canvas.oregonstate.edu/courses/2053263/files/118558827/download?download_frd=1,
MTH-253,00574-mth-253-linked-detail-unit-2-learning-materials-sequences-and-series-mth-253z-400-u2026,Download,https://canvas.oregonstate.edu/courses/2053263/files/118558808/download?download_frd=1,
MTH-253,00574-mth-253-linked-detail-unit-2-learning-materials-sequences-and-series-mth-253z-400-u2026,Download,https://canvas.oregonstate.edu/courses/2053263/files/118558770/download?download_frd=1,
MTH-253,00574-mth-253-linked-detail-unit-2-learning-materials-sequences-and-series-mth-253z-400-u2026,Download,https://canvas.oregonstate.edu/courses/2053263/files/118558809/download?download_frd=1,
MTH-253,00574-mth-253-linked-detail-unit-2-learning-materials-sequences-and-series-mth-253z-400-u2026,Download,https://canvas.oregonstate.edu/courses/2053263/files/118558919/download?download_frd=1,
MTH-253,00574-mth-253-linked-detail-unit-2-learning-materials-sequences-and-series-mth-253z-400-u2026,Download,https://canvas.oregonstate.edu/courses/2053263/files/118558743/download?download_frd=1,
MTH-253,00574-mth-253-linked-detail-unit-2-learning-materials-sequences-and-series-mth-253z-400-u2026,Download,https://canvas.oregonstate.edu/courses/2053263/files/118558950/download?download_frd=1,
MTH-253,00576-mth-253-linked-detail-mth-253-course-syllabus-fall-2025-pdf-sequences-and-series-mth-253z-400-u2026,Download MTH 253 Course Syllabus - Fall 2025.pdf,https://canvas.oregonstate.edu/courses/2053263/files/118558751/download?download_frd=1,true
PHY-212,00577-phy-212-linked-detail-syllabus-u2026-pdf-general-physics-with-calculus-ph-212-400-u2026,Download syllabus_U2026.pdf,https://canvas.oregonstate.edu/courses/2053526/files/119256264/download?download_frd=1,true
PHY-212,00578-phy-212-linked-detail-lab-structure-and-ta-meetings-pdf-general-physics-with-calculus-ph-212-400-u2026,Download Lab Structure and TA Meetings.pdf,https://canvas.oregonstate.edu/courses/2053526/files/119307451/download?download_frd=1,true
PHY-212,00579-phy-212-linked-detail-gradescope-general-physics-with-calculus-ph-212-400-u2026,CamScanner,https://canvas.oregonstate.edu/courses/2053526/files/118705530/download?wrap=1,
PHY-212,00579-phy-212-linked-detail-gradescope-general-physics-with-calculus-ph-212-400-u2026,Download CamScanner,https://canvas.oregonstate.edu/courses/2053526/files/118705530/download?download_frd=1,
PHY-212,00579-phy-212-linked-detail-gradescope-general-physics-with-calculus-ph-212-400-u2026,Scannable or GeniusScan,https://canvas.oregonstate.edu/courses/2053526/files/118706071/download?wrap=1,
PHY-212,00579-phy-212-linked-detail-gradescope-general-physics-with-calculus-ph-212-400-u2026,Download Scannable or GeniusScan,https://canvas.oregonstate.edu/courses/2053526/files/118706071/download?download_frd=1,
PHY-212,00580-phy-212-linked-detail-proctorio-guide-pdf-general-physics-with-calculus-ph-212-400-u2026,Download Proctorio Guide.pdf,https://canvas.oregonstate.edu/courses/2053526/files/118705575/download?download_frd=1,true
PHY-212,00581-phy-212-linked-detail-proctorio-setup-and-troubleshooting-general-physics-with-calculus-ph-212-400-u2026,Download,https://canvas.oregonstate.edu/courses/2053526/files/118705575/download?download_frd=1,
PHY-212,00582-phy-212-linked-detail-first-day-overview-pdf-general-physics-with-calculus-ph-212-400-u2026,Download first day overview.pdf,https://canvas.oregonstate.edu/courses/2053526/files/119256249/download?download_frd=1,true
PHY-212,00590-phy-212-linked-detail-m1-1asy-general-physics-with-calculus-ph-212-400-u2026,Download M1-01.pdf,https://canvas.oregonstate.edu/users/6660414/files/119291668/download?verifier=cdD2R6qdibRpUciTWHAs5zvLNXk26R9XpDM5z6h2&download_frd=1,
PHY-212,00614-phy-212-linked-detail-lab-structure-and-ta-meetings-pdf-general-physics-with-calculus-ph-212-400-u2026,Download Lab Structure and TA Meetings.pdf,https://canvas.oregonstate.edu/courses/2053526/files/119307451/download?download_frd=1,true
PHY-212,00615-phy-212-linked-detail-lab-2-instructions-general-physics-with-calculus-ph-212-400-u2026,Download,https://canvas.oregonstate.edu/courses/2053526/files/119307451/download?download_frd=1,
PHY-212,00644-phy-212-linked-detail-ph211-excel-skills-ref-xlsx-general-physics-with-calculus-ph-212-400-u2026,Download PH211_Excel-Skills-Ref.xlsx,https://canvas.oregonstate.edu/courses/2053526/files/118706030/download?download_frd=1,true
PHY-212,00645-phy-212-linked-detail-ph211-basic-excel-workflows-pptx-general-physics-with-calculus-ph-212-400-u2026,Download PH211_Basic-Excel-Workflows.pptx,https://canvas.oregonstate.edu/courses/2053526/files/118706028/download?download_frd=1,true
PHY-212,00646-phy-212-linked-detail-excel-skills-handout-general-physics-with-calculus-ph-212-400-u2026,Download PH211_Excel-Skills-Ref.xlsx,https://canvas.oregonstate.edu/courses/2053526/files/118706030/download?download_frd=1,
PHY-212,00646-phy-212-linked-detail-excel-skills-handout-general-physics-with-calculus-ph-212-400-u2026,Download,https://canvas.oregonstate.edu/courses/2053526/files/118706028/download?download_frd=1,
PHY-212,00646-phy-212-linked-detail-excel-skills-handout-general-physics-with-calculus-ph-212-400-u2026,Download PH211_DATA_time-distance.txt,https://canvas.oregonstate.edu/courses/2053526/files/118706032/download?download_frd=1,
PHY-212,00646-phy-212-linked-detail-excel-skills-handout-general-physics-with-calculus-ph-212-400-u2026,Download PH211_Excel-Skills-Ref.xlsx,https://canvas.oregonstate.edu/courses/2053526/files/118706030/download?download_frd=1,
PHY-212,00646-phy-212-linked-detail-excel-skills-handout-general-physics-with-calculus-ph-212-400-u2026,Download,https://canvas.oregonstate.edu/courses/2053526/files/118706035/download?download_frd=1,
PHY-212,00646-phy-212-linked-detail-excel-skills-handout-general-physics-with-calculus-ph-212-400-u2026,Download PH211_Excel-Skills-Ref.xlsx,https://canvas.oregonstate.edu/courses/2053526/files/118706030/download?download_frd=1,
PHY-212,00646-phy-212-linked-detail-excel-skills-handout-general-physics-with-calculus-ph-212-400-u2026,Download PH211_Excel-Skills-Ref.xlsx,https://canvas.oregonstate.edu/courses/2053526/files/118706030/download?download_frd=1,
PHY-212,00646-phy-212-linked-detail-excel-skills-handout-general-physics-with-calculus-ph-212-400-u2026,Download,https://canvas.oregonstate.edu/courses/2053526/files/118706027/download?download_frd=1,
PHY-212,00647-phy-212-linked-detail-ph211-data-time-distance-txt-general-physics-with-calculus-ph-212-400-u2026,Download PH211_DATA_time-distance.txt,https://canvas.oregonstate.edu/courses/2053526/files/118706032/download?download_frd=1,true
PHY-212,00648-phy-212-linked-detail-ph211-excel-data-analysis-pptx-general-physics-with-calculus-ph-212-400-u2026,Download PH211_Excel-Data-Analysis.pptx,https://canvas.oregonstate.edu/courses/2053526/files/118706035/download?download_frd=1,true
PHY-212,00649-phy-212-linked-detail-ph211-excel-derivitives-integrals-pptx-general-physics-with-calculus-ph-212-400-u2026,Download PH211_Excel-Derivitives-Integrals.pptx,https://canvas.oregonstate.edu/courses/2053526/files/118706027/download?download_frd=1,true
PHY-212,00655-phy-212-linked-detail-m1-00asy-general-physics-with-calculus-ph-212-400-u2026,Download M1-00.pdf,https://canvas.oregonstate.edu/users/6660414/files/119284452/download?verifier=tdhRrXaJuL3lgDaVYfufXRkHXlGkrpdaExKG1oBJ&download_frd=1,
PHY-212,00656-phy-212-linked-detail-jacob-peterson-s-quiz-history-m1-00asy,Download M1-00.pdf,https://canvas.oregonstate.edu/users/6660414/files/119284452/download?verifier=tdhRrXaJuL3lgDaVYfufXRkHXlGkrpdaExKG1oBJ&download_frd=1,
PHY-212,00657-phy-212-linked-detail-m1-00asy-general-physics-with-calculus-ph-212-400-u2026,Download M1-00.pdf,https://canvas.oregonstate.edu/users/6660414/files/119284452/download?verifier=tdhRrXaJuL3lgDaVYfufXRkHXlGkrpdaExKG1oBJ&download_frd=1,
PHY-212,00663-phy-212-linked-detail-m1-1asy-general-physics-with-calculus-ph-212-400-u2026,Download M1-01.pdf,https://canvas.oregonstate.edu/users/6660414/files/119291668/download?verifier=cdD2R6qdibRpUciTWHAs5zvLNXk26R9XpDM5z6h2&download_frd=1,
PHY-212,00664-phy-212-linked-detail-jacob-peterson-s-quiz-history-m1-1asy,Download M1-01.pdf,https://canvas.oregonstate.edu/users/6660414/files/119291668/download?verifier=cdD2R6qdibRpUciTWHAs5zvLNXk26R9XpDM5z6h2&download_frd=1,
