review_id,task_id,course_code,title,reason,source_surfaces,importance,hrefs
rq-00001,MTH-252-get-your-mth-252z-course-materials-access-code-ebook,MTH-252,Get your MTH 252Z Course Materials! (Access Code + Ebook),module_required_item_not_found_in_grade_or_assignment_surface,modules,required_ungraded_blocker,https://canvas.oregonstate.edu/courses/2080857/modules/items/26990499
rq-00002,MTH-252-achieve-registration-process-v3-pdf,MTH-252,Achieve Registration Process_v3.pdf,module_required_item_not_found_in_grade_or_assignment_surface,modules,required_ungraded_blocker,https://canvas.oregonstate.edu/courses/2080857/modules/items/26982524
rq-00003,MTH-252-free-trial-grace-period-in-achieve-2-weeks,MTH-252,Free Trial/Grace Period in Achieve (2 weeks),module_required_item_not_found_in_grade_or_assignment_surface,modules,required_ungraded_blocker,https://canvas.oregonstate.edu/courses/2080857/modules/items/26982525
rq-00004,MTH-252-openstax-course-online-textbook-pdf-downloadable-links-to-an-external-site,MTH-252,OpenStax Course Online Textbook (pdf downloadable) Links to an external site.,module_required_item_not_found_in_grade_or_assignment_surface,modules,required_ungraded_blocker,https://openstax.org/details/books/calculus-volume-2
rq-00005,MTH-252-gradescope-submissions-students-are-held-accountable-for-verifying-submissions-8,MTH-252,Gradescope Submissions - Students are held accountable for verifying submissions 8,module_required_item_not_found_in_grade_or_assignment_surface,modules,required_ungraded_blocker,
rq-00006,MTH-252-gradescope-submission-using-phone-no-audio,MTH-252,Gradescope Submission Using Phone (no audio),module_required_item_not_found_in_grade_or_assignment_surface,modules,required_ungraded_blocker,https://canvas.oregonstate.edu/courses/2080857/modules/items/26982529
rq-00007,MTH-252-gradescope-submission-using-computer-no-audio,MTH-252,Gradescope Submission Using Computer (no audio),module_required_item_not_found_in_grade_or_assignment_surface,modules,required_ungraded_blocker,https://canvas.oregonstate.edu/courses/2080857/modules/items/26982530
rq-00008,MTH-252-website-mslc-peer-tutoring,MTH-252,Website: MSLC --> Peer tutoring,module_required_item_not_found_in_grade_or_assignment_surface,modules,required_ungraded_blocker,https://math.oregonstate.edu/undergraduate/mathematics-statistics-learning-center
rq-00009,MTH-252-mslc-summer-tutoring-hours-pdf,MTH-252,MSLC Summer Tutoring Hours.pdf,module_required_item_not_found_in_grade_or_assignment_surface,modules,required_ungraded_blocker,https://canvas.oregonstate.edu/courses/2080857/modules/items/26982536
rq-00010,MTH-252-camscanner-making-one-pdf-with-multiple-pages-links-to-an-external-site,MTH-252,CamScanner: Making ONE pdf with multiple pages Links to an external site.,module_required_item_not_found_in_grade_or_assignment_surface,modules,required_ungraded_blocker,https://youtu.be/aP78GQc9gNA
rq-00011,MTH-252-mini-exam-retake-sign-up,MTH-252,Mini-Exam Retake Sign Up,module_required_item_not_found_in_grade_or_assignment_surface,modules,required_graded,https://canvas.oregonstate.edu/courses/2080857/modules/items/26982640
rq-00012,MTH-252-retake-only-one-retake-submission-is-permitted-1,MTH-252,Retake - Only ONE retake submission is permitted. 1,module_required_item_not_found_in_grade_or_assignment_surface,modules,required_ungraded_blocker,
rq-00013,MTH-252-what-is-calculus-links-to-an-external-site,MTH-252,What is Calculus? Links to an external site.,module_required_item_not_found_in_grade_or_assignment_surface,modules,required_ungraded_blocker,https://youtu.be/tXnYk5zLPTI
rq-00014,MTH-252-upper-lower-left-and-right-sums-links-to-an-external-site,MTH-252,"Upper, Lower, Left, and Right Sums Links to an external site.",module_required_item_not_found_in_grade_or_assignment_surface,modules,required_ungraded_blocker,https://youtu.be/bVYrCrG0ggo
rq-00015,MTH-252-area-under-curve-rectangles-links-to-an-external-site,MTH-252,Area under curve: Rectangles Links to an external site.,module_required_item_not_found_in_grade_or_assignment_surface,modules,required_ungraded_blocker,https://youtu.be/eHbHQ2wqZvc
rq-00016,MTH-252-application-area-under-curve-distance-links-to-an-external-site,MTH-252,Application: Area under curve: Distance Links to an external site.,module_required_item_not_found_in_grade_or_assignment_surface,modules,required_ungraded_blocker,https://youtu.be/DZZd1qo1n2A
rq-00017,MTH-252-area-under-curve-more-rectangles-links-to-an-external-site,MTH-252,"Area under curve, more rectangles Links to an external site.",module_required_item_not_found_in_grade_or_assignment_surface,modules,required_ungraded_blocker,https://youtu.be/B8WYjWiw5YM
rq-00018,MTH-252-application-area-under-the-graph-table-links-to-an-external-site,MTH-252,"Application: Area under the graph, table Links to an external site.",module_required_item_not_found_in_grade_or_assignment_surface,modules,required_ungraded_blocker,https://youtu.be/_lNM3EZhByw
rq-00019,MTH-252-area-under-curve-left-sum-links-to-an-external-site,MTH-252,Area under curve: Left Sum Links to an external site.,module_required_item_not_found_in_grade_or_assignment_surface,modules,required_ungraded_blocker,https://youtu.be/v9WTXqKgg7I
rq-00020,MTH-252-area-under-curve-right-sum-links-to-an-external-site,MTH-252,Area under curve: Right Sum Links to an external site.,module_required_item_not_found_in_grade_or_assignment_surface,modules,required_ungraded_blocker,https://youtu.be/BvwyTXeuLS0
rq-00021,MTH-252-midpoint-rule-1-links-to-an-external-site,MTH-252,Midpoint rule 1 Links to an external site.,module_required_item_not_found_in_grade_or_assignment_surface,modules,required_ungraded_blocker,https://youtu.be/GIiRh4V9GvI
rq-00022,MTH-252-midpoint-rule-2-links-to-an-external-site,MTH-252,Midpoint rule 2 Links to an external site.,module_required_item_not_found_in_grade_or_assignment_surface,modules,required_ungraded_blocker,https://youtu.be/LmVPqLOPsqc
rq-00023,MTH-252-midpoint-rule-with-table-links-to-an-external-site,MTH-252,Midpoint rule with table Links to an external site.,module_required_item_not_found_in_grade_or_assignment_surface,modules,required_ungraded_blocker,https://youtu.be/5FYkXyyTnUE
rq-00024,MTH-252-riemann-sums-right-sum-links-to-an-external-site,MTH-252,Riemann sums: Right Sum Links to an external site.,module_required_item_not_found_in_grade_or_assignment_surface,modules,required_ungraded_blocker,https://youtu.be/PjiB_-cVly0
rq-00025,MTH-252-intro-definite-integral-links-to-an-external-site,MTH-252,Intro: Definite Integral Links to an external site.,module_required_item_not_found_in_grade_or_assignment_surface,modules,required_ungraded_blocker,https://youtu.be/VDOBMZRWxmw
rq-00026,MTH-252-definite-integral-using-geometry-links-to-an-external-site,MTH-252,Definite integral: Using geometry Links to an external site.,module_required_item_not_found_in_grade_or_assignment_surface,modules,required_ungraded_blocker,https://youtu.be/jTjrLTEQEws
rq-00027,MTH-252-definite-integral-setting-up-the-integral-links-to-an-external-site,MTH-252,Definite integral: Setting up the integral Links to an external site.,module_required_item_not_found_in_grade_or_assignment_surface,modules,required_ungraded_blocker,https://youtu.be/6pQUsnRKxSg
rq-00028,MTH-252-convert-riemann-sum-to-integrals-links-to-an-external-site,MTH-252,Convert Riemann sum to integrals Links to an external site.,module_required_item_not_found_in_grade_or_assignment_surface,modules,required_ungraded_blocker,https://youtu.be/FZKRsD9FqU4
rq-00029,MTH-252-definite-integral-properties-continued-links-to-an-external-site,MTH-252,Definite integral: Properties continued Links to an external site.,module_required_item_not_found_in_grade_or_assignment_surface,modules,required_ungraded_blocker,https://youtu.be/UgUKjUAkwN8
rq-00030,MTH-252-definite-integrals-properties-links-to-an-external-site,MTH-252,Definite integrals: Properties Links to an external site.,module_required_item_not_found_in_grade_or_assignment_surface,modules,required_ungraded_blocker,https://youtu.be/ycOZVVVXHvM
rq-00031,MTH-252-definite-integral-intro-and-application-links-to-an-external-site,MTH-252,Definite integral: Intro and application Links to an external site.,module_required_item_not_found_in_grade_or_assignment_surface,modules,required_ungraded_blocker,https://youtu.be/HnZTll3OmIc
rq-00032,MTH-252-definite-integral-function-plus-constant-links-to-an-external-site,MTH-252,Definite integral: Function plus constant Links to an external site.,module_required_item_not_found_in_grade_or_assignment_surface,modules,required_ungraded_blocker,https://youtu.be/kmnvYAS409s
rq-00033,MTH-252-definite-integral-constant-function-links-to-an-external-site,MTH-252,Definite integral: Constant*function Links to an external site.,module_required_item_not_found_in_grade_or_assignment_surface,modules,required_ungraded_blocker,https://youtu.be/csjUDj6HMpc
rq-00034,MTH-252-definite-integral-trig-links-to-an-external-site,MTH-252,Definite integral: Trig Links to an external site.,module_required_item_not_found_in_grade_or_assignment_surface,modules,required_ungraded_blocker,https://youtu.be/itmNYsvNiHs
rq-00035,MTH-252-fundamental-theorem-of-calc-ftoc-area-function-links-to-an-external-site,MTH-252,Fundamental Theorem of Calc (FToC): Area function Links to an external site.,module_required_item_not_found_in_grade_or_assignment_surface,modules,required_ungraded_blocker,https://youtu.be/jyRdHbHeUuU
rq-00036,MTH-252-area-accumulation-graph-analysis-openstax-specific-links-to-an-external-site,MTH-252,Area Accumulation Graph Analysis (OpenStax Specific) Links to an external site.,module_required_item_not_found_in_grade_or_assignment_surface,modules,required_ungraded_blocker,https://youtu.be/yjJ1JIvX7t4
rq-00037,MTH-252-fundamental-theorem-of-calc-ftoc-definite-integrals-links-to-an-external-site,MTH-252,Fundamental Theorem of Calc (FToC): Definite integrals Links to an external site.,module_required_item_not_found_in_grade_or_assignment_surface,modules,required_ungraded_blocker,https://youtu.be/ZTqEj1NyGPw
rq-00038,MTH-252-ftoc-setup-and-solve-links-to-an-external-site,MTH-252,FToC: Setup and solve Links to an external site.,module_required_item_not_found_in_grade_or_assignment_surface,modules,required_ungraded_blocker,https://youtu.be/YE9jpfxEFYk
rq-00039,MTH-252-ftoc-example-links-to-an-external-site,MTH-252,FToC: Example Links to an external site.,module_required_item_not_found_in_grade_or_assignment_surface,modules,required_ungraded_blocker,https://youtu.be/gJtkTRjqM6I
rq-00040,MTH-252-ftoc-polynomial-example-links-to-an-external-site,MTH-252,FToC: Polynomial example Links to an external site.,module_required_item_not_found_in_grade_or_assignment_surface,modules,required_ungraded_blocker,https://youtu.be/X5ke8bUiiQM
rq-00041,MTH-252-ftoc-trig-example-links-to-an-external-site,MTH-252,FToC: Trig example Links to an external site.,module_required_item_not_found_in_grade_or_assignment_surface,modules,required_ungraded_blocker,https://youtu.be/GwOhAkU-A0M
rq-00042,MTH-252-ftoc-example-using-area-links-to-an-external-site,MTH-252,FToC: Example using area Links to an external site.,module_required_item_not_found_in_grade_or_assignment_surface,modules,required_ungraded_blocker,https://youtu.be/zdWBJTOfdiM
rq-00043,MTH-252-the-antiderivative-1-links-to-an-external-site,MTH-252,The antiderivative 1 Links to an external site.,module_required_item_not_found_in_grade_or_assignment_surface,modules,required_ungraded_blocker,https://youtu.be/US8p_qO4Or8
rq-00044,MTH-252-the-antiderivative-2-links-to-an-external-site,MTH-252,The antiderivative 2 Links to an external site.,module_required_item_not_found_in_grade_or_assignment_surface,modules,required_ungraded_blocker,https://youtu.be/0s4_ojV_HNY
rq-00045,MTH-252-the-antiderivative-trig-links-to-an-external-site,MTH-252,The antiderivative (trig) Links to an external site.,module_required_item_not_found_in_grade_or_assignment_surface,modules,required_ungraded_blocker,https://youtu.be/7TPVm_DwsYE
rq-00046,MTH-252-find-antiderivative-2-links-to-an-external-site,MTH-252,Find antiderivative 2 Links to an external site.,module_required_item_not_found_in_grade_or_assignment_surface,modules,required_ungraded_blocker,https://youtu.be/-_FJ1V5_Fcc
rq-00047,MTH-252-find-antiderivative-3-links-to-an-external-site,MTH-252,Find antiderivative 3 Links to an external site.,module_required_item_not_found_in_grade_or_assignment_surface,modules,required_ungraded_blocker,https://youtu.be/KM61G41NKGY
rq-00048,MTH-252-average-value-of-a-function-links-to-an-external-site,MTH-252,Average value of a function Links to an external site.,module_required_item_not_found_in_grade_or_assignment_surface,modules,required_ungraded_blocker,https://youtu.be/2ikYbP6DpzE
rq-00049,MTH-252-average-value-find-c-value-s-alta-specific-links-to-an-external-site,MTH-252,Average Value: Find C Value(s) (Alta Specific) Links to an external site.,module_required_item_not_found_in_grade_or_assignment_surface,modules,required_ungraded_blocker,https://youtu.be/20XiiJFlgd0
rq-00050,MTH-252-average-value-of-f-continued-links-to-an-external-site,MTH-252,Average value of f continued Links to an external site.,module_required_item_not_found_in_grade_or_assignment_surface,modules,required_ungraded_blocker,https://youtu.be/3BxBjhsoF6o
rq-00051,MTH-252-average-temperature-links-to-an-external-site,MTH-252,Average temperature Links to an external site.,module_required_item_not_found_in_grade_or_assignment_surface,modules,required_ungraded_blocker,https://youtu.be/ba7HOTlDBec
rq-00052,MTH-252-application-average-value-of-investment-links-to-an-external-site,MTH-252,Application: Average value of investment Links to an external site.,module_required_item_not_found_in_grade_or_assignment_surface,modules,required_ungraded_blocker,https://youtu.be/80fxxec6ihM
rq-00053,MTH-252-intro-net-change-theorem-links-to-an-external-site,MTH-252,Intro: Net change theorem Links to an external site.,module_required_item_not_found_in_grade_or_assignment_surface,modules,required_ungraded_blocker,https://youtu.be/EivFp4mscX4
rq-00054,MTH-252-net-change-in-population-links-to-an-external-site,MTH-252,Net change in population Links to an external site.,module_required_item_not_found_in_grade_or_assignment_surface,modules,required_ungraded_blocker,https://youtu.be/jX2MPRxtTwE
rq-00055,MTH-252-net-displacement-at-time-t-alta-specific-links-to-an-external-site,MTH-252,Net Displacement at Time t (Alta Specific) Links to an external site.,module_required_item_not_found_in_grade_or_assignment_surface,modules,required_ungraded_blocker,https://youtu.be/HLYafwRnYyk
rq-00056,MTH-252-area-under-the-curve-interpretation-velocity-links-to-an-external-site,MTH-252,"Area under the curve: Interpretation, velocity Links to an external site.",module_required_item_not_found_in_grade_or_assignment_surface,modules,required_ungraded_blocker,https://youtu.be/Z_OHgubPJKA
rq-00057,MTH-252-velocity-example-1-links-to-an-external-site,MTH-252,Velocity example 1 Links to an external site.,module_required_item_not_found_in_grade_or_assignment_surface,modules,required_ungraded_blocker,https://youtu.be/VS2CEu6qbUg
rq-00058,MTH-252-future-value-links-to-an-external-site,MTH-252,Future value Links to an external site.,module_required_item_not_found_in_grade_or_assignment_surface,modules,required_ungraded_blocker,https://youtu.be/rlyoHQn8eSY
rq-00059,MTH-252-integration-odd-even-functions-links-to-an-external-site,MTH-252,Integration: Odd/Even functions Links to an external site.,module_required_item_not_found_in_grade_or_assignment_surface,modules,required_ungraded_blocker,https://youtu.be/gxcZ80pWOx0
rq-00060,MTH-252-integration-odd-even-function-continued-links-to-an-external-site,MTH-252,Integration: Odd/Even function continued Links to an external site.,module_required_item_not_found_in_grade_or_assignment_surface,modules,required_ungraded_blocker,https://youtu.be/MKM_E81rFII
rq-00061,MTH-252-intro-substitution-links-to-an-external-site,MTH-252,Intro. Substitution Links to an external site.,module_required_item_not_found_in_grade_or_assignment_surface,modules,required_ungraded_blocker,https://youtu.be/568hUU4beuk
rq-00062,MTH-252-intro-substitution-continued-links-to-an-external-site,MTH-252,Intro. Substitution continued Links to an external site.,module_required_item_not_found_in_grade_or_assignment_surface,modules,required_ungraded_blocker,https://youtu.be/3MbdmYeYB_I
rq-00063,MTH-252-substitution-with-definite-integrals-links-to-an-external-site,MTH-252,Substitution with definite integrals Links to an external site.,module_required_item_not_found_in_grade_or_assignment_surface,modules,required_ungraded_blocker,https://youtu.be/emRDaSYCLMs
rq-00064,MTH-252-substitution-example-rational-function-links-to-an-external-site,MTH-252,Substitution example: Rational function Links to an external site.,module_required_item_not_found_in_grade_or_assignment_surface,modules,required_ungraded_blocker,https://youtu.be/hauyUjzRTos
rq-00065,MTH-252-substitution-example-exponential-links-to-an-external-site,MTH-252,Substitution example: Exponential Links to an external site.,module_required_item_not_found_in_grade_or_assignment_surface,modules,required_ungraded_blocker,https://youtu.be/YvrmGNyHs90
rq-00066,MTH-252-substitution-example-trig-links-to-an-external-site,MTH-252,Substitution example: Trig Links to an external site.,module_required_item_not_found_in_grade_or_assignment_surface,modules,required_ungraded_blocker,https://youtu.be/YvrmGNyHs90
rq-00067,MTH-252-substitution-inverse-trig-example-1-links-to-an-external-site,MTH-252,Substitution: Inverse trig example 1 Links to an external site.,module_required_item_not_found_in_grade_or_assignment_surface,modules,required_ungraded_blocker,https://youtu.be/J6MvP8SYVfo
rq-00068,MTH-252-substitution-inverse-trig-example-2-links-to-an-external-site,MTH-252,Substitution: Inverse trig example 2 Links to an external site.,module_required_item_not_found_in_grade_or_assignment_surface,modules,required_ungraded_blocker,https://youtu.be/ypoOeSJjp4k
rq-00069,MTH-252-substitution-example-logarithms-links-to-an-external-site,MTH-252,Substitution example: Logarithms Links to an external site.,module_required_item_not_found_in_grade_or_assignment_surface,modules,required_ungraded_blocker,https://youtu.be/FJHHQdQEecE
rq-00070,MTH-252-substitution-example-rational-function-with-logs-links-to-an-external-site,MTH-252,Substitution example: Rational function with logs Links to an external site.,module_required_item_not_found_in_grade_or_assignment_surface,modules,required_ungraded_blocker,https://youtu.be/VY5r1-9apdc
rq-00071,MTH-252-substitution-example-composed-exponential-with-trig-links-to-an-external-site,MTH-252,Substitution example: Composed exponential with trig Links to an external site.,module_required_item_not_found_in_grade_or_assignment_surface,modules,required_ungraded_blocker,https://youtu.be/zherIhRjLtM
rq-00072,MTH-252-substitution-with-indefinite-integral-links-to-an-external-site,MTH-252,Substitution with indefinite integral Links to an external site.,module_required_item_not_found_in_grade_or_assignment_surface,modules,required_ungraded_blocker,https://youtu.be/GQC0YcyEzto
rq-00073,MTH-252-example-problems-exponentials-links-to-an-external-site,MTH-252,Example problems: Exponentials Links to an external site.,module_required_item_not_found_in_grade_or_assignment_surface,modules,required_ungraded_blocker,https://youtu.be/D9dqdbCgJQM
rq-00074,MTH-252-integrating-exponentials-example-2-links-to-an-external-site,MTH-252,Integrating exponentials: example 2 Links to an external site.,module_required_item_not_found_in_grade_or_assignment_surface,modules,required_ungraded_blocker,https://youtu.be/DffQa5SyMSE
rq-00075,MTH-252-integrating-exponentials-example-3-links-to-an-external-site,MTH-252,Integrating exponentials: Example 3 Links to an external site.,module_required_item_not_found_in_grade_or_assignment_surface,modules,required_ungraded_blocker,https://youtu.be/BNSonfQqHA4
rq-00076,MTH-252-integrating-natural-log-alta-specific-links-to-an-external-site,MTH-252,Integrating Natural Log (Alta Specific) Links to an external site.,module_required_item_not_found_in_grade_or_assignment_surface,modules,required_ungraded_blocker,https://youtu.be/ZL3rzP04cGQ
rq-00077,MTH-252-intro-integration-by-parts-links-to-an-external-site,MTH-252,Intro. Integration by Parts Links to an external site.,module_required_item_not_found_in_grade_or_assignment_surface,modules,required_ungraded_blocker,https://youtu.be/xmFK_mG120k
rq-00078,MTH-252-intro-integration-by-parts-definite-integral-links-to-an-external-site,MTH-252,Intro. Integration by Parts: Definite integral Links to an external site.,module_required_item_not_found_in_grade_or_assignment_surface,modules,required_ungraded_blocker,https://youtu.be/aA15lSLSxgE
rq-00079,MTH-252-intro-indefinite-integral-continued-links-to-an-external-site,MTH-252,Intro. indefinite integral continued Links to an external site.,module_required_item_not_found_in_grade_or_assignment_surface,modules,required_ungraded_blocker,https://youtu.be/tP34NbvFbW4
rq-00080,MTH-252-intro-integration-by-parts-example-1-links-to-an-external-site,MTH-252,Intro. Integration by Parts example 1 Links to an external site.,module_required_item_not_found_in_grade_or_assignment_surface,modules,required_ungraded_blocker,https://youtu.be/815s-YB9X44
rq-00081,MTH-252-indefinite-integral-example-2-links-to-an-external-site,MTH-252,Indefinite integral: Example 2 Links to an external site.,module_required_item_not_found_in_grade_or_assignment_surface,modules,required_ungraded_blocker,https://youtu.be/sW7tMxXTM0A
rq-00082,MTH-252-indefinite-integral-example-3-links-to-an-external-site,MTH-252,Indefinite integral: Example 3 Links to an external site.,module_required_item_not_found_in_grade_or_assignment_surface,modules,required_ungraded_blocker,https://youtu.be/7YWWtQqcXBc
rq-00083,MTH-252-indefinite-integral-example-4-exponential-links-to-an-external-site,MTH-252,"Indefinite integral: Example 4, exponential Links to an external site.",module_required_item_not_found_in_grade_or_assignment_surface,modules,required_ungraded_blocker,https://youtu.be/7YWWtQqcXBc
rq-00084,MTH-252-indefinite-integral-log-links-to-an-external-site,MTH-252,Indefinite integral: log Links to an external site.,module_required_item_not_found_in_grade_or_assignment_surface,modules,required_ungraded_blocker,https://youtu.be/uieKq2dCWRY
rq-00085,MTH-252-indefinite-integral-trig-times-linear-links-to-an-external-site,MTH-252,Indefinite integral: Trig times linear Links to an external site.,module_required_item_not_found_in_grade_or_assignment_surface,modules,required_ungraded_blocker,https://youtu.be/uuzC16awVIo
rq-00086,MTH-252-indefinite-integral-exponential-ibp-twice,MTH-252,"Indefinite integral: Exponential, IBP twice",module_required_item_not_found_in_grade_or_assignment_surface,modules,required_ungraded_blocker,https://canvas.oregonstate.edu/courses/2080857/modules/items/26982730
rq-00087,MTH-252-indefinite-integral-exponential-and-trig-ibp-twice-and-solve-links-to-an-externa,MTH-252,"Indefinite integral: Exponential and trig, IBP twice and solve Links to an external site.",module_required_item_not_found_in_grade_or_assignment_surface,modules,required_ungraded_blocker,https://youtu.be/xuwt8YzF8To
rq-00088,MTH-252-intro-trigonometric-integrals-with-an-odd-power-links-to-an-external-site,MTH-252,Intro. Trigonometric integrals with an ODD power Links to an external site.,module_required_item_not_found_in_grade_or_assignment_surface,modules,required_ungraded_blocker,https://youtu.be/Sv-bSbAQeXc
rq-00089,MTH-252-trig-integrals-example-2-with-odd-power-links-to-an-external-site,MTH-252,Trig Integrals: Example 2 with ODD power Links to an external site.,module_required_item_not_found_in_grade_or_assignment_surface,modules,required_ungraded_blocker,https://youtu.be/vPnuigP8I6I
rq-00090,MTH-252-trig-integrals-example-3-with-odd-power-links-to-an-external-site,MTH-252,Trig Integrals: Example 3 with ODD power Links to an external site.,module_required_item_not_found_in_grade_or_assignment_surface,modules,required_ungraded_blocker,https://youtu.be/RIwKmPRtWFM
rq-00091,MTH-252-trig-integral-involving-secant-links-to-an-external-site,MTH-252,Trig integral involving secant Links to an external site.,module_required_item_not_found_in_grade_or_assignment_surface,modules,required_ungraded_blocker,https://youtu.be/laBBImqdyqk
rq-00092,MTH-252-trig-integrals-odd-power-of-tangent-links-to-an-external-site,MTH-252,Trig Integrals: ODD power of tangent Links to an external site.,module_required_item_not_found_in_grade_or_assignment_surface,modules,required_ungraded_blocker,https://youtu.be/RJ2rD54H_cA
rq-00093,MTH-252-trig-integrals-power-reducing-example-1-links-to-an-external-site,MTH-252,Trig Integrals: Power reducing example 1 Links to an external site.,module_required_item_not_found_in_grade_or_assignment_surface,modules,required_ungraded_blocker,https://youtu.be/heHZz041JSI
rq-00094,MTH-252-trig-integrals-all-even-exponents-links-to-an-external-site,MTH-252,Trig Integrals: All EVEN exponents Links to an external site.,module_required_item_not_found_in_grade_or_assignment_surface,modules,required_ungraded_blocker,https://youtu.be/rpbr2nH7lNY
rq-00095,MTH-252-intro-trig-substitution-1-links-to-an-external-site,MTH-252,Intro. Trig substitution 1 Links to an external site.,module_required_item_not_found_in_grade_or_assignment_surface,modules,required_ungraded_blocker,https://youtu.be/yS7Mgsvwdkw
rq-00096,MTH-252-intro-trigonometric-substitution-continued-links-to-an-external-site,MTH-252,Intro. Trigonometric Substitution continued Links to an external site.,module_required_item_not_found_in_grade_or_assignment_surface,modules,required_ungraded_blocker,https://youtu.be/cyi-qyG1Yds
rq-00097,MTH-252-intro-trig-substitution-2-links-to-an-external-site,MTH-252,Intro. Trig substitution 2 Links to an external site.,module_required_item_not_found_in_grade_or_assignment_surface,modules,required_ungraded_blocker,https://youtu.be/kSW4sEg_VdQ
rq-00098,MTH-252-trig-substitution-example-3-links-to-an-external-site,MTH-252,Trig substitution example 3 Links to an external site.,module_required_item_not_found_in_grade_or_assignment_surface,modules,required_ungraded_blocker,https://youtu.be/UHRmp07p9IA
rq-00099,MTH-252-trig-substitution-example-4-links-to-an-external-site,MTH-252,Trig substitution example 4 Links to an external site.,module_required_item_not_found_in_grade_or_assignment_surface,modules,required_ungraded_blocker,https://youtu.be/a-f63vZVuBQ
rq-00100,MTH-252-trig-substitution-example-5-links-to-an-external-site,MTH-252,Trig substitution example 5 Links to an external site.,module_required_item_not_found_in_grade_or_assignment_surface,modules,required_ungraded_blocker,https://youtu.be/jZa4FM6l6pM
rq-00101,MTH-252-trig-substitution-with-secant-links-to-an-external-site,MTH-252,Trig substitution with secant Links to an external site.,module_required_item_not_found_in_grade_or_assignment_surface,modules,required_ungraded_blocker,https://youtu.be/snUBWVMPWfQ
rq-00102,MTH-252-trig-substitution-with-definite-integral-links-to-an-external-site,MTH-252,Trig substitution with definite integral Links to an external site.,module_required_item_not_found_in_grade_or_assignment_surface,modules,required_ungraded_blocker,https://youtu.be/TMV5avDezeA
rq-00103,MTH-252-integration-using-long-division-links-to-an-external-site,MTH-252,Integration using long division Links to an external site.,module_required_item_not_found_in_grade_or_assignment_surface,modules,required_ungraded_blocker,https://youtu.be/JIIbmjyrIf8
rq-00104,MTH-252-intro-partial-fraction-decomposition-pfd-links-to-an-external-site,MTH-252,Intro. Partial fraction decomposition (PFD) Links to an external site.,module_required_item_not_found_in_grade_or_assignment_surface,modules,required_ungraded_blocker,https://youtu.be/c2oLHtPA03U
rq-00105,MTH-252-pfd-example-2-links-to-an-external-site,MTH-252,PFD example 2 Links to an external site.,module_required_item_not_found_in_grade_or_assignment_surface,modules,required_ungraded_blocker,https://youtu.be/SQ4l8yDlBVE
rq-00106,MTH-252-pfd-degree-2-3-links-to-an-external-site,MTH-252,PFD degree 2/3 Links to an external site.,module_required_item_not_found_in_grade_or_assignment_surface,modules,required_ungraded_blocker,https://youtu.be/04RSkBwVzK0
rq-00107,MTH-252-intro-integration-with-pfd-links-to-an-external-site,MTH-252,Intro. Integration with PFD Links to an external site.,module_required_item_not_found_in_grade_or_assignment_surface,modules,required_ungraded_blocker,https://youtu.be/AHNSE0ri3i0
rq-00108,MTH-252-integration-with-pfd-links-to-an-external-site,MTH-252,Integration with PFD Links to an external site.,module_required_item_not_found_in_grade_or_assignment_surface,modules,required_ungraded_blocker,https://youtu.be/PjsDXfQ8QwQ
rq-00109,MTH-252-integration-with-long-division-links-to-an-external-site,MTH-252,Integration with long division Links to an external site.,module_required_item_not_found_in_grade_or_assignment_surface,modules,required_ungraded_blocker,https://youtu.be/JIIbmjyrIf8
rq-00110,MTH-252-intro-area-between-curves-links-to-an-external-site,MTH-252,Intro. Area between curves Links to an external site.,module_required_item_not_found_in_grade_or_assignment_surface,modules,required_ungraded_blocker,https://youtu.be/de-0e0nYf5I
rq-00111,MTH-252-area-between-curves-2-links-to-an-external-site,MTH-252,Area between curves 2 Links to an external site.,module_required_item_not_found_in_grade_or_assignment_surface,modules,required_ungraded_blocker,https://youtu.be/E_1aDcOoDtE
rq-00112,MTH-252-area-between-curves-3-links-to-an-external-site,MTH-252,Area between curves 3 Links to an external site.,module_required_item_not_found_in_grade_or_assignment_surface,modules,required_ungraded_blocker,https://youtu.be/n2JqTztMrvQ
rq-00113,MTH-252-area-between-curves-4-links-to-an-external-site,MTH-252,Area between curves 4 Links to an external site.,module_required_item_not_found_in_grade_or_assignment_surface,modules,required_ungraded_blocker,https://youtu.be/BH-V6Gx2n8E
rq-00114,MTH-252-area-between-curves-respect-to-y-links-to-an-external-site,MTH-252,"Area between curves , respect to y Links to an external site.",module_required_item_not_found_in_grade_or_assignment_surface,modules,required_ungraded_blocker,https://youtu.be/fGvSy6U209Y
rq-00115,MTH-252-intro-volume-by-slicing-links-to-an-external-site,MTH-252,Intro. volume by slicing Links to an external site.,module_required_item_not_found_in_grade_or_assignment_surface,modules,required_ungraded_blocker,https://youtu.be/Q8c8Gs1OUgk
rq-00116,MTH-252-volume-by-slicing-2-links-to-an-external-site,MTH-252,Volume by slicing 2 Links to an external site.,module_required_item_not_found_in_grade_or_assignment_surface,modules,required_ungraded_blocker,https://youtu.be/BQ5sg21w-lA
rq-00117,MTH-252-disk-method-1-links-to-an-external-site,MTH-252,Disk method 1 Links to an external site.,module_required_item_not_found_in_grade_or_assignment_surface,modules,required_ungraded_blocker,https://youtu.be/1CbZlM09zF8
rq-00118,MTH-252-disk-method-2-links-to-an-external-site,MTH-252,Disk method 2 Links to an external site.,module_required_item_not_found_in_grade_or_assignment_surface,modules,required_ungraded_blocker,https://youtu.be/oYe4gkKQDE8
rq-00119,MTH-252-disk-method-3-links-to-an-external-site,MTH-252,Disk method 3 Links to an external site.,module_required_item_not_found_in_grade_or_assignment_surface,modules,required_ungraded_blocker,https://youtu.be/Ba_q-eu8n34
rq-00120,MTH-252-disc-method-around-y-1-links-to-an-external-site,MTH-252,Disc method around y=1 Links to an external site.,module_required_item_not_found_in_grade_or_assignment_surface,modules,required_ungraded_blocker,https://youtu.be/yTElv1k33rk
rq-00121,MTH-252-washer-method-1-links-to-an-external-site,MTH-252,Washer method 1 Links to an external site.,module_required_item_not_found_in_grade_or_assignment_surface,modules,required_ungraded_blocker,https://youtu.be/rbqWHbxmVUI
rq-00122,MTH-252-washer-method-2-around-y-3-links-to-an-external-site,MTH-252,"Washer method 2, around y=3 Links to an external site.",module_required_item_not_found_in_grade_or_assignment_surface,modules,required_ungraded_blocker,https://youtu.be/6zaqRVD90mY
rq-00123,MTH-252-washer-method-3-around-x-5-links-to-an-external-site,MTH-252,"Washer method 3, around x=5 Links to an external site.",module_required_item_not_found_in_grade_or_assignment_surface,modules,required_ungraded_blocker,https://youtu.be/2yd_Ae-7wls
rq-00124,MTH-252-intro-shell-method-links-to-an-external-site,MTH-252,Intro. shell method Links to an external site.,module_required_item_not_found_in_grade_or_assignment_surface,modules,required_ungraded_blocker,https://youtu.be/pCMkHkprN0I
rq-00125,MTH-252-shell-method-2-links-to-an-external-site,MTH-252,Shell method 2 Links to an external site.,module_required_item_not_found_in_grade_or_assignment_surface,modules,required_ungraded_blocker,https://youtu.be/3B2YQbEzshg
rq-00126,MTH-252-shell-method-3-links-to-an-external-site,MTH-252,Shell method 3 Links to an external site.,module_required_item_not_found_in_grade_or_assignment_surface,modules,required_ungraded_blocker,https://youtu.be/DHCWM-Pg_Yw
rq-00127,MTH-252-shell-method-4-around-y-axis-links-to-an-external-site,MTH-252,Shell method 4 around y-axis Links to an external site.,module_required_item_not_found_in_grade_or_assignment_surface,modules,required_ungraded_blocker,https://youtu.be/aW_3JoRHsPU
rq-00128,MTH-252-shell-method-around-x-4-links-to-an-external-site,MTH-252,Shell method around x=4 Links to an external site.,module_required_item_not_found_in_grade_or_assignment_surface,modules,required_ungraded_blocker,https://youtu.be/fAKmfe_5QWw
rq-00129,MTH-252-arc-length-1-links-to-an-external-site,MTH-252,Arc length 1 Links to an external site.,module_required_item_not_found_in_grade_or_assignment_surface,modules,required_ungraded_blocker,https://youtu.be/seoFxrNL85c
rq-00130,MTH-252-arc-length-1-continued-links-to-an-external-site,MTH-252,Arc length 1 continued Links to an external site.,module_required_item_not_found_in_grade_or_assignment_surface,modules,required_ungraded_blocker,https://youtu.be/NbnTw0opE_0
rq-00131,MTH-252-arc-length-2-links-to-an-external-site,MTH-252,Arc length 2 Links to an external site.,module_required_item_not_found_in_grade_or_assignment_surface,modules,required_ungraded_blocker,https://youtu.be/QttlclJGxJQ
rq-00132,MTH-252-arc-length-3-links-to-an-external-site,MTH-252,Arc length 3 Links to an external site.,module_required_item_not_found_in_grade_or_assignment_surface,modules,required_ungraded_blocker,https://youtu.be/cw76RZ_fsZI
rq-00133,MTH-252-arc-length-4-links-to-an-external-site,MTH-252,Arc length 4 Links to an external site.,module_required_item_not_found_in_grade_or_assignment_surface,modules,required_ungraded_blocker,https://youtu.be/0j227VZN0X8
rq-00134,MTH-252-work-spring-stretch-1-links-to-an-external-site,MTH-252,Work: Spring stretch 1 Links to an external site.,module_required_item_not_found_in_grade_or_assignment_surface,modules,required_ungraded_blocker,https://youtu.be/3_-7IJO6EVc
rq-00135,MTH-252-work-spring-stretch-2-links-to-an-external-site,MTH-252,Work: Spring stretch 2 Links to an external site.,module_required_item_not_found_in_grade_or_assignment_surface,modules,required_ungraded_blocker,https://youtu.be/Fd65ZxqpktE
rq-00136,MTH-252-work-lifting-leaking-bucket-links-to-an-external-site,MTH-252,Work: lifting leaking bucket Links to an external site.,module_required_item_not_found_in_grade_or_assignment_surface,modules,required_ungraded_blocker,https://youtu.be/YMaR5KJj2zQ
rq-00137,MTH-252-work-lifting-bucket-with-cable-mass-links-to-an-external-site,MTH-252,Work: Lifting bucket with cable mass Links to an external site.,module_required_item_not_found_in_grade_or_assignment_surface,modules,required_ungraded_blocker,https://youtu.be/pKZzfYIgq1Q
rq-00138,MTH-252-work-vertical-pumping-links-to-an-external-site,MTH-252,Work: Vertical pumping Links to an external site.,module_required_item_not_found_in_grade_or_assignment_surface,modules,required_ungraded_blocker,https://youtu.be/T7sma-7qQFA
rq-00139,MTH-252-work-vertical-pumping-isosceles-triangle-links-to-an-external-site,MTH-252,"Work: Vertical pumping, isosceles triangle Links to an external site.",module_required_item_not_found_in_grade_or_assignment_surface,modules,required_ungraded_blocker,https://youtu.be/1x-xMf4TFNM
rq-00140,MTH-252-work-vertical-pumping-quadratic-cross-sections-links-to-an-external-site,MTH-252,"Work: Vertical pumping, quadratic cross sections Links to an external site.",module_required_item_not_found_in_grade_or_assignment_surface,modules,required_ungraded_blocker,https://youtu.be/RPXnZl3przM
rq-00141,MTH-252-hydrostatic-force-horizontal-plate-links-to-an-external-site,MTH-252,Hydrostatic force: Horizontal plate Links to an external site.,module_required_item_not_found_in_grade_or_assignment_surface,modules,required_ungraded_blocker,https://youtu.be/zSyh3IzQMdc
rq-00142,MTH-252-hydrostatic-force-vertical-isosceles-triangle-links-to-an-external-site,MTH-252,Hydrostatic force: Vertical isosceles triangle Links to an external site.,module_required_item_not_found_in_grade_or_assignment_surface,modules,required_ungraded_blocker,https://youtu.be/7exmlrEbNXI
rq-00143,MTH-252-hydrostatic-force-semicircle-window-links-to-an-external-site,MTH-252,Hydrostatic force: Semicircle window Links to an external site.,module_required_item_not_found_in_grade_or_assignment_surface,modules,required_ungraded_blocker,https://youtu.be/Ntk9RpCCSeM
rq-00144,MTH-252-intro-improper-integrals-links-to-an-external-site,MTH-252,Intro. Improper integrals Links to an external site.,module_required_item_not_found_in_grade_or_assignment_surface,modules,required_ungraded_blocker,https://youtu.be/F19y9IiH-cM
rq-00145,MTH-252-improper-integrals-2-exponential-integrand-links-to-an-external-site,MTH-252,"Improper integrals 2, exponential integrand Links to an external site.",module_required_item_not_found_in_grade_or_assignment_surface,modules,required_ungraded_blocker,https://youtu.be/5Tz992fOYAA
rq-00146,MTH-252-improper-integral-3-exponential-integrand-links-to-an-external-site,MTH-252,"Improper integral 3, exponential integrand Links to an external site.",module_required_item_not_found_in_grade_or_assignment_surface,modules,required_ungraded_blocker,https://youtu.be/9O9Rd7JyKLo
rq-00147,MTH-252-improper-integral-4-rational-integrand-links-to-an-external-site,MTH-252,"Improper integral 4, rational integrand Links to an external site.",module_required_item_not_found_in_grade_or_assignment_surface,modules,required_ungraded_blocker,https://youtu.be/CvziF8rGSnw
rq-00148,MTH-252-improper-integral-5-rational-integrand-links-to-an-external-site,MTH-252,"Improper integral 5, rational integrand Links to an external site.",module_required_item_not_found_in_grade_or_assignment_surface,modules,required_ungraded_blocker,https://youtu.be/m2qnjmZQqa4
rq-00149,MTH-252-improper-integral-infinity-to-infinity-links-to-an-external-site,MTH-252,Improper integral: +infinity to -infinity Links to an external site.,module_required_item_not_found_in_grade_or_assignment_surface,modules,required_ungraded_blocker,https://youtu.be/qWMJpYajOww
rq-00150,MTH-252-improper-integral-discontinuous-integrand-1-links-to-an-external-site,MTH-252,Improper integral: Discontinuous integrand 1 Links to an external site.,module_required_item_not_found_in_grade_or_assignment_surface,modules,required_ungraded_blocker,https://youtu.be/KWQgBZStE6M
rq-00151,MTH-252-improper-integral-discontinuous-integrand-2-links-to-an-external-site,MTH-252,Improper integral: Discontinuous integrand 2 Links to an external site.,module_required_item_not_found_in_grade_or_assignment_surface,modules,required_ungraded_blocker,https://youtu.be/gN7I8LhKalQ
rq-00152,MTH-252-page-11,MTH-252,Page 11,unknown_importance,announcements,unknown,
rq-00153,MTH-252-page-22,MTH-252,Page 22,unknown_importance,announcements,unknown,
rq-00154,MTH-252-unit-1-we-introduce-riemann-sums-as-a-tool-to-approximate-area-by-summing-up-the,MTH-252,Unit 1 - We introduce Riemann sums as a tool to approximate area by summing up the area of rectangles.,unknown_importance,quizzes,unknown,
rq-00155,MTH-252-unit-2-we-study-the-fundamental-theorem-of-calculus-and-related-properties-which,MTH-252,"Unit 2 - We study the Fundamental Theorem of Calculus and related properties, which rely on ""undoing"" derivatives.",unknown_importance,quizzes,unknown,
rq-00156,MTH-252-unit-3-we-study-a-variety-of-problem-solving-techniques-in-order-to-apply-the-fu,MTH-252,Unit 3 - We study a variety of problem-solving techniques in order to apply the Fundamental Theorem of Calculus to more complex settings.,unknown_importance,quizzes,unknown,
rq-00157,MTH-252-unit-4-we-explore-various-graphical-applications,MTH-252,Unit 4 - We explore various graphical applications.,unknown_importance,quizzes,unknown,
rq-00158,MTH-252-unit-5-we-apply-our-techniques-to-solve-real-world-problems,MTH-252,Unit 5 - We apply our techniques to solve real-world problems.,unknown_importance,quizzes,unknown,
rq-00159,MTH-252-describe-the-definite-integral-as-a-limit-of-riemann-sums-and-illustrate-and-int,MTH-252,Describe the definite integral as a limit of Riemann sums and illustrate and interpret definite integrals as areas and signed areas.,unknown_importance,quizzes,unknown,
rq-00160,MTH-252-evaluate-integrals-using-basic-numerical-integration-rules,MTH-252,Evaluate integrals using basic numerical integration rules.,unknown_importance,quizzes,unknown,
rq-00161,MTH-252-apply-the-fundamental-theorem-of-calculus-to-evaluate-integrals-and-to-different,MTH-252,Apply the fundamental theorem of calculus to evaluate integrals and to differentiate integrals with respect to a limit of integration.,unknown_importance,quizzes,unknown,
rq-00162,MTH-252-use-integration-to-find-areas-and-volumes-of-regions-and-calculate-physical-quan,MTH-252,"Use integration to find areas and volumes of regions and calculate physical quantities such as total distance traveled, displacement, work, and volume.",unknown_importance,quizzes,unknown,
rq-00163,MTH-253-get-your-mth-253z-course-materials-access-code-ebook,MTH-253,Get your MTH 253Z Course Materials! (Access Code + Ebook),module_required_item_not_found_in_grade_or_assignment_surface,modules,required_ungraded_blocker,https://canvas.oregonstate.edu/courses/2053263/modules/items/26885521
rq-00164,MTH-253-4,MTH-253,4,module_required_item_not_found_in_grade_or_assignment_surface,modules,required_ungraded_blocker,
rq-00165,MTH-253-9,MTH-253,9,module_required_item_not_found_in_grade_or_assignment_surface,modules,required_ungraded_blocker,
rq-00166,MTH-253-11,MTH-253,11,module_required_item_not_found_in_grade_or_assignment_surface,modules,required_ungraded_blocker,
rq-00167,MTH-253-7,MTH-253,7,module_required_item_not_found_in_grade_or_assignment_surface,modules,required_ungraded_blocker,
rq-00168,MTH-253-reminder-no-unit-quiz-due-in-this-module-8,MTH-253,Reminder: No unit quiz due in this module. 8,module_required_item_not_found_in_grade_or_assignment_surface,modules,required_ungraded_blocker,
rq-00169,MTH-253-5,MTH-253,5,module_required_item_not_found_in_grade_or_assignment_surface,modules,required_ungraded_blocker,
rq-00170,MTH-253-no-quizzes-found,MTH-253,No quizzes found,unknown_importance,quizzes,unknown,
rq-00171,PHY-212-accessibility-statements-privacy-policies,PHY-212,Accessibility Statements & Privacy Policies,module_required_item_not_found_in_grade_or_assignment_surface,modules,required_ungraded_blocker,https://canvas.oregonstate.edu/courses/2053526/modules/items/26896933
rq-00172,PHY-212-sources-cited,PHY-212,Sources Cited,module_required_item_not_found_in_grade_or_assignment_surface,modules,required_ungraded_blocker,https://canvas.oregonstate.edu/courses/2053526/modules/items/26896934
rq-00173,PHY-212-general-information,PHY-212,General information,module_required_item_not_found_in_grade_or_assignment_surface,modules,required_ungraded_blocker,https://canvas.oregonstate.edu/courses/2053526/modules/items/26896936
rq-00174,PHY-212-announcements,PHY-212,Announcements,module_required_item_not_found_in_grade_or_assignment_surface,modules,required_ungraded_blocker,https://canvas.oregonstate.edu/courses/2053526/modules/items/26896939
rq-00175,PHY-212-course-webpages,PHY-212,Course webpages,module_required_item_not_found_in_grade_or_assignment_surface,modules,required_ungraded_blocker,https://canvas.oregonstate.edu/courses/2053526/modules/items/26896941
rq-00176,PHY-212-get-your-ph-211-course-materials,PHY-212,Get your PH 211 Course Materials!,module_required_item_not_found_in_grade_or_assignment_surface,modules,required_ungraded_blocker,https://canvas.oregonstate.edu/courses/2053526/modules/items/26992779
rq-00177,PHY-212-virtual-wormhole-getting-assistance,PHY-212,Virtual Wormhole - Getting assistance,module_required_item_not_found_in_grade_or_assignment_surface,modules,required_ungraded_blocker,https://canvas.oregonstate.edu/courses/2053526/modules/items/26896944
rq-00178,PHY-212-scanned-text-on-reserve-at-library,PHY-212,Scanned text on reserve at library,module_required_item_not_found_in_grade_or_assignment_surface,modules,required_ungraded_blocker,https://canvas.oregonstate.edu/courses/2053526/modules/items/26896945
rq-00179,PHY-212-gradescope,PHY-212,Gradescope,module_required_item_not_found_in_grade_or_assignment_surface,modules,required_ungraded_blocker,https://canvas.oregonstate.edu/courses/2053526/modules/items/26896946
rq-00180,PHY-212-proctorio-setup-and-troubleshooting,PHY-212,Proctorio setup and troubleshooting,module_required_item_not_found_in_grade_or_assignment_surface,modules,required_ungraded_blocker,https://canvas.oregonstate.edu/courses/2053526/modules/items/26896947
rq-00181,PHY-212-opt-out-of-lab,PHY-212,Opt-out of lab,module_required_item_not_found_in_grade_or_assignment_surface,modules,required_ungraded_blocker,https://canvas.oregonstate.edu/courses/2053526/modules/items/26896948
rq-00182,PHY-212-oer-physics-textbook,PHY-212,OER Physics textbook,module_required_item_not_found_in_grade_or_assignment_surface,modules,required_ungraded_blocker,https://canvas.oregonstate.edu/courses/2053526/modules/items/26896949
rq-00183,PHY-212-financial-resources-and-more,PHY-212,Financial resources and more,module_required_item_not_found_in_grade_or_assignment_surface,modules,required_ungraded_blocker,https://canvas.oregonstate.edu/courses/2053526/modules/items/26896952
rq-00184,PHY-212-academic-misconduct-scenarios,PHY-212,Academic Misconduct Scenarios,module_required_item_not_found_in_grade_or_assignment_surface,modules,required_ungraded_blocker,https://canvas.oregonstate.edu/courses/2053526/modules/items/26896953
rq-00185,PHY-212-scanned-text-on-reserve-at-the-library,PHY-212,Scanned text on reserve at the library,module_required_item_not_found_in_grade_or_assignment_surface,modules,required_ungraded_blocker,https://canvas.oregonstate.edu/courses/2053526/modules/items/26896954
rq-00186,PHY-212-help-getting-internet,PHY-212,Help getting internet,module_required_item_not_found_in_grade_or_assignment_surface,modules,required_ungraded_blocker,https://canvas.oregonstate.edu/courses/2053526/modules/items/26896955
rq-00187,PHY-212-scanning-resources,PHY-212,Scanning Resources,module_required_item_not_found_in_grade_or_assignment_surface,modules,required_ungraded_blocker,https://canvas.oregonstate.edu/courses/2053526/modules/items/26896956
rq-00188,PHY-212-lab-1-instructions,PHY-212,Lab 1 Instructions,module_required_item_not_found_in_grade_or_assignment_surface,modules,required_ungraded_blocker,https://canvas.oregonstate.edu/courses/2053526/modules/items/26896962
rq-00189,PHY-212-lab-supplies,PHY-212,Lab Supplies,module_required_item_not_found_in_grade_or_assignment_surface,modules,required_ungraded_blocker,https://canvas.oregonstate.edu/courses/2053526/modules/items/26896964
rq-00190,PHY-212-lab-2-instructions,PHY-212,Lab 2 Instructions,module_required_item_not_found_in_grade_or_assignment_surface,modules,required_ungraded_blocker,https://canvas.oregonstate.edu/courses/2053526/modules/items/26896965
rq-00191,PHY-212-module-1-motion-conclusion,PHY-212,Module 1 | Motion | Conclusion,module_required_item_not_found_in_grade_or_assignment_surface,modules,required_ungraded_blocker,https://canvas.oregonstate.edu/courses/2053526/modules/items/26896968
rq-00192,PHY-212-reply-to-topic,PHY-212,Reply To Topic,assignment_page_item_not_found_in_modules_or_grades,assignments,required_graded,
rq-00193,PHY-212-required-replies-4,PHY-212,Required Replies (4),assignment_page_item_not_found_in_modules_or_grades,assignments,required_graded,
rq-00194,,MTH-252,assignments redirected,surface_redirected_or_unavailable,assignments,unknown,https://canvas.oregonstate.edu/courses/2080857
rq-00195,,MTH-252,quizzes redirected,surface_redirected_or_unavailable,quizzes,unknown,https://canvas.oregonstate.edu/courses/2080857
rq-00196,,MTH-253,assignments redirected,surface_redirected_or_unavailable,assignments,unknown,https://canvas.oregonstate.edu/courses/2053263
rq-00197,,PHY-212,quizzes redirected,surface_redirected_or_unavailable,quizzes,unknown,https://canvas.oregonstate.edu/courses/2053526
