due_at,due,course_code,title,task_type,source_surfaces,hrefs,confidence
2026-06-26T14:00,Jun 26 at 2:00pm,PHY-212,M1-1asy,quiz,assignments|grades,https://canvas.oregonstate.edu/courses/2053526/assignments/10556950|https://canvas.oregonstate.edu/courses/2053526/assignments/10556950/submissions/6660414,0.88
2026-06-26T23:59,Jun 26 by 11:59pm,MTH-253,Unit 1 - Written Homework Assignment,assignment,grades|modules,https://canvas.oregonstate.edu/courses/2053263/modules/items/26885537|https://canvas.oregonstate.edu/courses/2053263/assignments/10553179/submissions/6660414,0.88
2026-06-27T14:00,Jun 27 at 2:00pm,PHY-212,M1-2asy,quiz,assignments|grades,https://canvas.oregonstate.edu/courses/2053526/assignments/10556986|https://canvas.oregonstate.edu/courses/2053526/assignments/10556986/submissions/6660414,0.88
2026-06-27T23:59,Jun 27 at 11:59pm,PHY-212,Lab 1 Report,assignment,assignments|grades,https://canvas.oregonstate.edu/courses/2053526/assignments/10557057|https://canvas.oregonstate.edu/courses/2053526/assignments/10557057/submissions/6660414,0.88
2026-06-27T23:59,Jun 27 at 11:59pm,PHY-212,Lab Partner Values Survey,quiz,assignments|grades|modules,https://canvas.oregonstate.edu/courses/2053526/modules/items/26896963|https://canvas.oregonstate.edu/courses/2053526/assignments/10557029|https://canvas.oregonstate.edu/courses/2053526/assignments/10557029/submissions/6660414,0.88
2026-06-28T23:59,Jun 28 by 11:59pm,MTH-253,Unit 1 Discussion Board - Submitted in Week 1 (Required),discussion,grades|modules,https://canvas.oregonstate.edu/courses/2053263/modules/items/26885532|https://canvas.oregonstate.edu/courses/2053263/assignments/10553178/submissions/6660414,0.88
2026-06-28T23:59,Jun 28 at 11:59pm,PHY-212,Hw 1 - Rotational Motion,quiz,assignments|grades,https://canvas.oregonstate.edu/courses/2053526/assignments/10556984|https://canvas.oregonstate.edu/courses/2053526/assignments/10556984/submissions/6660414,0.88
2026-06-29T10:00,Jun 29 at 10:00am,PHY-212,M1-3pre,quiz,assignments|grades,https://canvas.oregonstate.edu/courses/2053526/assignments/10556970|https://canvas.oregonstate.edu/courses/2053526/assignments/10556970/submissions/6660414,0.88
2026-06-29T23:59,Jun 29 by 11:59pm,MTH-252,Achieve - 1.1 Approximating Areas,assignment,grades|modules,https://canvas.oregonstate.edu/courses/2080857/modules/items/26982551|https://canvas.oregonstate.edu/courses/2080857/assignments/10586025/submissions/6660414,0.88
2026-06-29T23:59,Jun 29 by 11:59pm,MTH-252,Intro Reflect 1,assignment,grades|modules,https://canvas.oregonstate.edu/courses/2080857/modules/items/26982550|https://canvas.oregonstate.edu/courses/2080857/assignments/10586044/submissions/6660414,0.88
2026-06-29T23:59,Jun 29 by 11:59pm,MTH-252,Module 1 — Written Homework (WHW 1) 🕓 2 hours,assignment,grades|modules,https://canvas.oregonstate.edu/courses/2080857/modules/items/26982549|https://canvas.oregonstate.edu/courses/2080857/assignments/10586053/submissions/6660414,0.88
2026-06-29T23:59,Jun 29 by 11:59pm,MTH-252,Pre-Class Reading Quiz - 1.1 (RQ-1.1),quiz,grades|modules,https://canvas.oregonstate.edu/courses/2080857/modules/items/26982548|https://canvas.oregonstate.edu/courses/2080857/assignments/10586006/submissions/6660414,0.88
2026-06-29T23:59,Jun 29 by 11:59pm,MTH-253,"Week 1 Web Homework: Infinity and Limits, Indeterminates, Improper Integrals",assignment,grades|modules,https://canvas.oregonstate.edu/courses/2053263/modules/items/26977416|https://canvas.oregonstate.edu/courses/2053263/assignments/10584258/submissions/6660414,0.88
2026-06-29T23:59,Jun 29 at 11:59pm,PHY-212,Proctorio practice quiz (Remotely Proctored),quiz,assignments|grades|modules,https://canvas.oregonstate.edu/courses/2053526/modules/items/26896961|https://canvas.oregonstate.edu/courses/2053526/assignments/10557001|https://canvas.oregonstate.edu/courses/2053526/assignments/10557001/submissions/6660414,0.88
2026-06-30T10:00,Jun 30 at 10:00am,PHY-212,M1-4pre,quiz,assignments|grades,https://canvas.oregonstate.edu/courses/2053526/assignments/10556995|https://canvas.oregonstate.edu/courses/2053526/assignments/10556995/submissions/6660414,0.88
2026-06-30T22:30,Jun 30 by 10:30pm,MTH-253,Unit 1 Quiz,quiz,grades|modules|quizzes,https://canvas.oregonstate.edu/courses/2053263/modules/items/26885539|https://canvas.oregonstate.edu/courses/2053263/assignments/10553174/submissions/6660414|https://canvas.oregonstate.edu/courses/2053263/quizzes/3159593,0.88
2026-07-01T10:00,Jul 1 at 10:00am,PHY-212,M1-5pre,quiz,assignments|grades,https://canvas.oregonstate.edu/courses/2053526/assignments/10556971|https://canvas.oregonstate.edu/courses/2053526/assignments/10556971/submissions/6660414,0.88
2026-07-02T23:59,Jul 2 by 11:59pm,MTH-252,Module 1 — Discussion Reflection: WHW 1 🕓 0.25 hour,discussion,grades|modules,https://canvas.oregonstate.edu/courses/2080857/modules/items/26982552|https://canvas.oregonstate.edu/courses/2080857/assignments/10586023/submissions/6660414,0.88
2026-07-04T10:00,Jul 4 at 10:00am,PHY-212,M2-1pre,assignment,assignments|grades,https://canvas.oregonstate.edu/courses/2053526/assignments/10557070|https://canvas.oregonstate.edu/courses/2053526/assignments/10557070/submissions/6660414,0.88
2026-07-04T23:59,Jul 4 at 11:59pm,PHY-212,Lab Collaboration Contract,quiz,assignments|grades|modules,https://canvas.oregonstate.edu/courses/2053526/modules/items/26942495|https://canvas.oregonstate.edu/courses/2053526/assignments/10556974|https://canvas.oregonstate.edu/courses/2053526/assignments/10556974/submissions/6660414,0.88
2026-07-06T23:59,Jul 6 by 11:59pm,MTH-252,Achieve - 1.2 The Definite Integral,assignment,grades|modules,https://canvas.oregonstate.edu/courses/2080857/modules/items/26982560|https://canvas.oregonstate.edu/courses/2080857/assignments/10586026/submissions/6660414,0.88
2026-07-06T23:59,Jul 6 by 11:59pm,MTH-252,Module 2 — Written Homework (WHW 2) 🕓 3 hours,assignment,grades|modules,https://canvas.oregonstate.edu/courses/2080857/modules/items/26982558|https://canvas.oregonstate.edu/courses/2080857/assignments/10586055/submissions/6660414,0.88
2026-07-06T23:59,Jul 6 by 11:59pm,MTH-252,Pre-Class Reading Quiz - 1.2 (RQ-1.2),quiz,grades|modules,https://canvas.oregonstate.edu/courses/2080857/modules/items/26982557|https://canvas.oregonstate.edu/courses/2080857/assignments/10586005/submissions/6660414,0.88
2026-07-06T23:59,Jul 6 by 11:59pm,MTH-252,Reflection 2,assignment,grades|modules,https://canvas.oregonstate.edu/courses/2080857/modules/items/26982559|https://canvas.oregonstate.edu/courses/2080857/assignments/10586063/submissions/6660414,0.88
2026-07-06T23:59,Jul 6 by 11:59pm,MTH-253,Week 2 Web Homework: Sequences,assignment,grades|modules,https://canvas.oregonstate.edu/courses/2053263/modules/items/26977767|https://canvas.oregonstate.edu/courses/2053263/assignments/10584372/submissions/6660414,0.88
2026-07-09T23:59,Jul 9 by 11:59pm,MTH-252,Mini-Exam 1 - Tues - Thur --> No Calculators,exam,grades|modules,https://canvas.oregonstate.edu/courses/2080857/modules/items/26982562|https://canvas.oregonstate.edu/courses/2080857/assignments/10586045/submissions/6660414,0.88
2026-07-09T23:59,Jul 9 by 11:59pm,MTH-253,Unit 2 - Written Homework Assignment,assignment,grades|modules,https://canvas.oregonstate.edu/courses/2053263/modules/items/26885550|https://canvas.oregonstate.edu/courses/2053263/assignments/10553180/submissions/6660414,0.88
2026-07-10T23:59,Jul 10 by 11:59pm,MTH-252,Module 2 — Discussion Reflection 🕓 0.5 hour,discussion,grades|modules,https://canvas.oregonstate.edu/courses/2080857/modules/items/26982561|https://canvas.oregonstate.edu/courses/2080857/assignments/10586022/submissions/6660414,0.88
2026-07-12T23:59,Jul 12 by 11:59pm,MTH-253,Week 3 Web Homework: Introduction to Series,assignment,grades|modules,https://canvas.oregonstate.edu/courses/2053263/modules/items/26977769|https://canvas.oregonstate.edu/courses/2053263/assignments/10584373/submissions/6660414,0.88
2026-07-13T22:30,Jul 13 by 10:30pm,MTH-253,Unit 2 Quiz,quiz,grades|modules|quizzes,https://canvas.oregonstate.edu/courses/2053263/modules/items/26885552|https://canvas.oregonstate.edu/courses/2053263/assignments/10553173/submissions/6660414|https://canvas.oregonstate.edu/courses/2053263/quizzes/3159592,0.88
2026-07-13T23:59,Jul 13 by 11:59pm,MTH-252,Achieve - 1.3 The Fundamental Theorem of Calculus,assignment,grades|modules,https://canvas.oregonstate.edu/courses/2080857/modules/items/26982569|https://canvas.oregonstate.edu/courses/2080857/assignments/10586027/submissions/6660414,0.88
2026-07-13T23:59,Jul 13 by 11:59pm,MTH-252,Achieve - 4.10 Antiderivatives,assignment,grades|modules,https://canvas.oregonstate.edu/courses/2080857/modules/items/26982570|https://canvas.oregonstate.edu/courses/2080857/assignments/10586042/submissions/6660414,0.88
2026-07-13T23:59,Jul 13 by 11:59pm,MTH-252,Module 3 — Written Homework (WHW 3) 🕓 3 hours,assignment,grades|modules,https://canvas.oregonstate.edu/courses/2080857/modules/items/26982568|https://canvas.oregonstate.edu/courses/2080857/assignments/10586056/submissions/6660414,0.88
2026-07-13T23:59,Jul 13 by 11:59pm,MTH-252,Pre-Class Reading Quiz - 1.3 (RQ-1.3),quiz,grades|modules,https://canvas.oregonstate.edu/courses/2080857/modules/items/26982567|https://canvas.oregonstate.edu/courses/2080857/assignments/10586002/submissions/6660414,0.88
2026-07-14T23:59,Jul 14 by 11:59pm,MTH-252,Module 3 — Discussion Reflection: Mini-Exam 1 🕓 0.5 hour,exam,grades|modules,https://canvas.oregonstate.edu/courses/2080857/modules/items/26982571|https://canvas.oregonstate.edu/courses/2080857/assignments/10586021/submissions/6660414,0.88
2026-07-19T23:59,Jul 19 by 11:59pm,MTH-253,Week 4 Web Homework: The Divergence and Integral Tests,assignment,grades|modules,https://canvas.oregonstate.edu/courses/2053263/modules/items/26977967|https://canvas.oregonstate.edu/courses/2053263/assignments/10584431/submissions/6660414,0.88
2026-07-20T23:59,Jul 20 by 11:59pm,MTH-252,Achieve - 1.4 Integration Formulas and the Net Change Theorem,assignment,grades|modules,https://canvas.oregonstate.edu/courses/2080857/modules/items/26982581|https://canvas.oregonstate.edu/courses/2080857/assignments/10586028/submissions/6660414,0.88
2026-07-20T23:59,Jul 20 by 11:59pm,MTH-252,Achieve - 1.5 Substitution,assignment,grades|modules,https://canvas.oregonstate.edu/courses/2080857/modules/items/26982582|https://canvas.oregonstate.edu/courses/2080857/assignments/10586029/submissions/6660414,0.88
2026-07-20T23:59,Jul 20 by 11:59pm,MTH-252,Achieve - 1.6 Integrals Involving Exponential and Logarithmic Functions,assignment,grades|modules,https://canvas.oregonstate.edu/courses/2080857/modules/items/26982583|https://canvas.oregonstate.edu/courses/2080857/assignments/10586030/submissions/6660414,0.88
2026-07-20T23:59,Jul 20 by 11:59pm,MTH-252,Module 4 — Written Homework (WHW 4) 🕓 3 hours,assignment,grades|modules,https://canvas.oregonstate.edu/courses/2080857/modules/items/26982580|https://canvas.oregonstate.edu/courses/2080857/assignments/10586057/submissions/6660414,0.88
2026-07-20T23:59,Jul 20 by 11:59pm,MTH-252,RQ-1.4,quiz,grades|modules,https://canvas.oregonstate.edu/courses/2080857/modules/items/26982577|https://canvas.oregonstate.edu/courses/2080857/assignments/10586010/submissions/6660414,0.88
2026-07-20T23:59,Jul 20 by 11:59pm,MTH-252,RQ-1.5,quiz,grades|modules,https://canvas.oregonstate.edu/courses/2080857/modules/items/26982578|https://canvas.oregonstate.edu/courses/2080857/assignments/10586008/submissions/6660414,0.88
2026-07-20T23:59,Jul 20 by 11:59pm,MTH-252,RQ-1.6,quiz,grades|modules,https://canvas.oregonstate.edu/courses/2080857/modules/items/26982579|https://canvas.oregonstate.edu/courses/2080857/assignments/10586001/submissions/6660414,0.88
2026-07-23T23:59,Jul 23 by 11:59pm,MTH-252,Mini-Exam 2 --> No Calculators on this Exam,exam,grades|modules,https://canvas.oregonstate.edu/courses/2080857/modules/items/26982585|https://canvas.oregonstate.edu/courses/2080857/assignments/10586048/submissions/6660414,0.88
2026-07-24T23:59,Jul 24 by 11:59pm,MTH-252,Module 4 — Discussion Reflection: WHW 4 🕓 0.5 hour,discussion,grades|modules,https://canvas.oregonstate.edu/courses/2080857/modules/items/26982584|https://canvas.oregonstate.edu/courses/2080857/assignments/10586020/submissions/6660414,0.88
2026-07-26T23:59,Jul 26 by 11:59pm,MTH-253,Week 5 Web Homework: Comparison and Alternate Series Tests,assignment,grades|modules,https://canvas.oregonstate.edu/courses/2053263/modules/items/26977977|https://canvas.oregonstate.edu/courses/2053263/assignments/10584434/submissions/6660414,0.88
2026-07-27T23:59,Jul 27 by 11:59pm,MTH-252,Achieve - 3.1 Integration by Parts,assignment,grades|modules,https://canvas.oregonstate.edu/courses/2080857/modules/items/26982595|https://canvas.oregonstate.edu/courses/2080857/assignments/10586037/submissions/6660414,0.88
2026-07-27T23:59,Jul 27 by 11:59pm,MTH-252,Achieve - 3.2 Trigonometric Integrals,assignment,grades|modules,https://canvas.oregonstate.edu/courses/2080857/modules/items/26982596|https://canvas.oregonstate.edu/courses/2080857/assignments/10586038/submissions/6660414,0.88
2026-07-27T23:59,Jul 27 by 11:59pm,MTH-252,Module 5 — Written Homework (WHW 5) 🕓 3 hours,assignment,grades|modules,https://canvas.oregonstate.edu/courses/2080857/modules/items/26982594|https://canvas.oregonstate.edu/courses/2080857/assignments/10586058/submissions/6660414,0.88
2026-07-27T23:59,Jul 27 by 11:59pm,MTH-252,RQ-3.1,quiz,grades|modules,https://canvas.oregonstate.edu/courses/2080857/modules/items/26982591|https://canvas.oregonstate.edu/courses/2080857/assignments/10586007/submissions/6660414,0.88
2026-07-27T23:59,Jul 27 by 11:59pm,MTH-252,RQ-3.2,quiz,grades|modules,https://canvas.oregonstate.edu/courses/2080857/modules/items/26982592|https://canvas.oregonstate.edu/courses/2080857/assignments/10586013/submissions/6660414,0.88
2026-07-28T23:59,Jul 28 by 11:59pm,MTH-252,Module 5 — Discussion Reflection: Mini-Exam 2 🕓 0.5 hour,exam,grades|modules,https://canvas.oregonstate.edu/courses/2080857/modules/items/26982593|https://canvas.oregonstate.edu/courses/2080857/assignments/10586019/submissions/6660414,0.88
2026-07-28T23:59,Jul 28 by 11:59pm,MTH-253,Unit 3 Discussion Board - Submitted in Week 6 (Required),discussion,grades|modules,https://canvas.oregonstate.edu/courses/2053263/modules/items/26885558|https://canvas.oregonstate.edu/courses/2053263/assignments/10553177/submissions/6660414,0.88
2026-07-30T23:59,Jul 30 by 11:59pm,MTH-253,Unit 3 - Written Homework Assignment,assignment,grades|modules,https://canvas.oregonstate.edu/courses/2053263/modules/items/26885565|https://canvas.oregonstate.edu/courses/2053263/assignments/10553181/submissions/6660414,0.88
2026-08-02T23:59,Aug 2 by 11:59pm,MTH-253,Week 6 Web Homework: Ratio and Root Tests,assignment,grades|modules,https://canvas.oregonstate.edu/courses/2053263/modules/items/26977980|https://canvas.oregonstate.edu/courses/2053263/assignments/10584435/submissions/6660414,0.88
2026-08-03T22:30,Aug 3 by 10:30pm,MTH-253,Unit 3 Quiz,quiz,grades|modules|quizzes,https://canvas.oregonstate.edu/courses/2053263/modules/items/26885567|https://canvas.oregonstate.edu/courses/2053263/assignments/10553170/submissions/6660414|https://canvas.oregonstate.edu/courses/2053263/quizzes/3159589,0.88
2026-08-03T23:59,Aug 3 by 11:59pm,MTH-252,Achieve - 3.3 Trigonometric Substitution,assignment,grades|modules,https://canvas.oregonstate.edu/courses/2080857/modules/items/26982605|https://canvas.oregonstate.edu/courses/2080857/assignments/10586039/submissions/6660414,0.88
2026-08-03T23:59,Aug 3 by 11:59pm,MTH-252,Achieve - 3.4 Partial Fractions,assignment,grades|modules,https://canvas.oregonstate.edu/courses/2080857/modules/items/26982606|https://canvas.oregonstate.edu/courses/2080857/assignments/10586040/submissions/6660414,0.88
2026-08-03T23:59,Aug 3 by 11:59pm,MTH-252,Module 6 — Written Homework (WHW 6) 🕓 3 hours,assignment,grades|modules,https://canvas.oregonstate.edu/courses/2080857/modules/items/26982603|https://canvas.oregonstate.edu/courses/2080857/assignments/10586059/submissions/6660414,0.88
2026-08-03T23:59,Aug 3 by 11:59pm,MTH-252,RQ-3.3,quiz,grades|modules,https://canvas.oregonstate.edu/courses/2080857/modules/items/26982602|https://canvas.oregonstate.edu/courses/2080857/assignments/10586003/submissions/6660414,0.88
2026-08-06T23:59,Aug 6 by 11:59pm,MTH-252,Mini-Exam 3 --> Tuesday to Thursday,exam,grades|modules,https://canvas.oregonstate.edu/courses/2080857/modules/items/26982607|https://canvas.oregonstate.edu/courses/2080857/assignments/10586050/submissions/6660414,0.88
2026-08-07T23:59,Aug 7 by 11:59pm,MTH-252,Module 6 — Discussion Reflection: WHW 6 🕓 0.5 hour,discussion,grades|modules,https://canvas.oregonstate.edu/courses/2080857/modules/items/26982604|https://canvas.oregonstate.edu/courses/2080857/assignments/10586018/submissions/6660414,0.88
2026-08-09T23:59,Aug 9 by 11:59pm,MTH-253,Week 7 Web Homework: Power Series and Functions,assignment,grades|modules,https://canvas.oregonstate.edu/courses/2053263/modules/items/26977982|https://canvas.oregonstate.edu/courses/2053263/assignments/10584436/submissions/6660414,0.88
2026-08-10T23:59,Aug 10 by 11:59pm,MTH-252,Achieve - 2.1 Areas between Curves,assignment,grades|modules,https://canvas.oregonstate.edu/courses/2080857/modules/items/26982615|https://canvas.oregonstate.edu/courses/2080857/assignments/10586031/submissions/6660414,0.88
2026-08-10T23:59,Aug 10 by 11:59pm,MTH-252,Achieve - 2.2 Volumes by Slicing and Disc/Washer Method,assignment,grades|modules,https://canvas.oregonstate.edu/courses/2080857/modules/items/26982616|https://canvas.oregonstate.edu/courses/2080857/assignments/10586032/submissions/6660414,0.88
2026-08-10T23:59,Aug 10 by 11:59pm,MTH-252,Module 7 — Written Homework (WHW 7) 🕓 3 hours,assignment,grades|modules,https://canvas.oregonstate.edu/courses/2080857/modules/items/26982617|https://canvas.oregonstate.edu/courses/2080857/assignments/10586060/submissions/6660414,0.88
2026-08-10T23:59,Aug 10 by 11:59pm,MTH-252,RQ-2.1,quiz,grades|modules,https://canvas.oregonstate.edu/courses/2080857/modules/items/26982613|https://canvas.oregonstate.edu/courses/2080857/assignments/10586012/submissions/6660414,0.88
2026-08-10T23:59,Aug 10 by 11:59pm,MTH-252,RQ-2.2,quiz,grades|modules,https://canvas.oregonstate.edu/courses/2080857/modules/items/26982614|https://canvas.oregonstate.edu/courses/2080857/assignments/10586000/submissions/6660414,0.88
2026-08-11T23:59,Aug 11 by 11:59pm,MTH-252,Module 7 — Discussion Reflection: Mini-Exam 3 🕓 0.5 hour,exam,grades|modules,https://canvas.oregonstate.edu/courses/2080857/modules/items/26982618|https://canvas.oregonstate.edu/courses/2080857/assignments/10586017/submissions/6660414,0.88
2026-08-16T23:59,Aug 16 by 11:59pm,MTH-253,Week 8 Web Homework Taylor and Maclaurin Series,assignment,grades|modules,https://canvas.oregonstate.edu/courses/2053263/modules/items/26977985|https://canvas.oregonstate.edu/courses/2053263/assignments/10584437/submissions/6660414,0.88
2026-08-17T23:59,Aug 17 by 11:59pm,MTH-252,Acheive - 2.4 Arc Length of a Curve (NO Surface Area),assignment,grades|modules,https://canvas.oregonstate.edu/courses/2080857/modules/items/26982629|https://canvas.oregonstate.edu/courses/2080857/assignments/10586024/submissions/6660414,0.88
2026-08-17T23:59,Aug 17 by 11:59pm,MTH-252,Achieve - 2.3 Volumes of Revolution: Cylindrical Shells,assignment,grades|modules,https://canvas.oregonstate.edu/courses/2080857/modules/items/26982628|https://canvas.oregonstate.edu/courses/2080857/assignments/10586033/submissions/6660414,0.88
2026-08-17T23:59,Aug 17 by 11:59pm,MTH-252,Module 8 — Written Homework (WHW 8) 🕓 3 hours,assignment,grades|modules,https://canvas.oregonstate.edu/courses/2080857/modules/items/26982626|https://canvas.oregonstate.edu/courses/2080857/assignments/10586061/submissions/6660414,0.88
2026-08-17T23:59,Aug 17 by 11:59pm,MTH-252,RQ-2.3,quiz,grades|modules,https://canvas.oregonstate.edu/courses/2080857/modules/items/26982624|https://canvas.oregonstate.edu/courses/2080857/assignments/10586011/submissions/6660414,0.88
2026-08-17T23:59,Aug 17 by 11:59pm,MTH-252,RQ-2.4,quiz,grades|modules,https://canvas.oregonstate.edu/courses/2080857/modules/items/26982625|https://canvas.oregonstate.edu/courses/2080857/assignments/10586009/submissions/6660414,0.88
2026-08-18T23:59,Aug 18 by 11:59pm,MTH-253,Unit 4 Discussion Board - Submitted in Week 9 (Required),discussion,grades|modules,https://canvas.oregonstate.edu/courses/2053263/modules/items/26885573|https://canvas.oregonstate.edu/courses/2053263/assignments/10553176/submissions/6660414,0.88
2026-08-20T23:59,Aug 20 by 11:59pm,MTH-252,Mini-Exam 4 --> Tuesday to Thursday,exam,grades|modules,https://canvas.oregonstate.edu/courses/2080857/modules/items/26982630|https://canvas.oregonstate.edu/courses/2080857/assignments/10586052/submissions/6660414,0.88
2026-08-20T23:59,Aug 20 by 11:59pm,MTH-253,Unit 4 - Written Homework Assignment,assignment,grades|modules,https://canvas.oregonstate.edu/courses/2053263/modules/items/26885580|https://canvas.oregonstate.edu/courses/2053263/assignments/10553182/submissions/6660414,0.88
2026-08-22T23:59,Aug 22 by 11:59pm,MTH-252,Module 8 — Discussion Reflection: WHW 8 🕓 0.5 hour,discussion,grades|modules,https://canvas.oregonstate.edu/courses/2080857/modules/items/26982627|https://canvas.oregonstate.edu/courses/2080857/assignments/10586016/submissions/6660414,0.88
2026-08-23T23:59,Aug 23 by 11:59pm,MTH-253,Week 9 Web Homework: Properties of Power Series,assignment,grades|modules,https://canvas.oregonstate.edu/courses/2053263/modules/items/26977987|https://canvas.oregonstate.edu/courses/2053263/assignments/10584438/submissions/6660414,0.88
2026-08-24T22:30,Aug 24 by 10:30pm,MTH-253,Unit 4 Quiz,quiz,grades|modules|quizzes,https://canvas.oregonstate.edu/courses/2053263/modules/items/26885582|https://canvas.oregonstate.edu/courses/2053263/assignments/10553171/submissions/6660414|https://canvas.oregonstate.edu/courses/2053263/quizzes/3159590,0.88
2026-08-24T23:59,Aug 24 by 11:59pm,MTH-252,Achieve - 2.5 - 1 Physical Applications,assignment,grades|modules,https://canvas.oregonstate.edu/courses/2080857/modules/items/26982638|https://canvas.oregonstate.edu/courses/2080857/assignments/10586034/submissions/6660414,0.88
2026-08-24T23:59,Aug 24 by 11:59pm,MTH-252,Achieve - 2.5 - 2 Physical Applications,assignment,grades|modules,https://canvas.oregonstate.edu/courses/2080857/modules/items/26982639|https://canvas.oregonstate.edu/courses/2080857/assignments/10586036/submissions/6660414,0.88
2026-08-24T23:59,Aug 24 by 11:59pm,MTH-252,Module 9 — Written Homework (WHW 9) 🕓 3 hours,assignment,grades|modules,https://canvas.oregonstate.edu/courses/2080857/modules/items/26982636|https://canvas.oregonstate.edu/courses/2080857/assignments/10586062/submissions/6660414,0.88
2026-08-24T23:59,Aug 24 by 11:59pm,MTH-252,RQ-2.5,quiz,grades|modules,https://canvas.oregonstate.edu/courses/2080857/modules/items/26982635|https://canvas.oregonstate.edu/courses/2080857/assignments/10586014/submissions/6660414,0.88
2026-08-27T23:59,Aug 27 by 11:59pm,MTH-253,Unit 5 - Written Homework Assignment,assignment,grades|modules,https://canvas.oregonstate.edu/courses/2053263/modules/items/26885592|https://canvas.oregonstate.edu/courses/2053263/assignments/10553183/submissions/6660414,0.88
2026-08-29T23:59,Aug 29 by 11:59pm,MTH-252,Module 9 — Discussion Reflection: Final and Exam Prep 🕓 0.5 hour,exam,grades|modules,https://canvas.oregonstate.edu/courses/2080857/modules/items/26982637|https://canvas.oregonstate.edu/courses/2080857/assignments/10586015/submissions/6660414,0.88
2026-08-30T23:59,Aug 30 by 11:59pm,MTH-253,Week 10 Web Homework: Working with Taylor Series,assignment,grades|modules,https://canvas.oregonstate.edu/courses/2053263/modules/items/26977989|https://canvas.oregonstate.edu/courses/2053263/assignments/10584439/submissions/6660414,0.88
2026-08-31T23:59,Aug 31 by 11:59pm,MTH-252,Achieve - 3.7 Improper Integrals,assignment,grades|modules,https://canvas.oregonstate.edu/courses/2080857/modules/items/26982648|https://canvas.oregonstate.edu/courses/2080857/assignments/10586041/submissions/6660414,0.88
2026-08-31T23:59,Aug 31 by 11:59pm,MTH-252,Module 10 — Written Homework (WHW 10) 🕓 3 hours,assignment,grades|modules,https://canvas.oregonstate.edu/courses/2080857/modules/items/26982649|https://canvas.oregonstate.edu/courses/2080857/assignments/10586054/submissions/6660414,0.88
2026-08-31T23:59,Aug 31 by 11:59pm,MTH-252,RQ-3.7,quiz,grades|modules,https://canvas.oregonstate.edu/courses/2080857/modules/items/26982646|https://canvas.oregonstate.edu/courses/2080857/assignments/10586004/submissions/6660414,0.88
2026-08-31T23:59,Aug 31 by 11:59pm,MTH-252,Reflection 3,assignment,grades|modules,https://canvas.oregonstate.edu/courses/2080857/modules/items/26982647|https://canvas.oregonstate.edu/courses/2080857/assignments/10586064/submissions/6660414,0.88
2026-09-01T22:30,Sep 1 by 10:30pm,MTH-253,Final Exam,quiz,grades|modules|quizzes,https://canvas.oregonstate.edu/courses/2053263/modules/items/26885601|https://canvas.oregonstate.edu/courses/2053263/assignments/10553169/submissions/6660414|https://canvas.oregonstate.edu/courses/2053263/quizzes/3159588,0.88
2026-09-02T23:59,Sep 2 by 11:59pm,MTH-252,Final Mini-Exam 5 --> Monday to Wednesday,exam,grades|modules,https://canvas.oregonstate.edu/courses/2080857/modules/items/26982652|https://canvas.oregonstate.edu/courses/2080857/assignments/10586043/submissions/6660414,0.88
2026-09-02T23:59,Sep 2 by 11:59pm,MTH-252,Mini-Exam 1 - Retake,exam,grades|modules,https://canvas.oregonstate.edu/courses/2080857/modules/items/26982653|https://canvas.oregonstate.edu/courses/2080857/assignments/10586046/submissions/6660414,0.88
2026-09-02T23:59,Sep 2 by 11:59pm,MTH-252,Mini-Exam 2 - Retake,exam,grades|modules,https://canvas.oregonstate.edu/courses/2080857/modules/items/26982654|https://canvas.oregonstate.edu/courses/2080857/assignments/10586047/submissions/6660414,0.88
2026-09-02T23:59,Sep 2 by 11:59pm,MTH-252,Mini-Exam 3 - Retake,exam,grades|modules,https://canvas.oregonstate.edu/courses/2080857/modules/items/26982655|https://canvas.oregonstate.edu/courses/2080857/assignments/10586049/submissions/6660414,0.88
2026-09-02T23:59,Sep 2 by 11:59pm,MTH-252,Mini-Exam 4 - Retake,exam,grades|modules,https://canvas.oregonstate.edu/courses/2080857/modules/items/26982656|https://canvas.oregonstate.edu/courses/2080857/assignments/10586051/submissions/6660414,0.88
