course,topic,requires
MF2,14,1318
MF2,14,2240
MF2,28,726
MF2,28,818
MF3,29,297
MF3,29,328
MF3,29,861
MF2,30,1474
MF2,30,1475
MF2,31,134
MF2,31,137
MF2,31,735
MF2,32,14
MF2,32,1224
MF2,33,31
MF2,33,371
MF2,34,157
MF2,34,459
MF2,35,380
MF2,35,812
MF2,37,589
MF2,37,1246
MF2,37,2607
MF1,38,40
MF1,38,65
MF1,38,387
MF1,40,1412
MF2,43,278
MF2,43,308
MF2,45,2558
MF3,57,987
MF3,57,1115
MF3,57,3739
MF1,64,2561
MF1,64,3721
MF1,65,134
MF1,65,524
MF1,65,1412
MF1,66,40
MF1,66,65
MF1,67,66
MF1,67,2202
MF1,68,1297
MF1,68,2183
MF1,71,267
MF1,71,3721
MF2,73,1226
MF1,75,96
MF1,79,81
MF1,81,137
MF1,81,1783
MF2,84,117
MF2,84,2022
MF1,85,645
MF1,85,811
MF1,85,3721
MF2,86,484
MF2,86,1318
MF2,86,2275
MF1,87,85
MF1,87,137
MF1,87,2441
MF2,88,428
MF2,88,2119
MF1,89,352
MF1,89,353
MF1,89,370
MF1,92,63
MF1,92,2410
MF1,92,2442
MF1,94,66
MF1,94,92
MF1,95,94
MF1,96,64
MF1,96,1987
MF1,97,95
MF1,101,2225
MF1,101,3821
MF2,104,2119
MF2,112,323
MF2,112,516
MF2,112,1848
MF2,116,1422
MF2,117,453
MF3,118,1495
MF1,121,125
MF1,121,2475
MF1,121,2561
MF1,125,2195
MF2,126,1463
MF2,126,1632
MF2,126,2510
MF2,130,63
MF2,130,236
MF2,130,2347
MF2,130,2451
MF2,130,2452
MF2,130,2499
MF2,130,2510
MF2,130,4196
MF2,130,4197
MF2,130,4198
MF2,131,130
MF2,132,705
MF2,132,1120
MF2,133,428
MF2,133,661
MF2,133,1676
MF1,134,329
MF1,134,644
MF1,135,328
MF1,135,645
MF1,135,3718
MF1,137,3847
MF1,138,134
MF1,138,135
MF2,140,371
MF2,141,2707
MF2,141,2841
MF1,142,125
MF1,142,6642
MF1,142,6643
MF3,146,29
MF3,146,40
MF3,146,1167
MF3,147,177
MF3,147,862
MF3,152,66
MF3,152,352
MF3,152,353
MF3,152,362
MF3,152,861
MF3,153,233
MF3,153,863
MF3,154,153
MF3,154,232
MF3,154,864
MF3,155,1729
MF2,157,92
MF2,157,735
MF3,159,227
MF2,161,2475
MF1,165,418
MF1,165,802
MF2,166,261
MF2,166,4037
MF2,167,1848
MF2,168,629
MF2,168,1456
MF2,169,629
MF2,169,4037
MF3,175,244
MF3,175,1166
MF2,176,244
MF3,177,243
MF3,177,1166
MF1,178,2444
MF1,178,3721
MF3,183,715
MF3,203,436
MF3,203,611
MF3,203,3739
MF2,204,112
MF2,204,1456
MF2,204,1518
MF3,205,207
MF2,206,1251
MF2,206,1491
MF2,206,1493
MF2,206,4034
MF3,207,203
MF3,207,1453
MF3,209,1483
MF3,209,1486
MF3,209,1487
MF2,226,66
MF2,226,1599
MF3,227,905
MF3,232,146
MF3,233,152
MF3,233,393
MF3,233,394
MF3,233,422
MF3,233,1167
MF3,233,1422
MF1,236,2360
MF1,239,2204
MF1,239,2310
MF1,239,3709
MF3,243,176
MF3,243,3766
MF2,244,1165
MF3,245,116
MF3,245,153
MF3,245,4858
MF3,246,1277
MF3,246,3766
MF2,259,275
MF2,259,2841
MF2,259,3540
MF2,259,3557
MF2,261,167
MF1,262,433
MF1,262,1318
MF1,263,433
MF1,263,1318
MF1,263,1386
MF3,265,1632
MF3,265,2024
MF1,266,3555
MF1,267,3561
MF2,268,269
MF2,268,2271
MF2,269,4037
MF3,270,3766
MF3,271,270
MF3,274,3766
MF2,275,206
MF2,275,784
MF2,275,1254
MF2,275,1659
MF2,275,1661
MF2,278,35
MF2,280,268
MF2,280,986
MF2,281,280
MF2,281,1116
MF3,282,203
MF3,282,478
MF3,283,308
MF3,283,2006
MF3,284,296
MF3,284,1115
MF3,284,1589
MF2,285,1686
MF2,285,3769
MF3,287,4059
MF3,288,116
MF3,288,1116
MF3,288,1691
MF3,291,116
MF3,291,480
MF3,291,870
MF3,291,1115
MF3,291,1117
MF3,291,1551
MF3,291,1785
MF2,296,812
MF2,296,2231
MF1,297,329
MF1,298,2347
MF1,298,2442
MF1,299,2422
MF3,303,57
MF3,303,1483
MF3,303,1486
MF3,303,1487
MF3,303,1785
MF2,305,1108
MF2,305,1686
MF2,308,35
MF2,312,1361
MF3,313,332
MF3,313,1691
MF2,314,462
MF2,314,1262
MF3,315,209
MF3,315,1159
MF3,316,1159
MF3,317,478
MF3,317,3770
MF1,322,125
MF1,323,2202
MF3,324,4361
MF1,327,2442
MF1,327,3907
MF1,328,3679
MF1,328,3680
MF1,329,3679
MF1,329,3680
MF1,330,3718
MF3,331,334
MF3,331,1361
MF2,332,278
MF3,333,1200
MF3,334,1108
MF3,334,3769
MF3,335,762
MF3,335,1590
MF2,336,396
MF2,336,470
MF2,337,1208
MF2,337,1813
MF2,337,3817
MF3,338,728
MF3,338,1159
MF3,339,1360
MF3,339,3846
MF3,340,982
MF3,340,3771
MF3,342,1721
MF3,342,2883
MF3,342,3769
MF1,343,67
MF1,343,135
MF1,343,2270
MF3,345,4059
MF1,347,4028
MF1,349,71
MF1,349,655
MF1,349,1783
MF1,349,3847
MF1,350,347
MF1,350,388
MF1,352,360
MF1,353,87
MF1,353,349
MF1,353,2181
MF1,354,3752
MF1,355,1297
MF1,356,1413
MF1,360,371
MF1,361,371
MF1,362,374
MF1,362,380
MF3,363,1359
MF3,364,1360
MF1,370,2275
MF1,371,79
MF1,371,349
MF1,371,3873
MF1,372,89
MF1,374,71
MF1,374,1223
MF2,375,1424
MF2,375,3577
MF1,376,75
MF1,376,1822
MF2,378,457
MF2,379,2607
MF1,380,2607
MF1,381,376
MF1,381,1819
MF1,382,352
MF1,384,66
MF1,384,96
MF1,384,137
MF1,387,64
MF1,387,2310
MF1,388,4034
MF1,389,1927
MF1,389,2012
MF1,389,3729
MF1,390,389
MF1,390,2240
MF1,390,3848
MF1,391,66
MF1,391,3561
MF2,393,353
MF2,393,1424
MF2,394,370
MF2,394,430
MF2,394,1424
MF3,395,1432
MF1,396,97
MF1,396,557
MF1,396,573
MF1,396,2183
MF1,398,1240
MF1,408,487
MF1,408,839
MF1,408,4236
MF2,410,393
MF2,410,425
MF2,410,487
MF2,410,1422
MF3,416,1140
MF1,418,138
MF1,418,1240
MF2,419,450
MF2,419,1423
MF1,421,343
MF1,421,1437
MF1,421,3979
MF2,422,813
MF2,422,1425
MF2,422,2184
MF1,423,68
MF1,423,87
MF3,424,305
MF3,424,416
MF3,424,1036
MF2,425,422
MF2,425,2558
MF1,426,651
MF1,426,1024
MF1,426,2213
MF2,427,2013
MF2,428,2337
MF1,430,376
MF1,430,1927
MF1,430,2240
MF1,430,4029
MF3,431,57
MF3,431,281
MF3,431,798
MF1,433,354
MF1,433,430
MF1,433,1601
MF1,433,2184
MF2,434,101
MF2,434,408
MF2,434,425
MF2,434,455
MF2,434,698
MF2,434,1422
MF2,435,1676
MF2,435,2337
MF2,436,435
MF2,437,134
MF2,437,423
MF2,440,435
MF2,440,1414
MF2,440,2625
MF2,440,3555
MF2,440,5572
MF2,441,370
MF2,441,381
MF3,443,331
MF3,444,315
MF3,444,3824
MF3,445,1060
MF3,445,1159
MF3,446,445
MF3,446,1062
MF3,447,315
MF3,447,445
MF3,447,1063
MF2,450,352
MF1,451,1576
MF1,451,4029
MF1,452,790
MF2,453,1888
MF2,454,1653
MF2,454,2038
MF2,455,2841
MF2,455,3735
MF2,456,817
MF2,456,1531
MF2,457,379
MF1,458,4028
MF2,459,433
MF2,459,573
MF1,460,354
MF1,460,1404
MF1,460,2234
MF2,461,165
MF2,462,1814
MF3,463,281
MF3,463,1115
MF3,463,1377
MF3,463,1717
MF3,463,1905
MF3,463,1958
MF3,463,1986
MF2,464,14
MF2,464,430
MF3,466,1061
MF3,468,1495
MF2,469,655
MF2,469,2022
MF1,470,64
MF1,470,589
MF2,472,461
MF2,474,314
MF3,475,803
MF3,475,1277
MF3,477,84
MF3,477,1352
MF3,477,1628
MF3,478,1159
MF2,480,394
MF2,480,469
MF2,480,1422
MF2,480,2337
MF2,483,577
MF2,483,1363
MF2,483,3823
MF1,484,1927
MF2,485,92
MF2,485,1463
MF1,487,356
MF1,487,2225
MF2,490,552
MF2,490,1319
MF2,490,2407
MF2,490,3751
MF2,491,490
MF2,491,2218
MF1,493,408
MF1,493,837
MF1,493,1414
MF1,493,5572
MF1,496,343
MF1,496,1379
MF1,496,1509
MF1,496,3554
MF2,510,611
MF2,510,1639
MF2,510,3873
MF2,512,459
MF2,516,610
MF2,516,764
MF2,516,765
MF1,521,1463
MF1,521,3979
MF1,524,297
MF1,524,328
MF1,525,2356
MF1,525,2362
MF1,525,2392
MF1,525,4204
MF2,526,408
MF2,526,459
MF2,526,3562
MF1,528,564
MF1,529,2366
MF1,530,528
MF1,530,2392
MF1,533,529
MF1,533,2392
MF1,534,2470
MF1,539,543
MF1,539,2351
MF1,543,2370
MF1,543,3893
MF1,544,543
MF1,545,539
MF1,545,544
MF1,552,553
MF1,552,2364
MF1,553,534
MF1,553,3942
MF1,554,552
MF1,557,552
MF1,557,2289
MF1,558,557
MF1,558,2382
MF1,561,554
MF1,561,2433
MF1,562,535
MF1,562,2392
MF1,562,3882
MF1,562,3901
MF1,563,552
MF1,564,122
MF1,564,2370
MF1,565,3968
MF1,566,236
MF1,566,4196
MF1,566,4197
MF1,566,4198
MF1,567,2378
MF1,573,92
MF1,573,2281
MF2,577,40
MF2,577,2216
MF1,589,1987
MF1,589,2204
MF2,599,390
MF2,599,1318
MF2,599,2275
MF3,602,621
MF3,602,2976
MF3,604,37
MF3,604,1813
MF3,604,3756
MF3,604,6185
MF3,606,203
MF3,606,1958
MF3,607,1263
MF3,607,1377
MF3,607,1717
MF3,607,1719
MF2,609,1318
MF2,609,1597
MF2,609,2234
MF2,609,3555
MF2,610,609
MF2,610,753
MF2,611,633
MF2,612,474
MF3,613,333
MF3,620,296
MF3,620,1115
MF3,620,1745
MF3,620,1765
MF3,621,363
MF2,625,472
MF3,626,1200
MF2,627,354
MF2,627,1889
MF2,629,609
MF1,631,470
MF1,631,1240
MF3,632,1685
MF2,633,433
MF2,633,609
MF2,634,1254
MF3,640,992
MF3,640,993
MF1,643,3721
MF1,644,645
MF1,645,643
MF1,645,2357
MF3,648,826
MF3,648,3576
MF1,651,343
MF1,652,322
MF1,652,2202
MF1,653,426
MF2,654,206
MF2,654,784
MF2,654,1254
MF2,654,1659
MF2,654,1661
MF1,655,470
MF1,655,2607
MF1,657,645
MF1,657,655
MF2,660,370
MF2,661,84
MF2,661,393
MF2,661,422
MF2,661,1422
MF3,665,387
MF3,665,1240
MF3,666,843
MF3,666,3842
MF2,667,2271
MF2,668,138
MF2,668,667
MF2,669,667
MF2,672,1346
MF2,672,2214
MF2,673,2271
MF3,675,779
MF3,676,394
MF3,676,422
MF3,676,677
MF3,676,1422
MF3,677,675
MF3,677,4236
MF2,679,323
MF2,679,698
MF2,679,2271
MF2,680,267
MF2,680,1818
MF2,681,1352
MF2,681,1927
MF2,681,2469
MF3,684,686
MF3,684,2857
MF3,684,3838
MF2,685,2215
MF2,685,2534
MF3,686,981
MF2,688,661
MF2,688,2233
MF2,688,2327
MF3,690,1016
MF3,690,1017
MF3,691,981
MF3,692,1016
MF3,696,33
MF3,696,660
MF3,696,2336
MF3,696,2337
MF1,698,1413
MF1,698,1415
MF2,703,470
MF2,703,775
MF2,704,84
MF2,704,1415
MF2,705,703
MF2,708,440
MF2,708,2626
MF2,709,1121
MF2,711,1045
MF2,711,1081
MF2,711,1632
MF3,715,323
MF3,715,324
MF3,724,88
MF3,724,696
MF3,724,1647
MF2,725,75
MF2,725,453
MF2,725,2226
MF2,725,2227
MF2,725,3817
MF2,726,378
MF2,726,2234
MF2,727,428
MF2,727,480
MF2,728,361
MF2,728,435
MF2,729,651
MF2,729,1422
MF2,729,2183
MF3,730,1290
MF3,730,1634
MF3,733,871
MF3,733,3824
MF2,734,2310
MF2,734,2609
MF2,735,14
MF2,735,645
MF2,735,2205
MF2,736,453
MF2,736,734
MF2,736,1530
MF2,736,1531
MF3,740,183
MF1,742,2225
MF3,752,133
MF3,752,313
MF3,752,419
MF3,752,870
MF3,752,923
MF3,752,1115
MF3,752,3842
MF2,753,3817
MF1,754,1888
MF1,755,4250
MF2,756,753
MF2,756,754
MF2,757,2119
MF3,758,1159
MF3,759,315
MF3,759,478
MF3,759,3770
MF3,760,315
MF3,760,478
MF3,760,3770
MF3,762,478
MF3,762,824
MF3,762,3770
MF3,763,3581
MF3,763,3767
MF3,763,4139
MF2,764,460
MF2,764,3980
MF2,765,262
MF2,765,263
MF2,765,611
MF1,766,1509
MF1,766,2310
MF1,766,2558
MF3,773,715
MF2,774,68
MF2,775,161
MF2,775,774
MF2,776,206
MF2,776,784
MF2,776,1254
MF2,776,1573
MF2,776,1659
MF2,776,1661
MF2,778,141
MF2,778,776
MF2,778,3563
MF2,778,3567
MF2,778,5088
MF3,779,672
MF3,779,673
MF2,784,1491
MF2,784,1493
MF2,784,1586
MF3,788,1470
MF3,788,3214
MF1,790,96
MF1,790,165
MF2,793,1120
MF2,794,131
MF2,794,793
MF2,794,2826
MF2,794,2827
MF3,798,803
MF3,798,1115
MF3,799,798
MF3,799,987
MF1,802,458
MF1,802,3821
MF3,803,1875
MF3,803,2062
MF3,803,3842
MF3,806,843
MF3,806,1255
MF2,807,425
MF2,807,428
MF2,807,441
MF2,807,1422
MF2,807,1676
MF2,808,374
MF2,808,3735
MF1,811,4250
MF2,812,323
MF2,812,337
MF2,813,371
MF2,814,84
MF2,817,1530
MF2,818,378
MF2,818,2234
MF2,818,2558
MF3,824,281
MF3,824,284
MF3,824,2327
MF3,825,763
MF3,826,825
MF3,826,1085
MF3,826,3582
MF1,829,840
MF1,829,3543
MF3,831,205
MF3,831,274
MF1,837,3725
MF1,837,3979
MF1,839,398
MF1,839,418
MF1,839,2558
MF1,840,3942
MF3,842,1183
MF3,843,842
MF3,844,398
MF3,844,843
MF3,844,1425
MF3,845,398
MF3,845,843
MF3,845,6341
MF2,846,469
MF2,846,728
MF2,846,4236
MF2,847,728
MF2,847,4026
MF3,848,842
MF3,848,853
MF3,849,843
MF3,849,848
MF3,850,398
MF3,850,849
MF3,850,1425
MF3,850,3849
MF3,852,666
MF3,852,849
MF3,852,3824
MF3,853,573
MF3,853,1404
MF3,861,2204
MF3,862,1167
MF3,863,147
MF3,864,146
MF3,864,152
MF3,864,375
MF3,864,863
MF3,865,175
MF3,865,1331
MF3,866,1196
MF3,866,2706
MF3,867,577
MF3,867,866
MF2,870,1482
MF3,871,2048
MF3,872,418
MF3,872,871
MF3,873,872
MF3,873,1255
MF3,874,398
MF3,874,733
MF3,874,6341
MF3,875,1124
MF3,875,1255
MF3,884,885
MF3,885,30
MF3,885,347
MF3,885,684
MF3,885,691
MF3,885,3826
MF3,892,735
MF2,893,157
MF2,893,1456
MF3,894,34
MF3,894,227
MF3,894,893
MF3,894,936
MF2,895,31
MF2,895,419
MF2,895,425
MF2,895,464
MF3,896,157
MF3,896,724
MF3,897,104
MF3,897,896
MF3,898,894
MF3,905,33
MF3,905,892
MF3,913,1491
MF3,914,1491
MF3,915,1493
MF3,923,1259
MF3,925,894
MF3,925,3540
MF3,931,866
MF3,931,3823
MF3,932,915
MF3,932,931
MF3,932,3540
MF3,932,3557
MF3,933,867
MF3,933,932
MF3,933,1358
MF3,934,864
MF3,934,1729
MF3,934,4638
MF3,935,459
MF3,935,1456
MF3,936,935
MF3,936,3766
MF3,937,842
MF3,937,936
MF2,942,45
MF2,942,355
MF2,942,361
MF2,942,374
MF2,942,1676
MF2,942,2337
MF3,945,363
MF3,945,477
MF3,945,1281
MF3,945,1353
MF3,947,203
MF3,947,1258
MF3,981,675
MF3,981,690
MF3,982,165
MF3,982,981
MF3,982,1088
MF3,983,982
MF3,983,3958
MF2,986,332
MF2,987,986
MF2,987,3562
MF2,987,6341
MF3,988,864
MF3,988,866
MF3,989,866
MF3,989,1169
MF3,989,1353
MF3,989,1745
MF3,992,296
MF3,993,296
MF3,997,760
MF3,997,798
MF3,997,1038
MF3,998,431
MF3,998,936
MF3,999,760
MF3,999,3854
MF3,1000,1038
MF3,1000,2173
MF3,1004,680
MF3,1004,685
MF3,1004,2857
MF3,1004,3832
MF2,1007,1108
MF2,1007,1114
MF3,1016,685
MF3,1017,673
MF3,1017,685
MF3,1020,686
MF3,1020,691
MF3,1023,154
MF3,1023,155
MF3,1023,934
MF1,1024,1131
MF1,1024,2561
MF1,1024,3762
MF3,1029,430
MF3,1029,733
MF3,1029,872
MF2,1036,1108
MF2,1036,1116
MF3,1037,282
MF3,1037,1455
MF3,1037,3857
MF3,1038,271
MF3,1038,831
MF3,1038,1037
MF3,1040,342
MF3,1040,1685
MF3,1041,1432
MF3,1042,477
MF3,1042,1281
MF3,1042,3817
MF3,1042,3958
MF3,1044,57
MF3,1044,284
MF3,1044,620
MF1,1045,487
MF1,1045,4236
MF3,1046,3846
MF2,1056,734
MF2,1056,5204
MF2,1057,3753
MF2,1057,5204
MF2,1060,708
MF3,1060,708
MF3,1061,478
MF3,1061,1181
MF3,1061,3770
MF3,1062,487
MF3,1062,1060
MF3,1063,1060
MF3,1076,207
MF3,1076,270
MF3,1076,274
MF3,1076,4236
MF1,1081,487
MF1,1081,4236
MF3,1085,478
MF3,1085,3770
MF3,1085,4139
MF3,1086,1042
MF3,1086,1873
MF3,1087,1903
MF3,1087,2271
MF3,1088,680
MF3,1088,2048
MF2,1100,1107
MF2,1101,169
MF2,1101,1100
MF2,1102,1100
MF2,1103,1101
MF2,1104,1103
MF2,1105,487
MF2,1105,1103
MF2,1106,1102
MF2,1106,1105
MF2,1107,1379
MF2,1107,3554
MF2,1108,986
MF2,1109,280
MF2,1109,1116
MF2,1110,1109
MF3,1112,312
MF3,1112,334
MF3,1112,1159
MF2,1114,332
MF2,1114,818
MF2,1114,1530
MF2,1115,305
MF2,1115,1007
MF2,1115,1036
MF2,1116,1114
MF2,1117,1249
MF2,1120,709
MF2,1121,130
MF2,1121,470
MF3,1124,1125
MF3,1124,2978
MF3,1125,117
MF3,1128,1124
MF1,1131,297
MF1,1131,328
MF3,1132,1124
MF3,1140,317
MF2,1144,460
MF2,1144,552
MF2,1144,698
MF2,1144,1745
MF2,1144,2467
MF2,1144,3748
MF2,1146,121
MF2,1146,470
MF2,1146,1404
MF2,1146,2467
MF2,1146,3748
MF2,1150,3821
MF1,1153,391
MF1,1153,470
MF1,1153,1289
MF3,1154,4315
MF3,1156,3404
MF1,1157,360
MF1,1157,1331
MF3,1158,3764
MF3,1158,6666
MF3,1159,443
MF3,1159,1685
MF3,1161,1159
MF2,1165,1104
MF2,1165,1105
MF3,1166,1165
MF3,1167,861
MF3,1168,29
MF3,1168,137
MF3,1169,152
MF3,1169,1165
MF3,1171,147
MF3,1171,1195
MF3,1177,281
MF3,1177,621
MF3,1179,466
MF3,1181,305
MF3,1181,1007
MF3,1181,3215
MF3,1183,459
MF3,1183,485
MF3,1183,1404
MF3,1195,146
MF3,1195,177
MF3,1195,862
MF3,1196,1198
MF3,1198,147
MF3,1198,1195
MF3,1200,632
MF3,1200,1040
MF3,1200,1353
MF3,1200,1745
MF3,1203,478
MF3,1203,1200
MF2,1208,336
MF2,1208,393
MF2,1208,394
MF2,1208,1422
MF2,1208,1676
MF3,1211,339
MF3,1211,434
MF3,1211,1352
MF3,1216,364
MF3,1216,459
MF3,1216,1211
MF3,1222,3825
MF1,1223,267
MF1,1223,297
MF1,1224,267
MF2,1226,2271
MF2,1226,2431
MF1,1240,356
MF1,1240,396
MF1,1244,75
MF1,1244,452
MF3,1245,607
MF3,1245,1087
MF2,1246,1914
MF2,1249,1110
MF2,1251,3821
MF2,1252,3821
MF2,1254,1252
MF2,1254,1584
MF2,1254,1586
MF3,1255,116
MF3,1255,271
MF3,1255,487
MF3,1255,803
MF3,1255,831
MF3,1255,1455
MF3,1255,3857
MF3,1257,803
MF3,1257,947
MF3,1257,6341
MF3,1258,1565
MF3,1258,1566
MF3,1258,1567
MF3,1258,3563
MF3,1258,3566
MF3,1258,3567
MF3,1259,1258
MF2,1262,1377
MF2,1262,1717
MF2,1262,1905
MF2,1262,1958
MF2,1262,1986
MF2,1263,37
MF2,1263,1873
MF2,1263,2050
MF2,1275,1608
MF3,1277,175
MF3,1277,176
MF3,1277,512
MF3,1278,177
MF3,1278,209
MF3,1278,1277
MF3,1281,84
MF3,1281,1352
MF3,1281,1628
MF3,1285,1278
MF3,1286,245
MF3,1287,1286
MF3,1287,1295
MF1,1289,125
MF3,1290,165
MF3,1290,673
MF3,1290,754
MF3,1290,1154
MF3,1295,1285
MF1,1297,135
MF3,1299,245
MF3,1299,1275
MF1,1317,1378
MF1,1318,1927
MF1,1319,496
MF1,1319,1317
MF1,1319,2331
MF1,1321,1319
MF1,1321,1458
MF1,1322,1321
MF1,1322,1462
MF1,1331,362
MF1,1331,2012
MF2,1346,668
MF2,1346,669
MF3,1351,988
MF3,1351,989
MF1,1352,1461
MF1,1352,2174
MF1,1352,3872
MF1,1353,1397
MF1,1353,2278
MF3,1358,866
MF3,1358,2217
MF3,1359,752
MF3,1359,2147
MF3,1359,2859
MF3,1360,1359
MF2,1361,30
MF2,1361,1116
MF2,1361,3769
MF2,1363,2217
MF2,1377,1246
MF2,1377,1707
MF2,1377,1814
MF2,1377,1873
MF1,1379,236
MF1,1379,297
MF1,1379,1378
MF3,1382,1040
MF3,1382,4004
MF3,1382,4005
MF1,1386,1317
MF1,1386,1322
MF1,1386,1403
MF1,1386,1601
MF3,1395,3281
MF1,1397,1352
MF1,1397,1644
MF1,1403,1511
MF1,1403,1601
MF1,1404,178
MF1,1404,2278
MF1,1412,64
MF1,1413,137
MF1,1413,651
MF1,1414,343
MF1,1415,68
MF1,1415,651
MF1,1417,1428
MF1,1417,1457
MF2,1422,375
MF2,1422,4951
MF2,1423,382
MF2,1423,430
MF2,1423,813
MF2,1424,67
MF2,1424,813
MF2,1425,1423
MF2,1425,4034
MF2,1427,3725
MF2,1427,3979
MF1,1428,1289
MF1,1428,1331
MF2,1429,425
MF2,1429,661
MF3,1432,660
MF3,1432,1040
MF3,1432,1587
MF3,1432,2049
MF3,1432,3748
MF1,1437,1507
MF1,1437,1510
MF2,1451,323
MF2,1451,661
MF2,1451,704
MF2,1451,1463
MF2,1453,112
MF3,1454,205
MF3,1455,205
MF2,1456,1848
MF1,1457,1223
MF1,1457,1224
MF1,1457,1289
MF1,1457,2012
MF1,1458,496
MF1,1458,1511
MF1,1459,1317
MF1,1459,1462
MF1,1459,1509
MF1,1461,521
MF1,1461,1386
MF1,1461,1508
MF1,1461,3751
MF1,1462,1379
MF1,1463,651
MF1,1463,1379
MF2,1467,1819
MF2,1467,2484
MF2,1467,3872
MF1,1468,1353
MF1,1468,1515
MF3,1470,1843
MF2,1472,627
MF2,1472,870
MF2,1472,1551
MF2,1473,1599
MF2,1474,1473
MF2,1475,1599
MF2,1482,28
MF2,1482,391
MF2,1482,1475
MF3,1483,1491
MF3,1483,1889
MF3,1483,3734
MF3,1486,1491
MF3,1486,1889
MF3,1486,3734
MF3,1487,1493
MF3,1487,1889
MF3,1487,3734
MF2,1491,754
MF2,1491,1628
MF2,1491,1844
MF2,1491,2022
MF2,1491,2148
MF2,1493,1844
MF2,1493,2022
MF2,1493,2046
MF2,1493,2148
MF2,1493,3728
MF3,1495,394
MF3,1495,451
MF3,1495,661
MF3,1495,1318
MF1,1499,125
MF1,1499,2560
MF1,1499,3585
MF1,1499,6642
MF1,1500,1378
MF1,1505,2172
MF1,1505,3902
MF1,1505,3906
MF1,1505,3907
MF1,1505,3910
MF1,1507,1509
MF1,1507,3554
MF1,1508,1511
MF1,1509,2172
MF1,1509,3951
MF1,1510,1509
MF1,1511,137
MF1,1511,1437
MF1,1515,1386
MF2,1516,92
MF2,1516,470
MF2,1516,1317
MF2,1517,1509
MF2,1517,1516
MF2,1518,95
MF2,1518,521
MF2,1518,1516
MF1,1530,1153
MF1,1530,1628
MF1,1530,3728
MF1,1531,1153
MF1,1531,1628
MF1,1531,3728
MF2,1532,726
MF2,1532,818
MF2,1532,1530
MF2,1532,2022
MF2,1532,2046
MF2,1532,3734
MF3,1535,2225
MF3,1535,3822
MF2,1540,2038
MF2,1540,2841
MF2,1551,226
MF3,1565,914
MF3,1565,1573
MF3,1566,913
MF3,1566,1573
MF3,1567,915
MF2,1573,1491
MF2,1573,2046
MF2,1573,2707
MF2,1573,3728
MF1,1576,388
MF1,1576,458
MF2,1583,87
MF2,1583,343
MF2,1583,870
MF2,1584,1251
MF2,1585,3821
MF2,1586,3821
MF1,1587,430
MF1,1588,653
MF1,1588,1240
MF1,1588,2231
MF1,1589,165
MF1,1589,1588
MF1,1589,3593
MF1,1590,1353
MF1,1590,2327
MF2,1594,375
MF2,1594,393
MF2,1594,430
MF2,1594,1415
MF2,1594,1474
MF2,1594,1551
MF2,1597,1601
MF2,1599,726
MF2,1599,818
MF2,1600,454
MF2,1600,1875
MF1,1601,496
MF1,1601,1462
MF2,1608,433
MF2,1608,629
MF2,1608,765
MF2,1608,1397
MF2,1609,2022
MF2,1609,4034
MF2,1609,6351
MF2,1610,1551
MF2,1610,1707
MF2,1610,4034
MF1,1628,802
MF1,1629,2472
MF2,1632,96
MF2,1632,1634
MF2,1634,651
MF2,1634,673
MF2,1634,2478
MF1,1639,137
MF1,1639,487
MF1,1639,1437
MF2,1643,375
MF2,1643,393
MF2,1643,425
MF2,1643,1475
MF1,1644,521
MF1,1644,1601
MF3,1647,895
MF3,1647,905
MF2,1653,725
MF2,1653,1150
MF2,1653,1584
MF2,1653,2048
MF2,1654,661
MF2,1654,1653
MF2,1654,2119
MF2,1656,88
MF2,1656,1654
MF2,1659,1491
MF2,1659,1493
MF2,1659,1584
MF2,1661,1252
MF2,1661,1491
MF2,1661,1493
MF2,1661,4034
MF2,1676,423
MF2,1676,4951
MF2,1682,456
MF3,1685,342
MF3,1685,3575
MF2,1686,1110
MF3,1691,812
MF3,1691,2006
MF2,1707,1254
MF2,1707,1532
MF2,1716,625
MF2,1717,1246
MF2,1717,1873
MF2,1717,6351
MF2,1719,37
MF2,1719,275
MF2,1719,654
MF2,1719,1814
MF2,1719,1873
MF3,1721,303
MF3,1724,1171
MF3,1724,1196
MF3,1725,1724
MF3,1729,1195
MF1,1745,430
MF1,1745,1352
MF1,1745,1404
MF2,1753,40
MF2,1753,1467
MF2,1753,1927
MF2,1753,2484
MF2,1753,3872
MF2,1762,460
MF2,1762,1745
MF2,1762,2469
MF2,1765,681
MF2,1765,1146
MF2,1765,1457
MF1,1783,134
MF1,1783,657
MF3,1784,986
MF3,1784,2978
MF3,1784,3739
MF3,1785,305
MF3,1785,627
MF3,1785,1007
MF3,1785,1036
MF3,1785,1784
MF2,1813,428
MF2,1813,441
MF2,1813,1246
MF2,1813,1676
MF2,1813,2336
MF2,1814,625
MF2,1814,2046
MF3,1815,455
MF3,1815,1676
MF3,1815,3739
MF2,1818,679
MF2,1818,1226
MF1,1819,2195
MF1,1819,3552
MF1,1822,178
MF1,1822,2174
MF2,1826,1322
MF2,1826,2849
MF3,1843,711
MF3,1843,4420
MF2,1844,3568
MF2,1844,3766
MF2,1844,3829
MF2,1848,610
MF2,1848,764
MF2,1848,765
MF2,1873,461
MF2,1873,2048
MF2,1875,1540
MF2,1875,3728
MF2,1875,4034
MF2,1882,704
MF2,1882,754
MF2,1882,814
MF2,1882,1451
MF1,1884,3559
MF1,1884,3728
MF1,1884,4034
MF2,1886,117
MF2,1886,754
MF2,1886,790
MF1,1888,802
MF2,1889,756
MF2,1889,1886
MF3,1903,808
MF3,1903,1905
MF2,1905,1263
MF2,1905,1814
MF2,1905,2033
MF2,1914,1716
MF1,1927,2204
MF2,1958,776
MF2,1958,1719
MF3,1959,865
MF3,1959,1195
MF2,1985,3821
MF2,1985,6219
MF2,1986,37
MF2,1986,1600
MF2,1986,1873
MF2,1986,3741
MF1,1987,121
MF1,1987,3561
MF3,2006,612
MF3,2006,778
MF3,2006,1610
MF3,2006,1815
MF3,2006,2064
MF1,2012,125
MF2,2013,361
MF2,2013,435
MF2,2021,1453
MF2,2021,4037
MF1,2022,3821
MF3,2023,620
MF3,2023,2274
MF3,2023,3215
MF3,2023,3664
MF3,2024,1290
MF3,2024,1628
MF2,2033,2046
MF2,2033,3728
MF2,2034,589
MF2,2034,2205
MF3,2036,176
MF3,2036,2327
MF3,2036,4638
MF2,2038,754
MF2,2038,1628
MF2,2038,2048
MF2,2046,1628
MF1,2048,97
MF1,2048,754
MF2,2049,2050
MF2,2050,2084
MF2,2062,259
MF2,2062,388
MF2,2064,3566
MF2,2064,3850
MF2,2064,5088
MF3,2076,118
MF3,2076,3822
MF2,2082,455
MF2,2084,1656
MF2,2119,394
MF2,2119,425
MF2,2119,728
MF2,2119,846
MF2,2119,1422
MF3,2147,2049
MF3,2147,3833
MF2,2148,165
MF3,2150,2006
MF3,2162,118
MF3,2162,660
MF3,2162,727
MF1,2172,1378
MF3,2173,937
MF1,2174,3718
MF1,2181,79
MF1,2181,85
MF1,2181,811
MF1,2183,64
MF1,2184,470
MF1,2184,1927
MF1,2184,2240
MF1,2195,2174
MF1,2202,3719
MF1,2204,1819
MF1,2204,3585
MF2,2205,2204
MF2,2205,2558
MF1,2213,64
MF1,2213,557
MF1,2213,645
MF1,2213,2454
MF2,2214,668
MF2,2214,3695
MF2,2215,680
MF2,2216,1379
MF2,2216,1516
MF2,2217,1518
MF2,2218,483
MF2,2218,1515
MF1,2220,470
MF1,2220,3765
MF1,2225,95
MF2,2226,1322
MF2,2226,3535
MF2,2226,3751
MF2,2227,1322
MF2,2227,1517
MF2,2227,3751
MF1,2229,1223
MF1,2229,2012
MF1,2229,3869
MF1,2229,3872
MF1,2230,68
MF1,2230,323
MF1,2230,557
MF1,2230,3872
MF1,2231,2230
MF1,2231,4196
MF1,2231,4197
MF1,2233,557
MF1,2233,3746
MF1,2233,3868
MF1,2233,3869
MF1,2233,3870
MF1,2234,549
MF1,2234,2310
MF1,2234,2339
MF1,2234,2340
MF1,2234,2355
MF1,2234,3872
MF1,2240,2204
MF1,2244,138
MF1,2270,66
MF2,2271,802
MF1,2273,323
MF1,2273,1415
MF1,2273,2552
MF1,2273,2554
MF1,2274,2231
MF1,2274,2552
MF1,2274,2554
MF1,2275,371
MF1,2275,2012
MF1,2278,1463
MF1,2278,1500
MF1,2278,3873
MF1,2281,2442
MF1,2310,178
MF1,2321,2314
MF1,2321,2392
MF1,2327,418
MF1,2327,1588
MF1,2327,3593
MF2,2336,382
MF2,2336,4951
MF2,2337,382
MF2,2337,4951
MF1,2353,539
MF1,2353,2374
MF1,2354,2352
MF1,2354,2353
MF1,2356,2354
MF1,2356,2357
MF1,2357,545
MF1,2357,2353
MF1,2357,2372
MF1,2360,3901
MF1,2360,3968
MF1,2365,2363
MF1,2365,2440
MF1,2369,530
MF1,2369,2378
MF1,2369,2436
MF1,2372,544
MF1,2372,2374
MF1,2374,543
MF1,2374,2365
MF1,2376,538
MF1,2376,2365
MF1,2376,3935
MF1,2377,533
MF1,2377,2388
MF1,2377,2412
MF1,2377,2459
MF1,2378,2360
MF1,2378,3079
MF1,2379,2459
MF1,2380,2379
MF1,2381,2380
MF1,2382,2369
MF1,2382,2377
MF1,2382,2438
MF1,2388,3901
MF1,2403,236
MF1,2403,4198
MF1,2436,528
MF1,2437,529
MF1,2437,3951
MF1,2438,2359
MF1,2438,2412
MF1,2438,2436
MF1,2438,4698
MF1,2440,2206
MF1,2451,562
MF1,2452,562
MF1,2452,2289
MF1,2453,2329
MF1,2453,2347
MF1,2453,2378
MF1,2453,2451
MF1,2453,2452
MF1,2453,2459
MF1,2454,540
MF1,2454,2453
MF1,2455,2453
MF1,2456,2382
MF1,2456,2453
MF1,2458,2360
MF1,2458,3923
MF1,2459,2378
MF1,2459,2458
MF1,2464,2465
MF1,2465,2471
MF1,2466,1629
MF2,2467,3751
MF2,2468,2484
MF2,2469,576
MF2,2469,2468
MF1,2471,1153
MF1,2471,1499
MF1,2471,2234
MF1,2472,142
MF1,2472,1153
MF1,2472,2234
MF1,2475,2398
MF1,2475,3537
MF1,2476,2378
MF1,2476,3537
MF1,2477,2355
MF1,2477,3537
MF2,2484,2467
MF2,2534,374
MF2,2534,391
MF2,2534,680
MF2,2534,1587
MF2,2534,3748
MF1,2552,92
MF1,2552,561
MF1,2552,2553
MF1,2553,40
MF1,2553,554
MF1,2553,557
MF1,2554,2553
MF1,2558,2335
MF1,2558,2442
MF1,2560,63
MF1,2560,2454
MF1,2561,297
MF1,2561,299
MF1,2561,328
MF1,2561,2398
MF1,2561,3719
MF1,2564,40
MF1,2564,2558
MF2,2585,92
MF2,2585,2478
MF1,2607,1224
MF1,2607,3709
MF2,2609,398
MF2,2609,2585
MF3,2610,37
MF3,2610,1717
MF2,2625,79
MF2,2625,755
MF2,2626,2625
MF3,2706,863
MF3,2706,1959
MF3,2706,3725
MF2,2707,1888
MF3,2746,806
MF3,2746,849
MF1,2805,536
MF1,2805,2396
MF2,2826,45
MF2,2827,45
MF2,2827,347
MF3,2837,875
MF3,2839,3284
MF2,2841,634
MF2,2841,1150
MF2,2841,1585
MF2,2849,1317
MF2,2849,2468
MF3,2855,1495
MF3,2855,1587
MF3,2855,3748
MF3,2856,116
MF3,2856,350
MF3,2857,30
MF3,2857,3737
MF3,2857,4034
MF3,2858,350
MF3,2858,1610
MF3,2858,1643
MF3,2859,2855
MF3,2859,2979
MF3,2859,3833
MF2,2883,355
MF2,2883,728
MF3,2975,632
MF3,2975,1040
MF3,2976,57
MF3,2976,339
MF3,2976,1046
MF3,2976,1181
MF2,2978,661
MF2,2978,756
MF2,2979,393
MF2,2979,394
MF2,2979,1422
MF3,2981,872
MF3,2981,1255
MF3,2982,350
MF3,2982,1609
MF3,2982,1610
MF3,2982,2062
MF1,3079,565
MF3,3214,753
MF3,3214,4420
MF3,3215,281
MF3,3216,57
MF3,3216,849
MF3,3216,1124
MF3,3281,183
MF3,3281,705
MF3,3281,1153
MF3,3281,1290
MF3,3284,183
MF3,3284,1153
MF3,3284,1290
MF3,3355,133
MF3,3355,807
MF3,3355,2162
MF3,3400,898
MF3,3404,774
MF3,3404,1157
MF2,3530,116
MF3,3534,1128
MF3,3534,3824
MF2,3535,97
MF2,3535,1518
MF1,3536,75
MF1,3536,134
MF1,3536,178
MF1,3537,383
MF1,3537,2321
MF2,3540,725
MF2,3540,1491
MF2,3540,2707
MF1,3543,2805
MF2,3546,814
MF2,3546,3824
MF1,3552,1822
MF1,3554,343
MF1,3554,1505
MF1,3554,3980
MF1,3555,698
MF2,3556,837
MF2,3557,725
MF2,3557,1491
MF2,3557,2707
MF2,3558,725
MF2,3558,1493
MF1,3559,1244
MF1,3561,652
MF2,3562,1427
MF2,3563,1573
MF2,3563,3557
MF1,3565,1404
MF2,3566,3558
MF2,3567,1573
MF2,3567,3540
MF2,3568,261
MF2,3568,269
MF3,3571,2006
MF3,3575,283
MF3,3575,285
MF3,3575,312
MF3,3576,333
MF3,3576,335
MF1,3577,89
MF3,3581,824
MF3,3581,2857
MF3,3581,2858
MF3,3581,2859
MF3,3581,3355
MF3,3582,339
MF3,3582,762
MF3,3582,3581
MF2,3591,1632
MF2,3591,2585
MF1,3593,258
MF1,3593,558
MF1,3593,2335
MF1,3593,4788
MF2,3595,3753
MF3,3653,427
MF3,3653,896
MF3,3657,897
MF3,3657,3653
MF1,3664,2231
MF1,3664,2273
MF3,3668,602
MF1,3679,327
MF1,3679,525
MF1,3679,3720
MF1,3680,327
MF1,3680,2340
MF1,3680,3720
MF2,3683,141
MF2,3683,754
MF2,3683,3728
MF3,3684,2076
MF2,3695,667
MF2,3695,1226
MF1,3709,2204
MF2,3710,371
MF2,3710,423
MF2,3710,774
MF1,3718,111
MF1,3718,298
MF1,3718,2378
MF1,3719,2328
MF1,3719,2382
MF1,3719,4136
MF1,3720,2281
MF1,3721,63
MF1,3725,839
MF1,3728,165
MF1,3728,2048
MF1,3729,376
MF1,3729,3536
MF2,3734,756
MF2,3735,1584
MF2,3735,2033
MF2,3737,1473
MF2,3737,1583
MF2,3738,846
MF2,3739,138
MF2,3739,437
MF2,3741,454
MF2,3741,1875
MF1,3746,563
MF1,3747,68
MF1,3747,356
MF1,3748,381
MF1,3748,430
MF1,3752,423
MF1,3752,3747
MF2,3753,2609
MF1,3754,2455
MF1,3756,381
MF1,3756,389
MF1,3756,484
MF1,3762,567
MF1,3762,2381
MF3,3764,1156
MF1,3765,398
MF1,3765,653
MF1,3765,1588
MF2,3766,268
MF2,3766,484
MF3,3767,688
MF3,3767,2036
MF2,3769,43
MF3,3770,1112
MF3,3771,1222
MF3,3811,37
MF3,3811,209
MF3,3811,1254
MF3,3811,1873
MF2,3817,360
MF2,3817,1985
MF1,3821,631
MF3,3822,665
MF3,3822,3725
MF3,3822,3827
MF3,3822,4034
MF2,3823,1517
MF2,3824,3842
MF3,3825,1177
MF3,3825,3846
MF3,3826,340
MF3,3827,387
MF3,3827,1240
MF2,3829,261
MF2,3829,4037
MF2,3830,627
MF2,3830,1882
MF2,3830,3734
MF2,3830,3824
MF2,3832,30
MF2,3832,1587
MF2,3832,1594
MF2,3832,3748
MF3,3833,425
MF3,3833,468
MF3,3838,1088
MF3,3838,1417
MF3,3838,1495
MF3,3838,2982
MF2,3842,450
MF2,3845,634
MF3,3846,281
MF3,3846,363
MF1,3847,135
MF1,3848,381
MF1,3848,1927
MF1,3848,3729
MF2,3849,419
MF2,3849,3824
MF2,3850,654
MF3,3854,271
MF3,3854,831
MF3,3854,998
MF3,3857,1454
MF1,3868,68
MF1,3868,2202
MF1,3868,4196
MF1,3869,68
MF1,3869,236
MF1,3869,2202
MF1,3870,68
MF1,3870,2202
MF1,3870,4197
MF1,3871,3868
MF1,3871,3869
MF1,3871,3870
MF1,3872,236
MF1,3872,2321
MF1,3872,2403
MF1,3873,137
MF1,3873,138
MF2,3943,116
MF2,3943,266
MF2,3943,627
MF2,3943,1428
MF2,3943,1600
MF2,3943,3734
MF2,3943,3741
MF2,3944,87
MF2,3944,1415
MF2,3944,1423
MF2,3944,2082
MF2,3944,3536
MF2,3944,3734
MF2,3958,673
MF1,3968,564
MF1,3979,1378
MF1,3979,1509
MF1,3980,2172
MF1,3980,3906
MF1,3990,2229
MF3,4004,758
MF3,4004,3770
MF3,4005,315
MF3,4005,758
MF3,4005,3811
MF1,4019,421
MF1,4021,38
MF1,4021,66
MF1,4026,742
MF1,4028,239
MF1,4029,384
MF1,4031,4021
MF1,4034,1413
MF1,4034,4031
MF2,4037,204
MF3,4050,1016
MF3,4050,2012
MF3,4050,3400
MF3,4052,983
MF3,4059,870
MF3,4059,1044
MF3,4059,1551
MF1,4104,1511
MF1,4104,4019
MF1,4136,330
MF3,4139,281
MF3,4139,475
MF3,4139,798
MF3,4139,1721
MF1,4196,2360
MF1,4197,2360
MF1,4198,2360
MF1,4204,2376
MF1,4204,2439
MF3,4218,1216
MF1,4236,4026
MF1,4250,829
MF1,4250,2321
MF3,4315,740
MF2,4361,794
MF3,4420,265
MF1,4638,493
MF1,4698,2437
MF3,4858,246
MF1,4951,372
MF1,4951,3577
MF2,5088,275
MF2,5088,2062
MF2,5204,3591
MF1,5572,87
MF1,5572,343
MF2,6092,353
MF2,6092,371
MF2,6092,1414
MF2,6092,5572
MF2,6185,86
MF2,6185,599
MF1,6207,487
MF1,6207,1639
MF1,6219,802
MF1,6219,2220
MF2,6266,393
MF2,6266,425
MF2,6341,84
MF2,6341,408
MF2,6341,410
MF2,6351,818
MF2,6351,1584
MF2,6351,1682
MF1,6642,111
MF1,6642,2454
MF1,6642,3721
MF1,6643,2560
MF1,6643,3754
MF1,6646,40
MF1,6646,2560
MF1,6663,40
MF1,6663,6643
MF1,6666,2281
MF1,6666,3721
MF1,6666,6643
