page_id,course_code,source_surface,iframe_index,title,src,name,width,height
00001-mth-252-home-integral-calculus-mth-252z-400-u2026,MTH-252,home,0,Error,about:blank,,,
00001-mth-252-home-integral-calculus-mth-252z-400-u2026,MTH-252,home,1,Canvas-Overview-Ecampus.mp4,https://canvas.oregonstate.edu/courses/2080857/external_tools/retrieve?display=borderless&resource_link_lookup_uuid=e12a0a10-ceae-4999-8498-ea9f01fa6d57,,,
00001-mth-252-home-integral-calculus-mth-252z-400-u2026,MTH-252,home,2,post_message_forwarding,https://sso.canvaslms.com/post_message_forwarding?rev=e6aca5e55d-9c856c93fa625037&token=eyJ0eXAiOiJKV1QiLCJhbGciOiJIUzUxMiJ9.eyJwYXJlbnRfZG9tYWluIjoiY2FudmFzLm9yZWdvbnN0YXRlLmVkdSJ9.Y_7TbGBrESilECMiEp8IL9n-40gHDCjKBtRp1VeImmjwp-ey16yj9FLfLrLzGYInjx8U6Ow5IRBeWFd9i9f6Kg,post_message_forwarding,,
00002-mth-252-modules-course-modules-integral-calculus-mth-252z-400-u2026,MTH-252,modules,0,Error,about:blank,,,
00002-mth-252-modules-course-modules-integral-calculus-mth-252z-400-u2026,MTH-252,modules,1,post_message_forwarding,https://sso.canvaslms.com/post_message_forwarding?rev=e6aca5e55d-9c856c93fa625037&token=eyJ0eXAiOiJKV1QiLCJhbGciOiJIUzUxMiJ9.eyJwYXJlbnRfZG9tYWluIjoiY2FudmFzLm9yZWdvbnN0YXRlLmVkdSJ9.Y_7TbGBrESilECMiEp8IL9n-40gHDCjKBtRp1VeImmjwp-ey16yj9FLfLrLzGYInjx8U6Ow5IRBeWFd9i9f6Kg,post_message_forwarding,,
00003-mth-252-assignments-integral-calculus-mth-252z-400-u2026,MTH-252,assignments,0,Error,about:blank,,,
00003-mth-252-assignments-integral-calculus-mth-252z-400-u2026,MTH-252,assignments,1,Canvas-Overview-Ecampus.mp4,https://canvas.oregonstate.edu/courses/2080857/external_tools/retrieve?display=borderless&resource_link_lookup_uuid=e12a0a10-ceae-4999-8498-ea9f01fa6d57,,,
00003-mth-252-assignments-integral-calculus-mth-252z-400-u2026,MTH-252,assignments,2,post_message_forwarding,https://sso.canvaslms.com/post_message_forwarding?rev=e6aca5e55d-9c856c93fa625037&token=eyJ0eXAiOiJKV1QiLCJhbGciOiJIUzUxMiJ9.eyJwYXJlbnRfZG9tYWluIjoiY2FudmFzLm9yZWdvbnN0YXRlLmVkdSJ9.Y_7TbGBrESilECMiEp8IL9n-40gHDCjKBtRp1VeImmjwp-ey16yj9FLfLrLzGYInjx8U6Ow5IRBeWFd9i9f6Kg,post_message_forwarding,,
00004-mth-252-grades-grades-for-jacob-peterson-integral-calculus-mth-252z-400-u2026,MTH-252,grades,0,Error,about:blank,,,
00004-mth-252-grades-grades-for-jacob-peterson-integral-calculus-mth-252z-400-u2026,MTH-252,grades,1,post_message_forwarding,https://sso.canvaslms.com/post_message_forwarding?rev=e6aca5e55d-9c856c93fa625037&token=eyJ0eXAiOiJKV1QiLCJhbGciOiJIUzUxMiJ9.eyJwYXJlbnRfZG9tYWluIjoiY2FudmFzLm9yZWdvbnN0YXRlLmVkdSJ9.Y_7TbGBrESilECMiEp8IL9n-40gHDCjKBtRp1VeImmjwp-ey16yj9FLfLrLzGYInjx8U6Ow5IRBeWFd9i9f6Kg,post_message_forwarding,,
00005-mth-252-announcements-announcements-integral-calculus-mth-252z-400-u2026,MTH-252,announcements,0,Error,about:blank,,,
00005-mth-252-announcements-announcements-integral-calculus-mth-252z-400-u2026,MTH-252,announcements,1,post_message_forwarding,https://sso.canvaslms.com/post_message_forwarding?rev=e6aca5e55d-9c856c93fa625037&token=eyJ0eXAiOiJKV1QiLCJhbGciOiJIUzUxMiJ9.eyJwYXJlbnRfZG9tYWluIjoiY2FudmFzLm9yZWdvbnN0YXRlLmVkdSJ9.Y_7TbGBrESilECMiEp8IL9n-40gHDCjKBtRp1VeImmjwp-ey16yj9FLfLrLzGYInjx8U6Ow5IRBeWFd9i9f6Kg,post_message_forwarding,,
00006-mth-252-syllabus-syllabus-for-integral-calculus-mth-252z-400-u2026,MTH-252,syllabus,0,Error,about:blank,,,
00006-mth-252-syllabus-syllabus-for-integral-calculus-mth-252z-400-u2026,MTH-252,syllabus,1,post_message_forwarding,https://sso.canvaslms.com/post_message_forwarding?rev=e6aca5e55d-9c856c93fa625037&token=eyJ0eXAiOiJKV1QiLCJhbGciOiJIUzUxMiJ9.eyJwYXJlbnRfZG9tYWluIjoiY2FudmFzLm9yZWdvbnN0YXRlLmVkdSJ9.Y_7TbGBrESilECMiEp8IL9n-40gHDCjKBtRp1VeImmjwp-ey16yj9FLfLrLzGYInjx8U6Ow5IRBeWFd9i9f6Kg,post_message_forwarding,,
00007-mth-252-discussions-discussions-integral-calculus-mth-252z-400-u2026,MTH-252,discussions,0,Error,about:blank,,,
00007-mth-252-discussions-discussions-integral-calculus-mth-252z-400-u2026,MTH-252,discussions,1,post_message_forwarding,https://sso.canvaslms.com/post_message_forwarding?rev=e6aca5e55d-9c856c93fa625037&token=eyJ0eXAiOiJKV1QiLCJhbGciOiJIUzUxMiJ9.eyJwYXJlbnRfZG9tYWluIjoiY2FudmFzLm9yZWdvbnN0YXRlLmVkdSJ9.Y_7TbGBrESilECMiEp8IL9n-40gHDCjKBtRp1VeImmjwp-ey16yj9FLfLrLzGYInjx8U6Ow5IRBeWFd9i9f6Kg,post_message_forwarding,,
00008-mth-252-quizzes-integral-calculus-mth-252z-400-u2026,MTH-252,quizzes,0,Error,about:blank,,,
00008-mth-252-quizzes-integral-calculus-mth-252z-400-u2026,MTH-252,quizzes,1,Canvas-Overview-Ecampus.mp4,https://canvas.oregonstate.edu/courses/2080857/external_tools/retrieve?display=borderless&resource_link_lookup_uuid=e12a0a10-ceae-4999-8498-ea9f01fa6d57,,,
00008-mth-252-quizzes-integral-calculus-mth-252z-400-u2026,MTH-252,quizzes,2,post_message_forwarding,https://sso.canvaslms.com/post_message_forwarding?rev=e6aca5e55d-9c856c93fa625037&token=eyJ0eXAiOiJKV1QiLCJhbGciOiJIUzUxMiJ9.eyJwYXJlbnRfZG9tYWluIjoiY2FudmFzLm9yZWdvbnN0YXRlLmVkdSJ9.Y_7TbGBrESilECMiEp8IL9n-40gHDCjKBtRp1VeImmjwp-ey16yj9FLfLrLzGYInjx8U6Ow5IRBeWFd9i9f6Kg,post_message_forwarding,,
00009-mth-253-home-sequences-and-series-mth-253z-400-u2026,MTH-253,home,0,Error,about:blank,,,
00009-mth-253-home-sequences-and-series-mth-253z-400-u2026,MTH-253,home,1,Radu Dascaliuc's MTH253Z Ecampus Greeting,https://canvas.oregonstate.edu/courses/2053263/external_tools/retrieve?display=borderless&resource_link_lookup_uuid=1a24eb79-2d2a-49ee-b4d4-e0278ba45fd9,,,
00009-mth-253-home-sequences-and-series-mth-253z-400-u2026,MTH-253,home,2,post_message_forwarding,https://sso.canvaslms.com/post_message_forwarding?rev=e6aca5e55d-9c856c93fa625037&token=eyJ0eXAiOiJKV1QiLCJhbGciOiJIUzUxMiJ9.eyJwYXJlbnRfZG9tYWluIjoiY2FudmFzLm9yZWdvbnN0YXRlLmVkdSJ9.Y_7TbGBrESilECMiEp8IL9n-40gHDCjKBtRp1VeImmjwp-ey16yj9FLfLrLzGYInjx8U6Ow5IRBeWFd9i9f6Kg,post_message_forwarding,,
00010-mth-253-modules-course-modules-sequences-and-series-mth-253z-400-u2026,MTH-253,modules,0,Error,about:blank,,,
00010-mth-253-modules-course-modules-sequences-and-series-mth-253z-400-u2026,MTH-253,modules,1,post_message_forwarding,https://sso.canvaslms.com/post_message_forwarding?rev=e6aca5e55d-9c856c93fa625037&token=eyJ0eXAiOiJKV1QiLCJhbGciOiJIUzUxMiJ9.eyJwYXJlbnRfZG9tYWluIjoiY2FudmFzLm9yZWdvbnN0YXRlLmVkdSJ9.Y_7TbGBrESilECMiEp8IL9n-40gHDCjKBtRp1VeImmjwp-ey16yj9FLfLrLzGYInjx8U6Ow5IRBeWFd9i9f6Kg,post_message_forwarding,,
00011-mth-253-assignments-sequences-and-series-mth-253z-400-u2026,MTH-253,assignments,0,Error,about:blank,,,
00011-mth-253-assignments-sequences-and-series-mth-253z-400-u2026,MTH-253,assignments,1,Radu Dascaliuc's MTH253Z Ecampus Greeting,https://canvas.oregonstate.edu/courses/2053263/external_tools/retrieve?display=borderless&resource_link_lookup_uuid=1a24eb79-2d2a-49ee-b4d4-e0278ba45fd9,,,
00011-mth-253-assignments-sequences-and-series-mth-253z-400-u2026,MTH-253,assignments,2,post_message_forwarding,https://sso.canvaslms.com/post_message_forwarding?rev=e6aca5e55d-9c856c93fa625037&token=eyJ0eXAiOiJKV1QiLCJhbGciOiJIUzUxMiJ9.eyJwYXJlbnRfZG9tYWluIjoiY2FudmFzLm9yZWdvbnN0YXRlLmVkdSJ9.Y_7TbGBrESilECMiEp8IL9n-40gHDCjKBtRp1VeImmjwp-ey16yj9FLfLrLzGYInjx8U6Ow5IRBeWFd9i9f6Kg,post_message_forwarding,,
00012-mth-253-grades-grades-for-jacob-peterson-sequences-and-series-mth-253z-400-u2026,MTH-253,grades,0,Error,about:blank,,,
00012-mth-253-grades-grades-for-jacob-peterson-sequences-and-series-mth-253z-400-u2026,MTH-253,grades,1,post_message_forwarding,https://sso.canvaslms.com/post_message_forwarding?rev=e6aca5e55d-9c856c93fa625037&token=eyJ0eXAiOiJKV1QiLCJhbGciOiJIUzUxMiJ9.eyJwYXJlbnRfZG9tYWluIjoiY2FudmFzLm9yZWdvbnN0YXRlLmVkdSJ9.Y_7TbGBrESilECMiEp8IL9n-40gHDCjKBtRp1VeImmjwp-ey16yj9FLfLrLzGYInjx8U6Ow5IRBeWFd9i9f6Kg,post_message_forwarding,,
00013-mth-253-announcements-announcements-sequences-and-series-mth-253z-400-u2026,MTH-253,announcements,0,Error,about:blank,,,
00013-mth-253-announcements-announcements-sequences-and-series-mth-253z-400-u2026,MTH-253,announcements,1,post_message_forwarding,https://sso.canvaslms.com/post_message_forwarding?rev=e6aca5e55d-9c856c93fa625037&token=eyJ0eXAiOiJKV1QiLCJhbGciOiJIUzUxMiJ9.eyJwYXJlbnRfZG9tYWluIjoiY2FudmFzLm9yZWdvbnN0YXRlLmVkdSJ9.Y_7TbGBrESilECMiEp8IL9n-40gHDCjKBtRp1VeImmjwp-ey16yj9FLfLrLzGYInjx8U6Ow5IRBeWFd9i9f6Kg,post_message_forwarding,,
00014-mth-253-syllabus-syllabus-for-sequences-and-series-mth-253z-400-u2026,MTH-253,syllabus,0,Error,about:blank,,,
00014-mth-253-syllabus-syllabus-for-sequences-and-series-mth-253z-400-u2026,MTH-253,syllabus,1,post_message_forwarding,https://sso.canvaslms.com/post_message_forwarding?rev=e6aca5e55d-9c856c93fa625037&token=eyJ0eXAiOiJKV1QiLCJhbGciOiJIUzUxMiJ9.eyJwYXJlbnRfZG9tYWluIjoiY2FudmFzLm9yZWdvbnN0YXRlLmVkdSJ9.Y_7TbGBrESilECMiEp8IL9n-40gHDCjKBtRp1VeImmjwp-ey16yj9FLfLrLzGYInjx8U6Ow5IRBeWFd9i9f6Kg,post_message_forwarding,,
00015-mth-253-discussions-discussions-sequences-and-series-mth-253z-400-u2026,MTH-253,discussions,0,Error,about:blank,,,
00015-mth-253-discussions-discussions-sequences-and-series-mth-253z-400-u2026,MTH-253,discussions,1,post_message_forwarding,https://sso.canvaslms.com/post_message_forwarding?rev=e6aca5e55d-9c856c93fa625037&token=eyJ0eXAiOiJKV1QiLCJhbGciOiJIUzUxMiJ9.eyJwYXJlbnRfZG9tYWluIjoiY2FudmFzLm9yZWdvbnN0YXRlLmVkdSJ9.Y_7TbGBrESilECMiEp8IL9n-40gHDCjKBtRp1VeImmjwp-ey16yj9FLfLrLzGYInjx8U6Ow5IRBeWFd9i9f6Kg,post_message_forwarding,,
00016-mth-253-quizzes-quizzes-sequences-and-series-mth-253z-400-u2026,MTH-253,quizzes,0,Error,about:blank,,,
00016-mth-253-quizzes-quizzes-sequences-and-series-mth-253z-400-u2026,MTH-253,quizzes,1,post_message_forwarding,https://sso.canvaslms.com/post_message_forwarding?rev=e6aca5e55d-9c856c93fa625037&token=eyJ0eXAiOiJKV1QiLCJhbGciOiJIUzUxMiJ9.eyJwYXJlbnRfZG9tYWluIjoiY2FudmFzLm9yZWdvbnN0YXRlLmVkdSJ9.Y_7TbGBrESilECMiEp8IL9n-40gHDCjKBtRp1VeImmjwp-ey16yj9FLfLrLzGYInjx8U6Ow5IRBeWFd9i9f6Kg,post_message_forwarding,,
00017-phy-212-home-general-physics-with-calculus-ph-212-400-u2026,PHY-212,home,0,Error,about:blank,,,
00017-phy-212-home-general-physics-with-calculus-ph-212-400-u2026,PHY-212,home,1,post_message_forwarding,https://sso.canvaslms.com/post_message_forwarding?rev=e6aca5e55d-9c856c93fa625037&token=eyJ0eXAiOiJKV1QiLCJhbGciOiJIUzUxMiJ9.eyJwYXJlbnRfZG9tYWluIjoiY2FudmFzLm9yZWdvbnN0YXRlLmVkdSJ9.Y_7TbGBrESilECMiEp8IL9n-40gHDCjKBtRp1VeImmjwp-ey16yj9FLfLrLzGYInjx8U6Ow5IRBeWFd9i9f6Kg,post_message_forwarding,,
00018-phy-212-modules-course-modules-general-physics-with-calculus-ph-212-400-u2026,PHY-212,modules,0,Error,about:blank,,,
00018-phy-212-modules-course-modules-general-physics-with-calculus-ph-212-400-u2026,PHY-212,modules,1,post_message_forwarding,https://sso.canvaslms.com/post_message_forwarding?rev=e6aca5e55d-9c856c93fa625037&token=eyJ0eXAiOiJKV1QiLCJhbGciOiJIUzUxMiJ9.eyJwYXJlbnRfZG9tYWluIjoiY2FudmFzLm9yZWdvbnN0YXRlLmVkdSJ9.Y_7TbGBrESilECMiEp8IL9n-40gHDCjKBtRp1VeImmjwp-ey16yj9FLfLrLzGYInjx8U6Ow5IRBeWFd9i9f6Kg,post_message_forwarding,,
00019-phy-212-assignments-assignments-general-physics-with-calculus-ph-212-400-u2026,PHY-212,assignments,0,Error,about:blank,,,
00019-phy-212-assignments-assignments-general-physics-with-calculus-ph-212-400-u2026,PHY-212,assignments,1,post_message_forwarding,https://sso.canvaslms.com/post_message_forwarding?rev=e6aca5e55d-9c856c93fa625037&token=eyJ0eXAiOiJKV1QiLCJhbGciOiJIUzUxMiJ9.eyJwYXJlbnRfZG9tYWluIjoiY2FudmFzLm9yZWdvbnN0YXRlLmVkdSJ9.Y_7TbGBrESilECMiEp8IL9n-40gHDCjKBtRp1VeImmjwp-ey16yj9FLfLrLzGYInjx8U6Ow5IRBeWFd9i9f6Kg,post_message_forwarding,,
00020-phy-212-grades-grades-for-jacob-peterson-general-physics-with-calculus-ph-212-400-u2026,PHY-212,grades,0,Error,about:blank,,,
00020-phy-212-grades-grades-for-jacob-peterson-general-physics-with-calculus-ph-212-400-u2026,PHY-212,grades,1,post_message_forwarding,https://sso.canvaslms.com/post_message_forwarding?rev=e6aca5e55d-9c856c93fa625037&token=eyJ0eXAiOiJKV1QiLCJhbGciOiJIUzUxMiJ9.eyJwYXJlbnRfZG9tYWluIjoiY2FudmFzLm9yZWdvbnN0YXRlLmVkdSJ9.Y_7TbGBrESilECMiEp8IL9n-40gHDCjKBtRp1VeImmjwp-ey16yj9FLfLrLzGYInjx8U6Ow5IRBeWFd9i9f6Kg,post_message_forwarding,,
00021-phy-212-announcements-announcements-general-physics-with-calculus-ph-212-400-u2026,PHY-212,announcements,0,Error,about:blank,,,
00021-phy-212-announcements-announcements-general-physics-with-calculus-ph-212-400-u2026,PHY-212,announcements,1,post_message_forwarding,https://sso.canvaslms.com/post_message_forwarding?rev=e6aca5e55d-9c856c93fa625037&token=eyJ0eXAiOiJKV1QiLCJhbGciOiJIUzUxMiJ9.eyJwYXJlbnRfZG9tYWluIjoiY2FudmFzLm9yZWdvbnN0YXRlLmVkdSJ9.Y_7TbGBrESilECMiEp8IL9n-40gHDCjKBtRp1VeImmjwp-ey16yj9FLfLrLzGYInjx8U6Ow5IRBeWFd9i9f6Kg,post_message_forwarding,,
00022-phy-212-syllabus-syllabus-for-general-physics-with-calculus-ph-212-400-u2026,PHY-212,syllabus,0,Error,about:blank,,,
00022-phy-212-syllabus-syllabus-for-general-physics-with-calculus-ph-212-400-u2026,PHY-212,syllabus,1,post_message_forwarding,https://sso.canvaslms.com/post_message_forwarding?rev=e6aca5e55d-9c856c93fa625037&token=eyJ0eXAiOiJKV1QiLCJhbGciOiJIUzUxMiJ9.eyJwYXJlbnRfZG9tYWluIjoiY2FudmFzLm9yZWdvbnN0YXRlLmVkdSJ9.Y_7TbGBrESilECMiEp8IL9n-40gHDCjKBtRp1VeImmjwp-ey16yj9FLfLrLzGYInjx8U6Ow5IRBeWFd9i9f6Kg,post_message_forwarding,,
00023-phy-212-discussions-discussions-general-physics-with-calculus-ph-212-400-u2026,PHY-212,discussions,0,Error,about:blank,,,
00023-phy-212-discussions-discussions-general-physics-with-calculus-ph-212-400-u2026,PHY-212,discussions,1,post_message_forwarding,https://sso.canvaslms.com/post_message_forwarding?rev=e6aca5e55d-9c856c93fa625037&token=eyJ0eXAiOiJKV1QiLCJhbGciOiJIUzUxMiJ9.eyJwYXJlbnRfZG9tYWluIjoiY2FudmFzLm9yZWdvbnN0YXRlLmVkdSJ9.Y_7TbGBrESilECMiEp8IL9n-40gHDCjKBtRp1VeImmjwp-ey16yj9FLfLrLzGYInjx8U6Ow5IRBeWFd9i9f6Kg,post_message_forwarding,,
00024-phy-212-quizzes-general-physics-with-calculus-ph-212-400-u2026,PHY-212,quizzes,0,Error,about:blank,,,
00024-phy-212-quizzes-general-physics-with-calculus-ph-212-400-u2026,PHY-212,quizzes,1,post_message_forwarding,https://sso.canvaslms.com/post_message_forwarding?rev=e6aca5e55d-9c856c93fa625037&token=eyJ0eXAiOiJKV1QiLCJhbGciOiJIUzUxMiJ9.eyJwYXJlbnRfZG9tYWluIjoiY2FudmFzLm9yZWdvbnN0YXRlLmVkdSJ9.Y_7TbGBrESilECMiEp8IL9n-40gHDCjKBtRp1VeImmjwp-ey16yj9FLfLrLzGYInjx8U6Ow5IRBeWFd9i9f6Kg,post_message_forwarding,,
00025-mth-252-linked-detail-course-modules-integral-calculus-mth-252z-400-u2026,MTH-252,linked_detail,0,Error,about:blank,,,
00025-mth-252-linked-detail-course-modules-integral-calculus-mth-252z-400-u2026,MTH-252,linked_detail,1,post_message_forwarding,https://sso.canvaslms.com/post_message_forwarding?rev=e6aca5e55d-9c856c93fa625037&token=eyJ0eXAiOiJKV1QiLCJhbGciOiJIUzUxMiJ9.eyJwYXJlbnRfZG9tYWluIjoiY2FudmFzLm9yZWdvbnN0YXRlLmVkdSJ9.Y_7TbGBrESilECMiEp8IL9n-40gHDCjKBtRp1VeImmjwp-ey16yj9FLfLrLzGYInjx8U6Ow5IRBeWFd9i9f6Kg,post_message_forwarding,,
00026-mth-252-linked-detail-course-modules-integral-calculus-mth-252z-400-u2026,MTH-252,linked_detail,0,Error,about:blank,,,
00026-mth-252-linked-detail-course-modules-integral-calculus-mth-252z-400-u2026,MTH-252,linked_detail,1,post_message_forwarding,https://sso.canvaslms.com/post_message_forwarding?rev=e6aca5e55d-9c856c93fa625037&token=eyJ0eXAiOiJKV1QiLCJhbGciOiJIUzUxMiJ9.eyJwYXJlbnRfZG9tYWluIjoiY2FudmFzLm9yZWdvbnN0YXRlLmVkdSJ9.Y_7TbGBrESilECMiEp8IL9n-40gHDCjKBtRp1VeImmjwp-ey16yj9FLfLrLzGYInjx8U6Ow5IRBeWFd9i9f6Kg,post_message_forwarding,,
00027-mth-252-linked-detail-course-modules-integral-calculus-mth-252z-400-u2026,MTH-252,linked_detail,0,Error,about:blank,,,
00027-mth-252-linked-detail-course-modules-integral-calculus-mth-252z-400-u2026,MTH-252,linked_detail,1,post_message_forwarding,https://sso.canvaslms.com/post_message_forwarding?rev=e6aca5e55d-9c856c93fa625037&token=eyJ0eXAiOiJKV1QiLCJhbGciOiJIUzUxMiJ9.eyJwYXJlbnRfZG9tYWluIjoiY2FudmFzLm9yZWdvbnN0YXRlLmVkdSJ9.Y_7TbGBrESilECMiEp8IL9n-40gHDCjKBtRp1VeImmjwp-ey16yj9FLfLrLzGYInjx8U6Ow5IRBeWFd9i9f6Kg,post_message_forwarding,,
00028-mth-252-linked-detail-course-modules-integral-calculus-mth-252z-400-u2026,MTH-252,linked_detail,0,Error,about:blank,,,
00028-mth-252-linked-detail-course-modules-integral-calculus-mth-252z-400-u2026,MTH-252,linked_detail,1,post_message_forwarding,https://sso.canvaslms.com/post_message_forwarding?rev=e6aca5e55d-9c856c93fa625037&token=eyJ0eXAiOiJKV1QiLCJhbGciOiJIUzUxMiJ9.eyJwYXJlbnRfZG9tYWluIjoiY2FudmFzLm9yZWdvbnN0YXRlLmVkdSJ9.Y_7TbGBrESilECMiEp8IL9n-40gHDCjKBtRp1VeImmjwp-ey16yj9FLfLrLzGYInjx8U6Ow5IRBeWFd9i9f6Kg,post_message_forwarding,,
00029-mth-252-linked-detail-course-modules-integral-calculus-mth-252z-400-u2026,MTH-252,linked_detail,0,Error,about:blank,,,
00029-mth-252-linked-detail-course-modules-integral-calculus-mth-252z-400-u2026,MTH-252,linked_detail,1,post_message_forwarding,https://sso.canvaslms.com/post_message_forwarding?rev=e6aca5e55d-9c856c93fa625037&token=eyJ0eXAiOiJKV1QiLCJhbGciOiJIUzUxMiJ9.eyJwYXJlbnRfZG9tYWluIjoiY2FudmFzLm9yZWdvbnN0YXRlLmVkdSJ9.Y_7TbGBrESilECMiEp8IL9n-40gHDCjKBtRp1VeImmjwp-ey16yj9FLfLrLzGYInjx8U6Ow5IRBeWFd9i9f6Kg,post_message_forwarding,,
00030-mth-252-linked-detail-course-modules-integral-calculus-mth-252z-400-u2026,MTH-252,linked_detail,0,Error,about:blank,,,
00030-mth-252-linked-detail-course-modules-integral-calculus-mth-252z-400-u2026,MTH-252,linked_detail,1,post_message_forwarding,https://sso.canvaslms.com/post_message_forwarding?rev=e6aca5e55d-9c856c93fa625037&token=eyJ0eXAiOiJKV1QiLCJhbGciOiJIUzUxMiJ9.eyJwYXJlbnRfZG9tYWluIjoiY2FudmFzLm9yZWdvbnN0YXRlLmVkdSJ9.Y_7TbGBrESilECMiEp8IL9n-40gHDCjKBtRp1VeImmjwp-ey16yj9FLfLrLzGYInjx8U6Ow5IRBeWFd9i9f6Kg,post_message_forwarding,,
00031-mth-252-linked-detail-course-modules-integral-calculus-mth-252z-400-u2026,MTH-252,linked_detail,0,Error,about:blank,,,
00031-mth-252-linked-detail-course-modules-integral-calculus-mth-252z-400-u2026,MTH-252,linked_detail,1,post_message_forwarding,https://sso.canvaslms.com/post_message_forwarding?rev=e6aca5e55d-9c856c93fa625037&token=eyJ0eXAiOiJKV1QiLCJhbGciOiJIUzUxMiJ9.eyJwYXJlbnRfZG9tYWluIjoiY2FudmFzLm9yZWdvbnN0YXRlLmVkdSJ9.Y_7TbGBrESilECMiEp8IL9n-40gHDCjKBtRp1VeImmjwp-ey16yj9FLfLrLzGYInjx8U6Ow5IRBeWFd9i9f6Kg,post_message_forwarding,,
00032-mth-252-linked-detail-course-modules-integral-calculus-mth-252z-400-u2026,MTH-252,linked_detail,0,Error,about:blank,,,
00032-mth-252-linked-detail-course-modules-integral-calculus-mth-252z-400-u2026,MTH-252,linked_detail,1,post_message_forwarding,https://sso.canvaslms.com/post_message_forwarding?rev=e6aca5e55d-9c856c93fa625037&token=eyJ0eXAiOiJKV1QiLCJhbGciOiJIUzUxMiJ9.eyJwYXJlbnRfZG9tYWluIjoiY2FudmFzLm9yZWdvbnN0YXRlLmVkdSJ9.Y_7TbGBrESilECMiEp8IL9n-40gHDCjKBtRp1VeImmjwp-ey16yj9FLfLrLzGYInjx8U6Ow5IRBeWFd9i9f6Kg,post_message_forwarding,,
00033-mth-252-linked-detail-course-modules-integral-calculus-mth-252z-400-u2026,MTH-252,linked_detail,0,Error,about:blank,,,
00033-mth-252-linked-detail-course-modules-integral-calculus-mth-252z-400-u2026,MTH-252,linked_detail,1,post_message_forwarding,https://sso.canvaslms.com/post_message_forwarding?rev=e6aca5e55d-9c856c93fa625037&token=eyJ0eXAiOiJKV1QiLCJhbGciOiJIUzUxMiJ9.eyJwYXJlbnRfZG9tYWluIjoiY2FudmFzLm9yZWdvbnN0YXRlLmVkdSJ9.Y_7TbGBrESilECMiEp8IL9n-40gHDCjKBtRp1VeImmjwp-ey16yj9FLfLrLzGYInjx8U6Ow5IRBeWFd9i9f6Kg,post_message_forwarding,,
00034-mth-252-linked-detail-course-modules-integral-calculus-mth-252z-400-u2026,MTH-252,linked_detail,0,Error,about:blank,,,
00034-mth-252-linked-detail-course-modules-integral-calculus-mth-252z-400-u2026,MTH-252,linked_detail,1,post_message_forwarding,https://sso.canvaslms.com/post_message_forwarding?rev=e6aca5e55d-9c856c93fa625037&token=eyJ0eXAiOiJKV1QiLCJhbGciOiJIUzUxMiJ9.eyJwYXJlbnRfZG9tYWluIjoiY2FudmFzLm9yZWdvbnN0YXRlLmVkdSJ9.Y_7TbGBrESilECMiEp8IL9n-40gHDCjKBtRp1VeImmjwp-ey16yj9FLfLrLzGYInjx8U6Ow5IRBeWFd9i9f6Kg,post_message_forwarding,,
00035-mth-252-linked-detail-course-modules-integral-calculus-mth-252z-400-u2026,MTH-252,linked_detail,0,Error,about:blank,,,
00035-mth-252-linked-detail-course-modules-integral-calculus-mth-252z-400-u2026,MTH-252,linked_detail,1,post_message_forwarding,https://sso.canvaslms.com/post_message_forwarding?rev=e6aca5e55d-9c856c93fa625037&token=eyJ0eXAiOiJKV1QiLCJhbGciOiJIUzUxMiJ9.eyJwYXJlbnRfZG9tYWluIjoiY2FudmFzLm9yZWdvbnN0YXRlLmVkdSJ9.Y_7TbGBrESilECMiEp8IL9n-40gHDCjKBtRp1VeImmjwp-ey16yj9FLfLrLzGYInjx8U6Ow5IRBeWFd9i9f6Kg,post_message_forwarding,,
00036-mth-252-linked-detail-course-modules-integral-calculus-mth-252z-400-u2026,MTH-252,linked_detail,0,Error,about:blank,,,
00036-mth-252-linked-detail-course-modules-integral-calculus-mth-252z-400-u2026,MTH-252,linked_detail,1,post_message_forwarding,https://sso.canvaslms.com/post_message_forwarding?rev=e6aca5e55d-9c856c93fa625037&token=eyJ0eXAiOiJKV1QiLCJhbGciOiJIUzUxMiJ9.eyJwYXJlbnRfZG9tYWluIjoiY2FudmFzLm9yZWdvbnN0YXRlLmVkdSJ9.Y_7TbGBrESilECMiEp8IL9n-40gHDCjKBtRp1VeImmjwp-ey16yj9FLfLrLzGYInjx8U6Ow5IRBeWFd9i9f6Kg,post_message_forwarding,,
00037-mth-252-linked-detail-integral-calculus-mth-252z-400-u2026,MTH-252,linked_detail,0,Error,about:blank,,,
00037-mth-252-linked-detail-integral-calculus-mth-252z-400-u2026,MTH-252,linked_detail,1,Canvas-Overview-Ecampus.mp4,https://canvas.oregonstate.edu/courses/2080857/external_tools/retrieve?display=borderless&resource_link_lookup_uuid=e12a0a10-ceae-4999-8498-ea9f01fa6d57,,,
00037-mth-252-linked-detail-integral-calculus-mth-252z-400-u2026,MTH-252,linked_detail,2,post_message_forwarding,https://sso.canvaslms.com/post_message_forwarding?rev=e6aca5e55d-9c856c93fa625037&token=eyJ0eXAiOiJKV1QiLCJhbGciOiJIUzUxMiJ9.eyJwYXJlbnRfZG9tYWluIjoiY2FudmFzLm9yZWdvbnN0YXRlLmVkdSJ9.Y_7TbGBrESilECMiEp8IL9n-40gHDCjKBtRp1VeImmjwp-ey16yj9FLfLrLzGYInjx8U6Ow5IRBeWFd9i9f6Kg,post_message_forwarding,,
00038-mth-252-linked-detail-integral-calculus-mth-252z-400-u2026,MTH-252,linked_detail,0,Error,about:blank,,,
00038-mth-252-linked-detail-integral-calculus-mth-252z-400-u2026,MTH-252,linked_detail,1,Canvas-Overview-Ecampus.mp4,https://canvas.oregonstate.edu/courses/2080857/external_tools/retrieve?display=borderless&resource_link_lookup_uuid=e12a0a10-ceae-4999-8498-ea9f01fa6d57,,,
00038-mth-252-linked-detail-integral-calculus-mth-252z-400-u2026,MTH-252,linked_detail,2,post_message_forwarding,https://sso.canvaslms.com/post_message_forwarding?rev=e6aca5e55d-9c856c93fa625037&token=eyJ0eXAiOiJKV1QiLCJhbGciOiJIUzUxMiJ9.eyJwYXJlbnRfZG9tYWluIjoiY2FudmFzLm9yZWdvbnN0YXRlLmVkdSJ9.Y_7TbGBrESilECMiEp8IL9n-40gHDCjKBtRp1VeImmjwp-ey16yj9FLfLrLzGYInjx8U6Ow5IRBeWFd9i9f6Kg,post_message_forwarding,,
00039-mth-252-linked-detail-integral-calculus-mth-252z-400-u2026,MTH-252,linked_detail,0,Error,about:blank,,,
00039-mth-252-linked-detail-integral-calculus-mth-252z-400-u2026,MTH-252,linked_detail,1,Canvas-Overview-Ecampus.mp4,https://canvas.oregonstate.edu/courses/2080857/external_tools/retrieve?display=borderless&resource_link_lookup_uuid=e12a0a10-ceae-4999-8498-ea9f01fa6d57,,,
00039-mth-252-linked-detail-integral-calculus-mth-252z-400-u2026,MTH-252,linked_detail,2,post_message_forwarding,https://sso.canvaslms.com/post_message_forwarding?rev=e6aca5e55d-9c856c93fa625037&token=eyJ0eXAiOiJKV1QiLCJhbGciOiJIUzUxMiJ9.eyJwYXJlbnRfZG9tYWluIjoiY2FudmFzLm9yZWdvbnN0YXRlLmVkdSJ9.Y_7TbGBrESilECMiEp8IL9n-40gHDCjKBtRp1VeImmjwp-ey16yj9FLfLrLzGYInjx8U6Ow5IRBeWFd9i9f6Kg,post_message_forwarding,,
00040-mth-252-linked-detail-integral-calculus-mth-252z-400-u2026,MTH-252,linked_detail,0,Error,about:blank,,,
00040-mth-252-linked-detail-integral-calculus-mth-252z-400-u2026,MTH-252,linked_detail,1,Canvas-Overview-Ecampus.mp4,https://canvas.oregonstate.edu/courses/2080857/external_tools/retrieve?display=borderless&resource_link_lookup_uuid=e12a0a10-ceae-4999-8498-ea9f01fa6d57,,,
00040-mth-252-linked-detail-integral-calculus-mth-252z-400-u2026,MTH-252,linked_detail,2,post_message_forwarding,https://sso.canvaslms.com/post_message_forwarding?rev=e6aca5e55d-9c856c93fa625037&token=eyJ0eXAiOiJKV1QiLCJhbGciOiJIUzUxMiJ9.eyJwYXJlbnRfZG9tYWluIjoiY2FudmFzLm9yZWdvbnN0YXRlLmVkdSJ9.Y_7TbGBrESilECMiEp8IL9n-40gHDCjKBtRp1VeImmjwp-ey16yj9FLfLrLzGYInjx8U6Ow5IRBeWFd9i9f6Kg,post_message_forwarding,,
00041-mth-252-linked-detail-integral-calculus-mth-252z-400-u2026,MTH-252,linked_detail,0,Error,about:blank,,,
00041-mth-252-linked-detail-integral-calculus-mth-252z-400-u2026,MTH-252,linked_detail,1,Canvas-Overview-Ecampus.mp4,https://canvas.oregonstate.edu/courses/2080857/external_tools/retrieve?display=borderless&resource_link_lookup_uuid=e12a0a10-ceae-4999-8498-ea9f01fa6d57,,,
00041-mth-252-linked-detail-integral-calculus-mth-252z-400-u2026,MTH-252,linked_detail,2,post_message_forwarding,https://sso.canvaslms.com/post_message_forwarding?rev=e6aca5e55d-9c856c93fa625037&token=eyJ0eXAiOiJKV1QiLCJhbGciOiJIUzUxMiJ9.eyJwYXJlbnRfZG9tYWluIjoiY2FudmFzLm9yZWdvbnN0YXRlLmVkdSJ9.Y_7TbGBrESilECMiEp8IL9n-40gHDCjKBtRp1VeImmjwp-ey16yj9FLfLrLzGYInjx8U6Ow5IRBeWFd9i9f6Kg,post_message_forwarding,,
00042-mth-252-linked-detail-module-progression-by-student-integral-calculus-mth-252z-400-u2026,MTH-252,linked_detail,0,Error,about:blank,,,
00042-mth-252-linked-detail-module-progression-by-student-integral-calculus-mth-252z-400-u2026,MTH-252,linked_detail,1,post_message_forwarding,https://sso.canvaslms.com/post_message_forwarding?rev=e6aca5e55d-9c856c93fa625037&token=eyJ0eXAiOiJKV1QiLCJhbGciOiJIUzUxMiJ9.eyJwYXJlbnRfZG9tYWluIjoiY2FudmFzLm9yZWdvbnN0YXRlLmVkdSJ9.Y_7TbGBrESilECMiEp8IL9n-40gHDCjKBtRp1VeImmjwp-ey16yj9FLfLrLzGYInjx8U6Ow5IRBeWFd9i9f6Kg,post_message_forwarding,,
00043-mth-253-linked-detail-course-modules-sequences-and-series-mth-253z-400-u2026,MTH-253,linked_detail,0,Error,about:blank,,,
00043-mth-253-linked-detail-course-modules-sequences-and-series-mth-253z-400-u2026,MTH-253,linked_detail,1,post_message_forwarding,https://sso.canvaslms.com/post_message_forwarding?rev=e6aca5e55d-9c856c93fa625037&token=eyJ0eXAiOiJKV1QiLCJhbGciOiJIUzUxMiJ9.eyJwYXJlbnRfZG9tYWluIjoiY2FudmFzLm9yZWdvbnN0YXRlLmVkdSJ9.Y_7TbGBrESilECMiEp8IL9n-40gHDCjKBtRp1VeImmjwp-ey16yj9FLfLrLzGYInjx8U6Ow5IRBeWFd9i9f6Kg,post_message_forwarding,,
00044-mth-253-linked-detail-course-modules-sequences-and-series-mth-253z-400-u2026,MTH-253,linked_detail,0,Error,about:blank,,,
00044-mth-253-linked-detail-course-modules-sequences-and-series-mth-253z-400-u2026,MTH-253,linked_detail,1,post_message_forwarding,https://sso.canvaslms.com/post_message_forwarding?rev=e6aca5e55d-9c856c93fa625037&token=eyJ0eXAiOiJKV1QiLCJhbGciOiJIUzUxMiJ9.eyJwYXJlbnRfZG9tYWluIjoiY2FudmFzLm9yZWdvbnN0YXRlLmVkdSJ9.Y_7TbGBrESilECMiEp8IL9n-40gHDCjKBtRp1VeImmjwp-ey16yj9FLfLrLzGYInjx8U6Ow5IRBeWFd9i9f6Kg,post_message_forwarding,,
00045-mth-253-linked-detail-course-modules-sequences-and-series-mth-253z-400-u2026,MTH-253,linked_detail,0,Error,about:blank,,,
00045-mth-253-linked-detail-course-modules-sequences-and-series-mth-253z-400-u2026,MTH-253,linked_detail,1,post_message_forwarding,https://sso.canvaslms.com/post_message_forwarding?rev=e6aca5e55d-9c856c93fa625037&token=eyJ0eXAiOiJKV1QiLCJhbGciOiJIUzUxMiJ9.eyJwYXJlbnRfZG9tYWluIjoiY2FudmFzLm9yZWdvbnN0YXRlLmVkdSJ9.Y_7TbGBrESilECMiEp8IL9n-40gHDCjKBtRp1VeImmjwp-ey16yj9FLfLrLzGYInjx8U6Ow5IRBeWFd9i9f6Kg,post_message_forwarding,,
00046-mth-253-linked-detail-course-modules-sequences-and-series-mth-253z-400-u2026,MTH-253,linked_detail,0,Error,about:blank,,,
00046-mth-253-linked-detail-course-modules-sequences-and-series-mth-253z-400-u2026,MTH-253,linked_detail,1,post_message_forwarding,https://sso.canvaslms.com/post_message_forwarding?rev=e6aca5e55d-9c856c93fa625037&token=eyJ0eXAiOiJKV1QiLCJhbGciOiJIUzUxMiJ9.eyJwYXJlbnRfZG9tYWluIjoiY2FudmFzLm9yZWdvbnN0YXRlLmVkdSJ9.Y_7TbGBrESilECMiEp8IL9n-40gHDCjKBtRp1VeImmjwp-ey16yj9FLfLrLzGYInjx8U6Ow5IRBeWFd9i9f6Kg,post_message_forwarding,,
00047-mth-253-linked-detail-course-modules-sequences-and-series-mth-253z-400-u2026,MTH-253,linked_detail,0,Error,about:blank,,,
00047-mth-253-linked-detail-course-modules-sequences-and-series-mth-253z-400-u2026,MTH-253,linked_detail,1,post_message_forwarding,https://sso.canvaslms.com/post_message_forwarding?rev=e6aca5e55d-9c856c93fa625037&token=eyJ0eXAiOiJKV1QiLCJhbGciOiJIUzUxMiJ9.eyJwYXJlbnRfZG9tYWluIjoiY2FudmFzLm9yZWdvbnN0YXRlLmVkdSJ9.Y_7TbGBrESilECMiEp8IL9n-40gHDCjKBtRp1VeImmjwp-ey16yj9FLfLrLzGYInjx8U6Ow5IRBeWFd9i9f6Kg,post_message_forwarding,,
00048-mth-253-linked-detail-course-modules-sequences-and-series-mth-253z-400-u2026,MTH-253,linked_detail,0,Error,about:blank,,,
00048-mth-253-linked-detail-course-modules-sequences-and-series-mth-253z-400-u2026,MTH-253,linked_detail,1,post_message_forwarding,https://sso.canvaslms.com/post_message_forwarding?rev=e6aca5e55d-9c856c93fa625037&token=eyJ0eXAiOiJKV1QiLCJhbGciOiJIUzUxMiJ9.eyJwYXJlbnRfZG9tYWluIjoiY2FudmFzLm9yZWdvbnN0YXRlLmVkdSJ9.Y_7TbGBrESilECMiEp8IL9n-40gHDCjKBtRp1VeImmjwp-ey16yj9FLfLrLzGYInjx8U6Ow5IRBeWFd9i9f6Kg,post_message_forwarding,,
00049-mth-253-linked-detail-course-modules-sequences-and-series-mth-253z-400-u2026,MTH-253,linked_detail,0,Error,about:blank,,,
00049-mth-253-linked-detail-course-modules-sequences-and-series-mth-253z-400-u2026,MTH-253,linked_detail,1,post_message_forwarding,https://sso.canvaslms.com/post_message_forwarding?rev=e6aca5e55d-9c856c93fa625037&token=eyJ0eXAiOiJKV1QiLCJhbGciOiJIUzUxMiJ9.eyJwYXJlbnRfZG9tYWluIjoiY2FudmFzLm9yZWdvbnN0YXRlLmVkdSJ9.Y_7TbGBrESilECMiEp8IL9n-40gHDCjKBtRp1VeImmjwp-ey16yj9FLfLrLzGYInjx8U6Ow5IRBeWFd9i9f6Kg,post_message_forwarding,,
00050-mth-253-linked-detail-sequences-and-series-mth-253z-400-u2026,MTH-253,linked_detail,0,Error,about:blank,,,
00050-mth-253-linked-detail-sequences-and-series-mth-253z-400-u2026,MTH-253,linked_detail,1,Radu Dascaliuc's MTH253Z Ecampus Greeting,https://canvas.oregonstate.edu/courses/2053263/external_tools/retrieve?display=borderless&resource_link_lookup_uuid=1a24eb79-2d2a-49ee-b4d4-e0278ba45fd9,,,
00050-mth-253-linked-detail-sequences-and-series-mth-253z-400-u2026,MTH-253,linked_detail,2,post_message_forwarding,https://sso.canvaslms.com/post_message_forwarding?rev=e6aca5e55d-9c856c93fa625037&token=eyJ0eXAiOiJKV1QiLCJhbGciOiJIUzUxMiJ9.eyJwYXJlbnRfZG9tYWluIjoiY2FudmFzLm9yZWdvbnN0YXRlLmVkdSJ9.Y_7TbGBrESilECMiEp8IL9n-40gHDCjKBtRp1VeImmjwp-ey16yj9FLfLrLzGYInjx8U6Ow5IRBeWFd9i9f6Kg,post_message_forwarding,,
00051-mth-253-linked-detail-sequences-and-series-mth-253z-400-u2026,MTH-253,linked_detail,0,Error,about:blank,,,
00051-mth-253-linked-detail-sequences-and-series-mth-253z-400-u2026,MTH-253,linked_detail,1,Radu Dascaliuc's MTH253Z Ecampus Greeting,https://canvas.oregonstate.edu/courses/2053263/external_tools/retrieve?display=borderless&resource_link_lookup_uuid=1a24eb79-2d2a-49ee-b4d4-e0278ba45fd9,,,
00051-mth-253-linked-detail-sequences-and-series-mth-253z-400-u2026,MTH-253,linked_detail,2,post_message_forwarding,https://sso.canvaslms.com/post_message_forwarding?rev=e6aca5e55d-9c856c93fa625037&token=eyJ0eXAiOiJKV1QiLCJhbGciOiJIUzUxMiJ9.eyJwYXJlbnRfZG9tYWluIjoiY2FudmFzLm9yZWdvbnN0YXRlLmVkdSJ9.Y_7TbGBrESilECMiEp8IL9n-40gHDCjKBtRp1VeImmjwp-ey16yj9FLfLrLzGYInjx8U6Ow5IRBeWFd9i9f6Kg,post_message_forwarding,,
00052-mth-253-linked-detail-sequences-and-series-mth-253z-400-u2026,MTH-253,linked_detail,0,Error,about:blank,,,
00052-mth-253-linked-detail-sequences-and-series-mth-253z-400-u2026,MTH-253,linked_detail,1,Radu Dascaliuc's MTH253Z Ecampus Greeting,https://canvas.oregonstate.edu/courses/2053263/external_tools/retrieve?display=borderless&resource_link_lookup_uuid=1a24eb79-2d2a-49ee-b4d4-e0278ba45fd9,,,
00052-mth-253-linked-detail-sequences-and-series-mth-253z-400-u2026,MTH-253,linked_detail,2,post_message_forwarding,https://sso.canvaslms.com/post_message_forwarding?rev=e6aca5e55d-9c856c93fa625037&token=eyJ0eXAiOiJKV1QiLCJhbGciOiJIUzUxMiJ9.eyJwYXJlbnRfZG9tYWluIjoiY2FudmFzLm9yZWdvbnN0YXRlLmVkdSJ9.Y_7TbGBrESilECMiEp8IL9n-40gHDCjKBtRp1VeImmjwp-ey16yj9FLfLrLzGYInjx8U6Ow5IRBeWFd9i9f6Kg,post_message_forwarding,,
00053-mth-253-linked-detail-sequences-and-series-mth-253z-400-u2026,MTH-253,linked_detail,0,Error,about:blank,,,
00053-mth-253-linked-detail-sequences-and-series-mth-253z-400-u2026,MTH-253,linked_detail,1,Radu Dascaliuc's MTH253Z Ecampus Greeting,https://canvas.oregonstate.edu/courses/2053263/external_tools/retrieve?display=borderless&resource_link_lookup_uuid=1a24eb79-2d2a-49ee-b4d4-e0278ba45fd9,,,
00053-mth-253-linked-detail-sequences-and-series-mth-253z-400-u2026,MTH-253,linked_detail,2,post_message_forwarding,https://sso.canvaslms.com/post_message_forwarding?rev=e6aca5e55d-9c856c93fa625037&token=eyJ0eXAiOiJKV1QiLCJhbGciOiJIUzUxMiJ9.eyJwYXJlbnRfZG9tYWluIjoiY2FudmFzLm9yZWdvbnN0YXRlLmVkdSJ9.Y_7TbGBrESilECMiEp8IL9n-40gHDCjKBtRp1VeImmjwp-ey16yj9FLfLrLzGYInjx8U6Ow5IRBeWFd9i9f6Kg,post_message_forwarding,,
00054-mth-253-linked-detail-sequences-and-series-mth-253z-400-u2026,MTH-253,linked_detail,0,Error,about:blank,,,
00054-mth-253-linked-detail-sequences-and-series-mth-253z-400-u2026,MTH-253,linked_detail,1,Radu Dascaliuc's MTH253Z Ecampus Greeting,https://canvas.oregonstate.edu/courses/2053263/external_tools/retrieve?display=borderless&resource_link_lookup_uuid=1a24eb79-2d2a-49ee-b4d4-e0278ba45fd9,,,
00054-mth-253-linked-detail-sequences-and-series-mth-253z-400-u2026,MTH-253,linked_detail,2,post_message_forwarding,https://sso.canvaslms.com/post_message_forwarding?rev=e6aca5e55d-9c856c93fa625037&token=eyJ0eXAiOiJKV1QiLCJhbGciOiJIUzUxMiJ9.eyJwYXJlbnRfZG9tYWluIjoiY2FudmFzLm9yZWdvbnN0YXRlLmVkdSJ9.Y_7TbGBrESilECMiEp8IL9n-40gHDCjKBtRp1VeImmjwp-ey16yj9FLfLrLzGYInjx8U6Ow5IRBeWFd9i9f6Kg,post_message_forwarding,,
00055-mth-253-linked-detail-module-progression-by-student-sequences-and-series-mth-253z-400-u2026,MTH-253,linked_detail,0,Error,about:blank,,,
00055-mth-253-linked-detail-module-progression-by-student-sequences-and-series-mth-253z-400-u2026,MTH-253,linked_detail,1,post_message_forwarding,https://sso.canvaslms.com/post_message_forwarding?rev=e6aca5e55d-9c856c93fa625037&token=eyJ0eXAiOiJKV1QiLCJhbGciOiJIUzUxMiJ9.eyJwYXJlbnRfZG9tYWluIjoiY2FudmFzLm9yZWdvbnN0YXRlLmVkdSJ9.Y_7TbGBrESilECMiEp8IL9n-40gHDCjKBtRp1VeImmjwp-ey16yj9FLfLrLzGYInjx8U6Ow5IRBeWFd9i9f6Kg,post_message_forwarding,,
00056-phy-212-linked-detail-general-physics-with-calculus-ph-212-400-u2026,PHY-212,linked_detail,0,Error,about:blank,,,
00056-phy-212-linked-detail-general-physics-with-calculus-ph-212-400-u2026,PHY-212,linked_detail,1,post_message_forwarding,https://sso.canvaslms.com/post_message_forwarding?rev=e6aca5e55d-9c856c93fa625037&token=eyJ0eXAiOiJKV1QiLCJhbGciOiJIUzUxMiJ9.eyJwYXJlbnRfZG9tYWluIjoiY2FudmFzLm9yZWdvbnN0YXRlLmVkdSJ9.Y_7TbGBrESilECMiEp8IL9n-40gHDCjKBtRp1VeImmjwp-ey16yj9FLfLrLzGYInjx8U6Ow5IRBeWFd9i9f6Kg,post_message_forwarding,,
00057-phy-212-linked-detail-general-physics-with-calculus-ph-212-400-u2026,PHY-212,linked_detail,0,Error,about:blank,,,
00057-phy-212-linked-detail-general-physics-with-calculus-ph-212-400-u2026,PHY-212,linked_detail,1,post_message_forwarding,https://sso.canvaslms.com/post_message_forwarding?rev=e6aca5e55d-9c856c93fa625037&token=eyJ0eXAiOiJKV1QiLCJhbGciOiJIUzUxMiJ9.eyJwYXJlbnRfZG9tYWluIjoiY2FudmFzLm9yZWdvbnN0YXRlLmVkdSJ9.Y_7TbGBrESilECMiEp8IL9n-40gHDCjKBtRp1VeImmjwp-ey16yj9FLfLrLzGYInjx8U6Ow5IRBeWFd9i9f6Kg,post_message_forwarding,,
00058-phy-212-linked-detail-general-physics-with-calculus-ph-212-400-u2026,PHY-212,linked_detail,0,Error,about:blank,,,
00058-phy-212-linked-detail-general-physics-with-calculus-ph-212-400-u2026,PHY-212,linked_detail,1,post_message_forwarding,https://sso.canvaslms.com/post_message_forwarding?rev=e6aca5e55d-9c856c93fa625037&token=eyJ0eXAiOiJKV1QiLCJhbGciOiJIUzUxMiJ9.eyJwYXJlbnRfZG9tYWluIjoiY2FudmFzLm9yZWdvbnN0YXRlLmVkdSJ9.Y_7TbGBrESilECMiEp8IL9n-40gHDCjKBtRp1VeImmjwp-ey16yj9FLfLrLzGYInjx8U6Ow5IRBeWFd9i9f6Kg,post_message_forwarding,,
00059-phy-212-linked-detail-general-physics-with-calculus-ph-212-400-u2026,PHY-212,linked_detail,0,Error,about:blank,,,
00059-phy-212-linked-detail-general-physics-with-calculus-ph-212-400-u2026,PHY-212,linked_detail,1,post_message_forwarding,https://sso.canvaslms.com/post_message_forwarding?rev=e6aca5e55d-9c856c93fa625037&token=eyJ0eXAiOiJKV1QiLCJhbGciOiJIUzUxMiJ9.eyJwYXJlbnRfZG9tYWluIjoiY2FudmFzLm9yZWdvbnN0YXRlLmVkdSJ9.Y_7TbGBrESilECMiEp8IL9n-40gHDCjKBtRp1VeImmjwp-ey16yj9FLfLrLzGYInjx8U6Ow5IRBeWFd9i9f6Kg,post_message_forwarding,,
00060-phy-212-linked-detail-general-physics-with-calculus-ph-212-400-u2026,PHY-212,linked_detail,0,Error,about:blank,,,
00060-phy-212-linked-detail-general-physics-with-calculus-ph-212-400-u2026,PHY-212,linked_detail,1,post_message_forwarding,https://sso.canvaslms.com/post_message_forwarding?rev=e6aca5e55d-9c856c93fa625037&token=eyJ0eXAiOiJKV1QiLCJhbGciOiJIUzUxMiJ9.eyJwYXJlbnRfZG9tYWluIjoiY2FudmFzLm9yZWdvbnN0YXRlLmVkdSJ9.Y_7TbGBrESilECMiEp8IL9n-40gHDCjKBtRp1VeImmjwp-ey16yj9FLfLrLzGYInjx8U6Ow5IRBeWFd9i9f6Kg,post_message_forwarding,,
00061-phy-212-linked-detail-module-progression-by-student-general-physics-with-calculus-ph-212-400-u2026,PHY-212,linked_detail,0,Error,about:blank,,,
00061-phy-212-linked-detail-module-progression-by-student-general-physics-with-calculus-ph-212-400-u2026,PHY-212,linked_detail,1,post_message_forwarding,https://sso.canvaslms.com/post_message_forwarding?rev=e6aca5e55d-9c856c93fa625037&token=eyJ0eXAiOiJKV1QiLCJhbGciOiJIUzUxMiJ9.eyJwYXJlbnRfZG9tYWluIjoiY2FudmFzLm9yZWdvbnN0YXRlLmVkdSJ9.Y_7TbGBrESilECMiEp8IL9n-40gHDCjKBtRp1VeImmjwp-ey16yj9FLfLrLzGYInjx8U6Ow5IRBeWFd9i9f6Kg,post_message_forwarding,,
