course_code,canvas_file_id,override_status,title,text,notes
MTH-252,119223466,parsed,Lecture-2.3-2.4.pdf,"# Lecture-2.3-2.4.pdf

Machine OCR text from rendered PDF page images. Formula transcription may be noisy; rendered PNG pages are retained under /Users/jake/Developer/SU26/canvas/indexer/output/ocr_images/mth_119223466.

## Page 1

: Volumes By Shells
— ==3
j eae Peshangle, Vertreal fofansle
[Fiorend A sll with ier gree Ky out raciua tes anol
| ght 4 4 sald to Yadiug (= Vat.
| and theknsd DX= Q-e Volume  V= dmrrh Ax

## Page 2

7 [Det] A solit of revolurin obtund a vetating a
| egen on. £4,;61 around fhe Yo axis Aag
| Voluns of A : 6

Sold witkK =/im 2 wri h, aX = ar f rex) AbO Ak
{ ee “edly A> & Kay A
with ro) aucsage radit, hex) the Keapht
—[Examplet] Fink He volume of the Sit obteuud 4

rotating the regi. betwen in ae Ly
F002 -X*X48 Gof fee” X-axis on Lo, at around fhe
Yor AXUS
| ¥

- N ye fx
| Be | > X-aKs

! a

## Page 3

: [Example 3] Set up the ortigral tr fel tr vo
[Eka ay Va L VOU of
o ‘regfin | by the gre fixe Sa)

fee tine y22, anel fA0 X-anel y-areg arundel HE
_ K-axes
| a
ee ee

7 |

## Page 4

— Example 3] Shull miblacl. Seb yp fhe tategral Ae
| fhe Legh betwen fin) #4? anel y=s.
fy
ca) bb)
| bo 5
t——4 4
| ?
| aa eee:
. | - arounal yr axts cmd Ke2

## Page 5

R is the region bounded above by the graph of f(x) = 2x7 and below by the x-axis over the
interval [0, 6]. Find the volume of the solid of revolution formed by revolving R around the y-
axis.

Submit an exact answer in terms of 7.

## Page 6

R is the region bounded above by the graph of f(x) = 2 sin (2x?) + 2 and below by the x-
axis over the interval (0. v3z| . Find the volume of the solid of revolution formed by
revolving R around the y-axis.

Submit an exact answer in terms of 7.

## Page 7

Define R as the region bounded by the graphs of f(x) = 44/x and g(x) = x? in the interval
[0, 2]. Which of the following represents the volume of the solid of revolution formed by
rotating R about the line x = 3?
2
[ 2a(3 — x) (x2 4) dx
0
2
[ 2a(3 + x) (4,/¥ — x7) dx
0
0
[ 2a(3 — x) (44/¥ — x) dx
2
2
° [ 2a(3 — x) (4/8 — x7) dx
0
2
[ 2a(3 + x) (x? — 4,/x) dx
0

## Page 8

Q is the region bounded by the graph of v(y) = 4y,.x = 6, and y = 0. Find the volume of
the solid of revolution formed by revolving Q around the x-axis.
Submit an exact answer in terms of z.

## Page 9

Ave Length And Surface Aven
ey en = :
G
~~ “
-
ee a Ae a 4 2
Coe LR 1
a he Fe
Any s G ys y °
CAD LEAAS InetTp, A GALT A MANE Leng 71 <UAG
A (A nal
a a
a er
aa j A a
\ | nf
S| fay,
Ta
| |
A, VOX NAVE LAA
01Ng both diag ona

## Page 10

2.4
Let g(y) = 4y — 2. Calculate the arc length of the graph of g(y) over the interval [2, 7].
Enter an exact answer.
Arc Length = | units

## Page 11

2.4
3
Let g(y) = = -1+ +. Calculate the arc length of the graph of g(y) over the interval [1, 3].
Enter an exact answer.

## Page 12

2.4
Let f(x) = 2 — +. Calculate the arc length of the graph of x = g(y) over the interval x = 2 to
x=5.
Enter an exact answer.

## Page 13

— TThewom] an Ai ttewrttable on ca, Ve nN
0
Are oe, O f A
“ C4
N64 xza to X= 6 a x
i] —
r/AYe|* AX
A >A =i AX
AX = b-a Xp ZS atKka Ay, = #(x,) = all K.
n
[Example a) pled] Aguaxlinati a e1hg Thr tituag het line Dpibead Ss,
= 3 OWA = a
SS , \ 1 A
[Exaeypl 3/ Ot lye “A al to CA a (gn in 0414 f7 UAAAV OP.

## Page 14

= ————
{
— ; = >
[There] 0 Xx 6 it) ard o OnA le lle
[ ene
iu fa f, QALA 0 ¢ 6
= 4
C/
CL Ce ULM a A
Cae
JExcanple 4/ iw the
J XA4neg? } 2 ABA CX cA LA be AQ, GMA TAKS
LOTTI S \
/ ;
d Aor Ob Tuned de) i Ou a)
. xX
TABUMNA R KR aK
By

## Page 15

2.4
Let g(y) = 4y — 2. Calculate the arc length of the graph of g(y) over the interval [2, 7].
Enter an exact answer.
Arc Length = | units

## Page 16

2.4
3
Let g(y) = = -1+ +. Calculate the arc length of the graph of g(y) over the interval [1, 3].
Enter an exact answer.

## Page 17

2.4
Let f(x) = 2 — +. Calculate the arc length of the graph of x = g(y) over the interval x = 2 to
x=5.
Enter an exact answer.","Machine OCR generated with tesseract from rendered PDF pages; math/formula fidelity is imperfect, but text is attached for search and indexing."
MTH-252,119223595,parsed,Lecture-3.1-3.2.pdf,"# Lecture-3.1-3.2.pdf

Machine OCR text from rendered PDF page images. Formula transcription may be noisy; rendered PNG pages are retained under /Users/jake/Developer/SU26/canvas/indexer/output/ocr_images/mth_119223595.

## Page 1

| f* 2
N1CGKAA/OWm 2 AAA
—— —_—_—_— =—S ——————
7
KAA * Y = Ux “Vey ie ‘ f
(= ee
Tamora! ce
/ ALLL 7 j
Cd Oe + WK) VO) AK = t
G:
J Uv tv oe = UV +t
Se
, é
uu oA, erant ble —__——
( Ua = ‘iV = ALA
[Not] fia ua x* =P du = av ok
{
; U= = AUS 2 of
= AV= COrlX) Ak
7 [Strategy x 7 I— 7
{ OOF oye (x2 okt 2 Ais f go —

## Page 2

female) in [udv= uv = [vd
a XQ a
eo As

## Page 3

a ee
1D)
— [ x*e* oe
oO
fT )

## Page 4

3.1
Evaluate the integral below.
[so (In (5x)) dx
Be sure to place the argument of any trigonometric or logarithmic functions in parentheses in
your answer.

## Page 5

==
[reram_] L - Cotixd = ese %ty
ie) * Cotxr=t an Ck) +1 = Seo
[Examplh 1/ Solve
7 . &
C) \ sy i(k) o
€ ra] A
iC) \ Sin (xy ca UX) de

## Page 6

= | FT hemom_/ OUAg ~ Ae Oe ptrtar
° 2
A
cay | ni *te) Ax
a 7
SG) cea ral
Wore) mh Ati) =
Wote.s/  Coah *¢x.) - sinh “le) =
[|","Machine OCR generated with tesseract from rendered PDF pages; math/formula fidelity is imperfect, but text is attached for search and indexing."
PHY-212,119284452,parsed,M1-00.pdf,"# M1-00

Header: M1-00; Jacob Peterson; student ID visible on page.

## Problem 1

Set angular velocity to zero when it reverses direction:

0 = A - B t^2

t = sqrt(A / B) = sqrt(18 / 0.50) = sqrt(36) = 6.0

Answer: 6.0

## Problem 2

The disk reverses at t = 6.0 s.

Angular displacement:

Delta theta = integral from 0 to 6 of (A - B t^2) dt

Delta theta = A t - (B / 3) t^3

Delta theta = 18(6.0) - (0.50 / 3)(6.0)^3

Delta theta = 108 - 36 = 72

Answer: 72
",Manual transcription from rendered PDF image because PDF text extraction returned empty text.
PHY-212,119291668,parsed,M1-01.pdf,"# M1-01

Header: M1-01; Jacob Peterson; student ID visible on page.

## Problem 1

omega_F = omega_I + alpha t

0 = 12 + alpha(26)

alpha = -12 / 26 = -0.4615 rad/s^2

Magnitude: |alpha| = 0.46 rad/s^2

## Problem 2

The disk is initially spinning counterclockwise, so by the right-hand rule, omega points out of the page.

Since the disk is slowing down, alpha points opposite to omega.

Answer: into the page

## Problem 3

Average angular speed:

omega_avg = (omega_I + omega_F) / 2 = (12 + 0) / 2 = 6 rad/s

Angular displacement:

Delta theta = omega_avg t = (6)(26) = 156 rad

Convert to revolutions:

156 rad (1 rev / 2 pi rad) = 24.83 rev

Answer: 25 revolutions
",Manual transcription from rendered PDF image because PDF text extraction returned empty text.
