rule_id,enabled,name,sender_regex,subject_regex,description_regex,course_or_area,category,email_type,importance,priority,status,decision,approved_date,notes
AUTO-COLD-001,true,Behance inspiration,behance,new inspiration for you,,Behance,promo,routine,low,P3,noise,Auto-cold approved Behance inspiration emails.,2026-06-26,Approved by user; log every matched message.
AUTO-COLD-002,true,Handshake and Career Development promos,handshake|oregon state career development center,,,Career Development,promo,routine,low,P3,noise,Auto-cold approved Handshake/Career Development promotional messages.,2026-06-26,Approved by user; log every matched message.
AUTO-COLD-003,true,Student parent events,"student_parents|king, kristi|maes, cari",student[_ -]?parents?|student parent|beaver family|family resource center|our little village|events & opportunities|graduation celebration|connections|lunch,,Student Parents,admin,routine,low,P3,noise,Auto-cold approved Student Parent and Family Resource Center event/digest messages.,2026-06-26,Approved by user; log every matched message.
AUTO-COLD-004,true,Xfinity notices,xfinity|comcast,,,Xfinity,reference,routine,low,P3,reference,Auto-cold approved Xfinity notices.,2026-06-26,Approved by user; log every matched message.
AUTO-COLD-005,true,SLE course feedback,set_admin|osu-students|all students list,student learning experience|course feedback|sle,,SLE,admin,routine,low,P3,noise,Auto-cold approved Student Learning Experience/course feedback messages.,2026-06-26,Approved by user; log every matched message.
AUTO-COLD-006,true,MathWorks product mail,mathworks,matlab|simulink|release,,MathWorks,promo,routine,low,P3,noise,Auto-cold approved MathWorks product/release mail.,2026-06-26,Approved by user; log every matched message.
AUTO-COLD-007,true,EECS weekly digests,"ece-ungrads|eecs student resources|batten, christina",^this week (in|@) eecs,,EECS,reference,routine,low,P3,reference,Auto-cold approved EECS weekly digest messages.,2026-06-26,Approved by user; exact digest subjects only.
AUTO-COLD-008,true,Engineering Expo reminders,engineering events|all-ungrads,engineering expo,,Engineering Events,admin,routine,low,P3,noise,Auto-cold approved Engineering Expo reminders.,2026-06-26,Approved by user; log every matched message.
AUTO-COLD-009,true,HPC news and status,"cluster-users|yelle, robert brian",coe hpc news|hpc status update,,COE HPC,admin,routine,low,P3,reference,Auto-cold approved HPC news/status messages.,2026-06-26,Approved by user; log every matched message.
